# sefstars.txt -- generated by scripts/build_stars.py, do not edit.
# Source: Yale Bright Star Catalogue, 5th Revised Edition (Hoffleit & Warren
# 1991, ADC/CDS V/50), public domain. 9096 stars.
#
# Columns are the Swiss Ephemeris sefstars format:
#   traditional name, nomenclature name, equinox, RA h/m/s, Dec d/m/s,
#   pmRA (0.001"/yr * cos dec), pmDec (0.001"/yr), radial velocity (km/s),
#   parallax (0.001"), V magnitude
#
# The traditional name is HRnnnn so that every star is addressable by its
# Harvard Revised number; the nomenclature name carries the Bayer/Flamsteed
# designation where BSC5 has one.
HR0001,HR0001,2000,00,05,09.9000,+45,13,45.000,-12.00,-18.00,-18.0,0.00,6.70
HR0002,HR0002,2000,00,05,03.8000,-00,30,11.000,45.00,-60.00,14.0,0.00,6.29
HR0003,33Psc,2000,00,05,20.1000,-05,42,27.000,-9.00,89.00,-6.0,14.00,4.61
HR0004,86Peg,2000,00,05,42.0000,+13,23,46.000,45.00,-12.00,-2.0,0.00,5.51
HR0005,HR0005,2000,00,06,16.0000,+58,26,12.000,263.00,30.00,-12.0,47.00,5.96
HR0006,HR0006,2000,00,06,19.0000,-49,04,30.000,565.00,-38.00,3.0,50.00,5.70
HR0007,10Cas,2000,00,06,26.5000,+64,11,46.000,8.00,0.00,-0.0,0.00,5.59
HR0008,HR0008,2000,00,06,36.8000,+29,01,17.000,380.00,-182.00,-8.0,67.00,6.13
HR0009,HR0009,2000,00,06,50.1000,-23,06,27.000,100.00,-45.00,3.0,0.00,6.18
HR0010,HR0010,2000,00,07,18.2000,-17,23,11.000,-18.00,36.00,-9.0,0.00,6.19
HR0011,HR0011,2000,00,07,44.1000,-02,32,56.000,27.00,-2.00,13.0,0.00,6.43
HR0012,HR0012,2000,00,07,46.8000,-22,30,32.000,52.00,-44.00,-13.0,0.00,5.94
HR0013,HR0013,2000,00,08,03.5000,-33,31,46.000,-37.00,0.00,7.0,0.00,5.68
HR0014,HR0014,2000,00,08,12.1000,-02,26,52.000,9.00,-3.00,1.0,0.00,6.07
HR0015,alAnd,2000,00,08,23.3000,+29,05,26.000,136.00,-163.00,-12.0,32.00,2.06
HR0016,HR0016,2000,00,08,17.4000,-08,49,26.000,-52.00,-33.00,20.0,0.00,5.99
HR0017,HR0017,2000,00,08,41.0000,+36,37,36.000,-100.00,-145.00,-14.0,44.00,6.19
HR0018,HR0018,2000,00,08,33.4000,-17,34,39.000,0.00,-25.00,-17.0,0.00,6.06
HR0019,HR0019,2000,00,08,52.2000,+25,27,46.000,114.00,31.00,15.0,0.00,6.23
HR0020,HR0020,2000,00,09,20.2000,+79,42,53.000,102.00,-27.00,1.0,2.00,6.01
HR0021,beCas,2000,00,09,10.7000,+59,08,59.000,525.00,-181.00,12.0,72.00,2.27
HR0022,87Peg,2000,00,09,02.4000,+18,12,43.000,137.00,-24.00,-23.0,0.00,5.53
HR0023,HR0023,2000,00,09,02.4000,-54,00,07.000,51.00,16.00,1.0,9.00,6.33
HR0024,ka1Scl,2000,00,09,21.0000,-27,59,16.000,72.00,-4.00,9.0,23.00,5.42
HR0025,epPhe,2000,00,09,24.7000,-45,44,51.000,124.00,-181.00,-9.0,66.00,3.88
HR0026,34Psc,2000,00,10,02.3000,+11,08,44.000,41.00,-3.00,14.0,17.00,5.51
HR0027,22And,2000,00,10,19.3000,+46,04,20.000,8.00,0.00,-5.0,-2.00,5.03
HR0028,HR0028,2000,00,10,29.7000,+57,09,56.000,23.00,6.00,2.0,0.00,6.74
HR0029,HR0029,2000,00,10,18.8000,-05,14,55.000,36.00,-33.00,24.0,0.00,5.84
HR0030,ga3Oct,2000,00,10,02.1000,-82,13,26.000,-29.00,-20.00,15.0,0.00,5.28
HR0031,HR0031,2000,00,10,42.8000,-12,34,48.000,150.00,-38.00,6.0,0.00,5.85
HR0032,HR0032,2000,00,10,38.6000,-73,13,28.000,123.00,16.00,-14.0,0.00,6.64
HR0033,6Cet,2000,00,11,15.9000,-15,28,05.000,-77.00,-268.00,14.0,67.00,4.89
HR0034,ka2Scl,2000,00,11,34.4000,-27,47,59.000,10.00,16.00,-6.0,0.00,5.41
HR0035,thScl,2000,00,11,44.0000,-35,07,59.000,173.00,119.00,-2.0,34.00,5.25
HR0036,HR0036,2000,00,11,59.1000,+48,09,09.000,58.00,17.00,16.0,0.00,6.16
HR0037,HR0037,2000,00,12,10.0000,-17,56,18.000,56.00,-31.00,-8.0,-15.00,5.25
HR0038,HR0038,2000,00,12,50.4000,+37,41,36.000,28.00,-12.00,-10.0,0.00,6.73
HR0039,gaPeg,2000,00,13,14.2000,+15,11,01.000,3.00,-12.00,4.0,-2.00,2.83
HR0040,HR0040,2000,00,13,24.0000,+26,59,14.000,-8.00,-47.00,-13.0,6.00,6.30
HR0041,23And,2000,00,13,30.8000,+41,02,07.000,-123.00,-148.00,-29.0,24.00,5.72
HR0042,HR0042,2000,00,13,42.1000,-26,01,19.000,26.00,-69.00,-30.0,0.00,5.94
HR0043,HR0043,2000,00,13,44.2000,-26,17,05.000,-20.00,12.00,18.0,0.00,6.31
HR0044,HR0044,2000,00,14,02.3000,+33,12,22.000,-6.00,-18.00,1.0,0.00,6.25
HR0045,chPeg,2000,00,14,36.2000,+20,12,24.000,93.00,0.00,-46.0,15.00,4.80
HR0046,HR0046,2000,00,14,27.6000,-07,46,50.000,59.00,4.00,-2.0,3.00,5.12
HR0047,HR0047,2000,00,13,19.4000,-84,59,39.000,4.00,8.00,4.0,0.00,5.77
HR0048,7Cet,2000,00,14,38.4000,-18,55,58.000,-24.00,-67.00,-23.0,29.00,4.44
HR0049,HR0049,2000,00,14,56.1000,+22,17,03.000,65.00,-11.00,-15.0,0.00,6.24
HR0050,35Psc,2000,00,14,58.8000,+08,49,15.000,97.00,-28.00,1.0,17.00,5.79
HR0051,HR0051,2000,00,14,54.5000,-09,34,11.000,28.00,-11.00,17.0,0.00,5.75
HR0052,HR0052,2000,00,15,07.0000,+31,32,09.000,35.00,-5.00,2.0,0.00,6.45
HR0053,HR0053,2000,00,15,10.6000,+27,16,59.000,21.00,-31.00,-4.0,0.00,6.35
HR0054,HR0054,2000,00,14,58.2000,-34,54,16.000,73.00,-23.00,-52.0,0.00,6.17
HR0055,HR0055,2000,00,16,14.0000,+76,57,03.000,18.00,-2.00,-7.0,13.00,6.35
HR0056,HR0056,2000,00,16,21.6000,+43,35,41.000,43.00,-30.00,2.0,0.00,6.15
HR0057,HR0057,2000,00,16,08.9000,-31,26,47.000,122.00,-30.00,26.0,0.00,5.67
HR0058,HR0058,2000,00,15,55.2000,-75,54,41.000,-13.00,6.00,16.0,0.00,6.49
HR0059,36Psc,2000,00,16,34.1000,+08,14,24.000,-20.00,-19.00,1.0,0.00,6.11
HR0060,HR0060,2000,00,16,57.1000,+61,32,00.000,-1.00,-1.00,-4.0,0.00,5.74
HR0061,HR0061,2000,00,16,42.5000,-20,12,38.000,12.00,-14.00,19.0,0.00,6.47
HR0062,HR0062,2000,00,17,09.1000,+47,56,51.000,8.00,0.00,-9.0,0.00,5.89
HR0063,thAnd,2000,00,17,05.5000,+38,40,54.000,-50.00,-19.00,1.0,22.00,4.61
HR0064,HR0064,2000,00,16,49.0000,-78,46,50.000,77.00,-43.00,-13.0,0.00,6.77
HR0065,HR0065,2000,00,17,43.0000,+51,25,59.000,-5.00,-4.00,-35.0,0.00,6.14
HR0066,HR0066,2000,00,17,32.6000,-19,03,04.000,15.00,3.00,-5.0,0.00,6.45
HR0067,HR0067,2000,00,17,47.7000,+01,41,20.000,95.00,12.00,-9.0,0.00,6.17
HR0068,siAnd,2000,00,18,19.7000,+36,47,07.000,-63.00,-41.00,-8.0,23.00,4.52
HR0069,HR0069,2000,00,18,17.2000,+11,12,21.000,-36.00,-38.00,9.0,0.00,6.05
HR0070,26And,2000,00,18,42.1000,+43,47,28.000,20.00,-3.00,7.0,0.00,6.11
HR0071,HR0071,2000,00,18,38.3000,+31,31,02.000,58.00,-6.00,-5.0,0.00,5.87
HR0072,HR0072,2000,00,18,41.8000,-08,03,10.000,413.00,-139.00,-10.0,53.00,6.46
HR0073,HR0073,2000,00,18,42.6000,-43,14,07.000,56.00,12.00,12.0,0.00,6.33
HR0074,ioCet,2000,00,19,25.7000,-08,49,26.000,-14.00,-36.00,19.0,13.00,3.56
HR0075,HR0075,2000,00,19,41.6000,+40,43,47.000,-26.00,-10.00,-38.0,0.00,6.33
HR0076,HR0076,2000,00,20,05.2000,+48,51,55.000,5.00,-17.00,-3.0,0.00,6.52
HR0077,zeTuc,2000,00,20,04.3000,-64,52,29.000,1705.00,1164.00,9.0,134.00,4.23
HR0078,HR0078,2000,00,20,24.4000,+30,56,09.000,21.00,4.00,4.0,0.00,5.90
HR0079,HR0079,2000,00,20,45.5000,+32,54,41.000,-26.00,-14.00,-36.0,0.00,5.79
HR0080,41Psc,2000,00,20,35.9000,+08,11,25.000,-2.00,8.00,16.0,0.00,5.37
HR0081,HR0081,2000,00,20,54.5000,+10,58,37.000,-46.00,-28.00,-18.0,5.00,6.56
HR0082,rhAnd,2000,00,21,07.3000,+37,58,07.000,60.00,-40.00,9.0,17.00,5.18
HR0083,piTuc,2000,00,20,39.0000,-69,37,30.000,-7.00,0.00,12.0,11.00,5.51
HR0084,ioScl,2000,00,21,31.2000,-28,58,54.000,40.00,-74.00,21.0,27.00,5.18
HR0085,HR0085,2000,00,21,46.3000,-20,03,28.000,71.00,-5.00,29.0,0.00,5.12
HR0086,42Psc,2000,00,22,25.5000,+13,28,57.000,62.00,21.00,3.0,0.00,6.23
HR0087,HR0087,2000,00,21,28.6000,-77,25,37.000,2.00,-10.00,21.0,0.00,5.97
HR0088,9Cet,2000,00,22,51.8000,-12,12,34.000,394.00,61.00,-7.0,49.00,6.39
HR0089,HR0089,2000,00,23,12.6000,-31,02,10.000,29.00,-3.00,1.0,0.00,6.55
HR0090,HR0090,2000,00,24,02.0000,+38,34,38.000,-7.00,-23.00,-11.0,0.00,7.39
HR0091,HR0091,2000,00,24,15.6000,+52,01,12.000,13.00,-4.00,-7.0,4.00,5.57
HR0093,12Cas,2000,00,24,47.5000,+61,49,52.000,12.00,-1.00,-4.0,15.00,5.40
HR0094,HR0094,2000,00,24,29.7000,-02,13,09.000,-33.00,-44.00,15.0,0.00,6.07
HR0096,HR0096,2000,00,25,06.4000,+53,02,49.000,23.00,-2.00,10.0,0.00,5.74
HR0097,44Psc,2000,00,25,24.2000,+01,56,23.000,-13.00,-15.00,-4.0,0.00,5.77
HR0098,beHyi,2000,00,25,45.1000,-77,15,15.000,2215.00,324.00,23.0,153.00,2.80
HR0099,alPhe,2000,00,26,17.0000,-42,18,22.000,203.00,-396.00,75.0,35.00,2.39
HR0100,kaPhe,2000,00,26,12.2000,-43,40,48.000,109.00,29.00,11.0,72.00,3.94
HR0101,10Cet,2000,00,26,37.4000,-00,02,59.000,73.00,-1.00,-23.0,0.00,6.19
HR0102,HR0102,2000,00,27,14.7000,-25,32,50.000,36.00,-19.00,-3.0,0.00,5.98
HR0103,47Psc,2000,00,28,02.9000,+17,53,35.000,117.00,21.00,6.0,16.00,5.06
HR0104,HR0104,2000,00,28,13.7000,+44,23,40.000,89.00,-16.00,2.0,13.00,5.17
HR0105,etScl,2000,00,27,55.7000,-33,00,26.000,-19.00,-52.00,11.0,-14.00,4.81
HR0106,48Psc,2000,00,28,12.7000,+16,26,42.000,19.00,-15.00,-7.0,0.00,6.06
HR0107,HR0107,2000,00,28,20.1000,+10,11,23.000,46.00,-207.00,-10.0,33.00,6.04
HR0108,HR0108,2000,00,28,21.1000,-20,20,06.000,-116.00,-114.00,6.0,34.00,6.43
HR0109,HR0109,2000,00,28,26.4000,-39,54,54.000,130.00,-36.00,32.0,15.00,5.43
HR0110,HR0110,2000,00,28,56.6000,+36,54,00.000,-11.00,3.00,10.0,0.00,6.26
HR0111,HR0111,2000,00,28,43.1000,-50,31,58.000,150.00,-2.00,6.0,0.00,6.26
HR0112,HR0112,2000,00,30,55.0000,+77,01,10.000,337.00,-38.00,19.0,23.00,6.21
HR0113,HR0113,2000,00,30,19.9000,+59,58,38.000,17.00,-12.00,-17.0,2.00,5.94
HR0114,28And,2000,00,30,07.3000,+29,45,06.000,41.00,-54.00,-10.0,1.00,5.23
HR0115,HR0115,2000,00,29,51.9000,-14,51,51.000,144.00,-32.00,3.0,0.00,6.14
HR0116,HR0116,2000,00,29,48.9000,-32,07,00.000,-4.00,-54.00,1.0,0.00,6.57
HR0117,12Cet,2000,00,30,02.4000,-03,57,26.000,11.00,-12.00,5.0,0.00,5.72
HR0118,HR0118,2000,00,30,22.7000,-23,47,16.000,-24.00,13.00,-0.0,18.00,5.19
HR0119,HR0119,2000,00,30,27.8000,-40,56,22.000,-1.00,21.00,-5.0,0.00,6.19
HR0120,HR0120,2000,00,30,26.1000,-48,12,54.000,129.00,-88.00,2.0,0.00,5.69
HR0121,13Cas,2000,00,31,25.3000,+66,31,10.000,23.00,-6.00,-10.0,0.00,6.18
HR0122,HR0122,2000,00,31,25.6000,+33,34,54.000,47.00,-19.00,9.0,0.00,5.87
HR0123,laCas,2000,00,31,46.4000,+54,31,20.000,45.00,-10.00,-12.0,30.00,4.73
HR0124,HR0124,2000,00,31,41.2000,+52,50,22.000,-53.00,-19.00,-52.0,8.00,5.60
HR0125,la1Phe,2000,00,31,25.0000,-48,48,13.000,143.00,17.00,-2.0,27.00,4.77
HR0126,be1Tuc,2000,00,31,32.7000,-62,57,29.000,90.00,-54.00,14.0,30.00,4.37
HR0127,be2Tuc,2000,00,31,33.6000,-62,57,57.000,101.00,-56.00,10.0,30.00,4.54
HR0128,HR0128,2000,00,32,26.8000,+43,29,41.000,18.00,-10.00,-15.0,0.00,6.70
HR0129,HR0129,2000,00,33,19.3000,+70,58,54.000,28.00,-4.00,-10.0,0.00,6.42
HR0130,kaCas,2000,00,33,00.0000,+62,55,54.000,3.00,-3.00,-2.0,0.00,4.16
HR0131,52Psc,2000,00,32,35.5000,+20,17,40.000,135.00,-47.00,-13.0,32.00,5.38
HR0132,51Psc,2000,00,32,23.8000,+06,57,20.000,35.00,2.00,17.0,0.00,5.67
HR0133,HR0133,2000,00,32,34.5000,+27,34,50.000,-17.00,-15.00,2.0,0.00,6.67
HR0134,HR0134,2000,00,32,49.1000,+28,16,49.000,-6.00,7.00,-12.0,6.00,6.30
HR0135,HR0135,2000,00,33,10.4000,+54,53,42.000,71.00,-42.00,-35.0,0.00,5.93
HR0136,be3Tuc,2000,00,32,43.8000,-63,01,52.000,81.00,-38.00,5.0,49.00,5.09
HR0137,16Cas,2000,00,34,24.9000,+66,45,01.000,21.00,0.00,-16.0,0.00,6.48
HR0138,HR0138,2000,00,33,41.1000,-29,33,30.000,-26.00,-30.00,-9.0,0.00,5.55
HR0139,thTuc,2000,00,33,23.3000,-71,15,58.000,67.00,-12.00,2.0,0.00,6.13
HR0140,HR0140,2000,00,34,27.8000,-52,22,23.000,230.00,32.00,35.0,38.00,5.57
HR0141,HR0141,2000,00,34,55.3000,+13,22,16.000,-90.00,-57.00,-19.0,0.00,6.40
HR0142,13Cet,2000,00,35,14.9000,-03,35,34.000,413.00,-26.00,9.0,60.00,5.20
HR0143,14Cet,2000,00,35,32.8000,-00,30,20.000,146.00,-66.00,6.0,0.00,5.93
HR0144,HR0144,2000,00,36,08.3000,+54,10,07.000,22.00,0.00,1.0,0.00,5.08
HR0145,HR0145,2000,00,35,54.7000,+13,12,24.000,-143.00,-189.00,-25.0,20.00,6.41
HR0146,HR0146,2000,00,36,27.3000,+60,19,34.000,-1.00,-3.00,-9.0,0.00,5.79
HR0147,la2Phe,2000,00,35,41.1000,-48,00,03.000,45.00,-104.00,8.0,0.00,5.51
HR0148,HR0148,2000,00,35,33.4000,-54,49,19.000,27.00,-54.00,-10.0,0.00,6.06
HR0149,HR0149,2000,00,36,20.0000,+27,15,17.000,11.00,-16.00,1.0,0.00,6.50
HR0150,HR0150,2000,00,36,03.0000,-14,58,25.000,-83.00,-79.00,12.0,0.00,6.45
HR0151,HR0151,2000,00,36,06.9000,-22,50,33.000,-72.00,-52.00,13.0,0.00,6.06
HR0152,HR0152,2000,00,36,46.6000,+44,29,19.000,-23.00,33.00,-33.0,7.00,5.13
HR0153,zeCas,2000,00,36,58.3000,+53,53,49.000,19.00,-9.00,2.0,4.00,3.66
HR0154,piAnd,2000,00,36,52.9000,+33,43,10.000,15.00,-4.00,9.0,-3.00,4.36
HR0155,53Psc,2000,00,36,47.3000,+15,13,54.000,2.00,-15.00,-9.0,0.00,5.89
HR0156,HR0156,2000,00,37,07.2000,+24,00,51.000,-14.00,-44.00,-1.0,0.00,6.47
HR0157,HR0157,2000,00,37,21.1000,+35,23,58.000,-16.00,-5.00,-0.0,0.00,5.48
HR0158,HR0158,2000,00,39,47.3000,+82,29,38.000,-111.00,78.00,-33.0,28.00,6.40
HR0159,HR0159,2000,00,37,20.7000,-24,46,02.000,1390.00,-12.00,17.0,76.00,5.57
HR0160,HR0160,2000,00,36,37.4000,-65,07,29.000,29.00,-20.00,20.0,0.00,6.42
HR0161,HR0161,2000,00,37,30.5000,+03,08,07.000,95.00,-61.00,4.0,0.00,6.39
HR0162,HR0162,2000,00,37,18.1000,-54,23,39.000,56.00,-21.00,-6.0,0.00,6.41
HR0163,epAnd,2000,00,38,33.3000,+29,18,42.000,-227.00,-254.00,-84.0,31.00,4.37
HR0164,HR0164,2000,00,39,09.9000,+49,21,16.000,8.00,-11.00,-8.0,0.00,5.43
HR0165,deAnd,2000,00,39,19.7000,+30,51,39.000,136.00,-91.00,-7.0,28.00,3.27
HR0166,54Psc,2000,00,39,21.8000,+21,15,02.000,-464.00,-370.00,-34.0,99.00,5.87
HR0167,55Psc,2000,00,39,55.6000,+21,26,18.000,28.00,-35.00,-17.0,9.00,5.36
HR0168,alCas,2000,00,40,30.5000,+56,32,14.000,53.00,-32.00,-4.0,16.00,2.23
HR0169,HR0169,2000,00,38,40.8000,-73,08,14.000,-17.00,20.00,21.0,0.00,6.85
HR0170,HR0170,2000,00,39,57.9000,-33,57,42.000,333.00,-116.00,-11.0,20.00,6.69
HR0171,HR0171,2000,00,39,52.0000,-44,47,48.000,45.00,0.00,8.0,0.00,6.01
HR0172,HR0172,2000,00,40,28.6000,-16,31,01.000,37.00,-40.00,48.0,0.00,6.49
HR0173,HR0173,2000,00,40,32.9000,-23,48,16.000,644.00,-333.00,-53.0,43.00,6.14
HR0174,HR0174,2000,00,40,42.4000,-04,21,07.000,-13.00,-13.00,35.0,0.00,5.91
HR0175,32And,2000,00,41,07.2000,+39,27,31.000,-10.00,-7.00,-5.0,10.00,5.33
HR0176,HR0176,2000,00,40,26.4000,-59,27,16.000,889.00,448.00,2.0,58.00,5.89
HR0177,HR0177,2000,00,42,03.4000,+66,08,51.000,-13.00,-9.00,-3.0,0.00,5.83
HR0178,HR0178,2000,00,41,36.0000,+24,37,45.000,107.00,-16.00,-15.0,0.00,6.04
HR0179,xiCas,2000,00,42,03.9000,+50,30,45.000,15.00,-5.00,-10.0,0.00,4.80
HR0180,muPhe,2000,00,41,19.6000,-46,05,06.000,-14.00,-2.00,19.0,4.00,4.59
HR0181,HR0181,2000,00,42,31.1000,+58,45,12.000,36.00,-7.00,-3.0,0.00,6.17
HR0183,xiPhe,2000,00,41,46.4000,-56,30,06.000,85.00,44.00,10.0,0.00,5.70
HR0184,piCas,2000,00,43,28.1000,+47,01,29.000,-20.00,-34.00,13.0,23.00,4.94
HR0185,la1Scl,2000,00,42,42.9000,-38,27,48.000,3.00,-5.00,10.0,0.00,6.06
HR0186,HR0186,2000,00,42,41.8000,-60,15,45.000,255.00,-45.00,26.0,0.00,5.98
HR0187,rhTuc,2000,00,42,28.4000,-65,28,05.000,53.00,42.00,14.0,38.00,5.39
HR0188,beCet,2000,00,43,35.4000,-17,59,12.000,234.00,33.00,13.0,61.00,2.04
HR0189,HR0189,2000,00,44,26.4000,+47,51,51.000,-26.00,15.00,-60.0,0.00,5.67
HR0190,HR0190,2000,00,43,50.2000,-12,00,42.000,7.00,-204.00,-9.0,0.00,6.02
HR0191,etPhe,2000,00,43,21.2000,-57,27,47.000,-6.00,11.00,2.0,46.00,4.36
HR0192,21Cas,2000,00,45,39.0000,+74,59,17.000,-18.00,-26.00,9.0,0.00,5.66
HR0193,omiCas,2000,00,44,43.5000,+48,17,04.000,19.00,-8.00,-17.0,0.00,4.54
HR0194,ph1Cet,2000,00,44,11.4000,-10,36,34.000,-9.00,-113.00,1.0,22.00,4.76
HR0195,la2Scl,2000,00,44,12.1000,-38,25,18.000,244.00,113.00,27.0,10.00,5.90
HR0196,HR0196,2000,00,45,17.2000,+55,13,18.000,-25.00,2.00,-9.0,12.00,5.42
HR0197,HR0197,2000,00,44,44.4000,-22,00,22.000,-66.00,83.00,12.0,48.00,5.24
HR0198,HR0198,2000,00,44,57.1000,-42,40,36.000,-86.00,-102.00,10.0,0.00,5.94
HR0199,HR0199,2000,00,44,32.3000,-62,29,52.000,143.00,-5.00,-4.0,0.00,6.07
HR0200,HR0200,2000,00,46,39.0000,+69,19,30.000,196.00,1.00,-14.0,0.00,6.33
HR0201,HR0201,2000,00,45,24.1000,-04,37,45.000,28.00,33.00,7.0,0.00,6.15
HR0202,HR0202,2000,00,45,00.0000,-53,42,54.000,230.00,0.00,14.0,0.00,6.15
HR0203,18Cet,2000,00,45,28.7000,-12,52,51.000,-34.00,-201.00,-13.0,0.00,6.15
HR0204,HR0204,2000,00,46,15.1000,+55,18,19.000,15.00,-12.00,-8.0,0.00,6.52
HR0205,HR0205,2000,00,46,10.9000,+44,51,41.000,28.00,-9.00,0.0,0.00,6.05
HR0206,HR0206,2000,00,45,41.7000,-16,25,27.000,14.00,-5.00,-0.0,0.00,6.47
HR0207,HR0207,2000,00,46,42.4000,+59,34,28.000,-8.00,-1.00,-15.0,0.00,6.39
HR0208,23Cas,2000,00,47,46.1000,+74,50,51.000,15.00,-9.00,-3.0,0.00,5.41
HR0209,HR0209,2000,00,45,45.6000,-47,33,06.000,184.00,86.00,-11.0,49.00,5.80
HR0210,HR0210,2000,00,46,11.8000,-22,31,19.000,201.00,-6.00,-15.0,21.00,5.50
HR0211,57Psc,2000,00,46,33.0000,+15,28,32.000,-27.00,-44.00,-27.0,15.00,5.38
HR0212,HR0212,2000,00,48,09.1000,+72,40,30.000,130.00,24.00,1.0,0.00,5.87
HR0213,58Psc,2000,00,47,01.5000,+11,58,26.000,58.00,-36.00,-1.0,0.00,5.50
HR0214,59Psc,2000,00,47,13.6000,+19,34,44.000,104.00,11.00,0.0,0.00,6.13
HR0215,zeAnd,2000,00,47,20.3000,+24,16,02.000,-100.00,-83.00,-24.0,37.00,4.06
HR0216,60Psc,2000,00,47,23.6000,+06,44,27.000,14.00,-15.00,14.0,0.00,5.99
HR0217,61Psc,2000,00,47,54.8000,+20,55,31.000,157.00,6.00,1.0,22.00,6.54
HR0218,HR0218,2000,00,47,43.3000,-18,03,41.000,43.00,31.00,2.0,0.00,5.70
HR0219,etCas,2000,00,49,06.0000,+57,48,57.000,1100.00,-529.00,9.0,176.00,3.44
HR0220,HR0220,2000,00,48,01.1000,-21,43,21.000,28.00,-11.00,21.0,0.00,5.57
HR0221,62Psc,2000,00,48,17.4000,+07,18,00.000,111.00,4.00,-0.0,0.00,5.93
HR0222,HR0222,2000,00,48,23.0000,+05,16,50.000,758.00,-1146.00,-13.0,145.00,5.75
HR0223,nuCas,2000,00,48,50.1000,+50,58,06.000,35.00,-6.00,9.0,0.00,4.89
HR0224,dePsc,2000,00,48,41.0000,+07,35,06.000,85.00,-52.00,32.0,19.00,4.43
HR0225,64Psc,2000,00,48,58.7000,+16,56,26.000,-3.00,-204.00,2.0,47.00,5.07
HR0226,nuAnd,2000,00,49,48.8000,+41,04,44.000,23.00,-19.00,-24.0,0.00,4.53
HR0227,HR0227,2000,00,49,25.6000,-13,33,41.000,105.00,-104.00,4.0,0.00,5.59
HR0228,HR0228,2000,00,49,13.9000,-24,08,11.000,78.00,-51.00,23.0,0.00,5.90
HR0229,HR0229,2000,00,48,56.7000,-46,41,52.000,-8.00,17.00,12.0,0.00,6.27
HR0230,65Psc,2000,00,49,52.8000,+27,42,39.000,84.00,-10.00,5.0,11.00,7.00
HR0231,65Psc,2000,00,49,53.2000,+27,42,37.000,91.00,-9.00,7.0,11.00,7.10
HR0232,HR0232,2000,00,49,33.4000,-23,21,42.000,-8.00,0.00,12.0,0.00,6.28
HR0233,HR0233,2000,00,50,43.6000,+64,14,51.000,30.00,-12.00,3.0,0.00,5.39
HR0234,HR0234,2000,00,50,18.3000,+45,00,08.000,65.00,6.00,2.0,0.00,6.15
HR0235,ph2Cet,2000,00,50,07.6000,-10,38,40.000,-226.00,-229.00,8.0,65.00,5.19
HR0236,laHyi,2000,00,48,35.4000,-74,55,24.000,130.00,-33.00,-9.0,25.00,5.07
HR0237,HR0237,2000,00,51,16.4000,+61,48,21.000,-2.00,6.00,-6.0,0.00,6.07
HR0238,HR0238,2000,00,50,57.4000,+51,30,29.000,135.00,-3.00,2.0,0.00,6.39
HR0239,HR0239,2000,00,50,03.7000,-43,23,41.000,11.00,16.00,15.0,0.00,6.48
HR0240,HR0240,2000,00,54,53.1000,+83,42,26.000,62.00,-22.00,12.0,0.00,5.62
HR0241,HR0241,2000,00,51,33.7000,+51,34,16.000,-10.00,-19.00,-14.0,0.00,6.21
HR0242,rhPhe,2000,00,50,41.2000,-50,59,13.000,67.00,39.00,22.0,5.00,5.22
HR0243,HR0243,2000,00,51,18.3000,+03,23,06.000,16.00,-67.00,6.0,0.00,6.37
HR0244,HR0244,2000,00,53,04.1000,+61,07,27.000,-71.00,172.00,21.0,66.00,4.82
HR0245,HR0245,2000,00,51,52.1000,-43,42,33.000,25.00,-13.00,13.0,7.00,6.90
HR0246,HR0246,2000,00,52,53.4000,+38,32,55.000,29.00,-21.00,16.0,0.00,6.69
HR0247,HR0247,2000,00,52,40.6000,-24,00,21.000,35.00,35.00,34.0,7.00,5.46
HR0248,20Cet,2000,00,53,00.5000,-01,08,39.000,8.00,-17.00,16.0,-3.00,4.77
HR0249,HR0249,2000,00,53,28.2000,+37,25,05.000,13.00,-46.00,-6.0,0.00,6.06
HR0250,HR0250,2000,00,53,47.6000,+52,41,21.000,76.00,-26.00,-1.0,13.00,6.27
HR0251,HR0251,2000,00,53,12.4000,-24,46,37.000,98.00,37.00,-4.0,6.00,6.46
HR0252,la1Tuc,2000,00,52,24.3000,-69,30,16.000,-7.00,-86.00,30.0,0.00,6.22
HR0253,up1Cas,2000,00,55,00.1000,+58,58,22.000,-32.00,-43.00,-23.0,6.00,4.83
HR0254,66Psc,2000,00,54,35.2000,+19,11,18.000,18.00,-14.00,10.0,14.00,5.74
HR0255,21Cet,2000,00,54,17.6000,-08,44,27.000,18.00,-52.00,45.0,0.00,6.16
HR0256,HR0256,2000,00,55,05.2000,+48,40,43.000,-22.00,-6.00,-52.0,0.00,6.27
HR0257,HR0257,2000,00,53,37.9000,-62,52,17.000,73.00,4.00,-10.0,0.00,5.70
HR0258,36And,2000,00,54,58.0000,+23,37,42.000,131.00,-31.00,2.0,22.00,5.47
HR0259,HR0259,2000,00,55,14.7000,+24,33,25.000,20.00,-15.00,-10.0,0.00,6.20
HR0260,HR0260,2000,00,56,12.9000,+57,59,48.000,37.00,-14.00,-30.0,0.00,6.21
HR0261,HR0261,2000,00,56,55.6000,+68,46,34.000,137.00,-21.00,-8.0,0.00,6.37
HR0262,67Psc,2000,00,55,58.5000,+27,12,34.000,-20.00,13.00,-8.0,0.00,6.09
HR0263,HR0263,2000,00,55,42.4000,-07,20,50.000,-7.00,-46.00,2.0,0.00,5.85
HR0264,gaCas,2000,00,56,42.5000,+60,43,00.000,26.00,-5.00,-7.0,16.00,2.47
HR0265,up2Cas,2000,00,56,39.8000,+59,10,52.000,-92.00,-46.00,-47.0,51.00,4.63
HR0266,HR0266,2000,00,56,47.1000,+60,21,46.000,32.00,-8.00,-5.0,7.00,5.55
HR0267,ph3Cet,2000,00,56,01.5000,-11,16,00.000,-20.00,-8.00,-26.0,9.00,5.31
HR0268,HR0268,2000,00,55,55.5000,-27,46,32.000,0.00,2.00,22.0,0.00,6.10
HR0269,muAnd,2000,00,56,45.2000,+38,29,58.000,152.00,33.00,8.0,39.00,3.87
HR0270,la2Tuc,2000,00,55,00.3000,-69,31,37.000,6.00,-45.00,5.0,35.00,5.45
HR0271,etAnd,2000,00,57,12.4000,+23,25,03.000,-44.00,-48.00,-10.0,9.00,4.42
HR0272,HR0272,2000,00,57,39.7000,+45,50,23.000,13.00,5.00,5.0,0.00,6.12
HR0273,HR0273,2000,00,58,31.1000,+66,21,08.000,43.00,-6.00,-10.0,0.00,5.97
HR0274,68Psc,2000,00,57,50.2000,+28,59,32.000,8.00,-8.00,-1.0,0.00,5.42
HR0275,HR0275,2000,00,58,14.2000,+33,57,03.000,35.00,-72.00,-17.0,0.00,5.98
HR0276,HR0276,2000,00,57,54.5000,+13,41,45.000,-11.00,-13.00,15.0,0.00,6.32
HR0277,HR0277,2000,00,58,18.9000,+21,24,16.000,-6.00,-3.00,-6.0,9.00,6.37
HR0278,HR0278,2000,01,00,31.0000,+70,58,59.000,82.00,0.00,6.0,0.00,6.39
HR0279,ph4Cet,2000,00,58,43.9000,-11,22,48.000,-34.00,-19.00,-19.0,0.00,5.61
HR0280,alScl,2000,00,58,36.4000,-29,21,27.000,22.00,4.00,10.0,0.00,4.31
HR0281,HR0281,2000,00,58,22.4000,-60,41,47.000,50.00,18.00,7.0,0.00,6.23
HR0282,HR0282,2000,01,00,03.4000,+44,42,40.000,11.00,-24.00,17.0,5.00,6.84
HR0283,HR0283,2000,01,00,03.6000,+44,42,48.000,16.00,-23.00,1.0,5.00,6.04
HR0284,HR0284,2000,00,59,49.7000,+06,28,59.000,23.00,-8.00,-15.0,1.00,6.11
HR0285,HR0285,2000,01,08,44.7000,+86,15,25.000,76.00,-12.00,9.0,0.00,4.25
HR0286,HR0286,2000,01,33,50.4000,+89,00,56.000,62.00,-36.00,-10.0,0.00,6.46
HR0287,HR0287,2000,01,02,18.4000,+51,02,06.000,-4.00,-13.00,6.0,0.00,6.47
HR0288,xiScl,2000,01,01,18.3000,-38,55,00.000,69.00,45.00,-31.0,34.00,5.59
HR0289,HR0289,2000,01,03,01.5000,+47,22,34.000,88.00,-15.00,3.0,12.00,6.45
HR0290,39And,2000,01,02,54.3000,+41,20,42.000,-20.00,-10.00,4.0,0.00,5.98
HR0291,siPsc,2000,01,02,49.1000,+31,48,16.000,15.00,-28.00,10.0,0.00,5.50
HR0292,HR0292,2000,01,03,37.0000,+61,04,30.000,-6.00,4.00,-1.0,0.00,5.92
HR0293,siScl,2000,01,02,26.4000,-31,33,07.000,82.00,12.00,-8.0,0.00,5.50
HR0294,epPsc,2000,01,02,56.6000,+07,53,24.000,-78.00,23.00,7.0,27.00,4.28
HR0295,omePhe,2000,01,02,01.8000,-57,00,09.000,6.00,15.00,13.0,0.00,6.11
HR0296,25Cet,2000,01,03,02.6000,-04,50,12.000,-108.00,-106.00,15.0,0.00,5.43
HR0297,HR0297,2000,01,04,19.6000,+61,34,49.000,-70.00,-22.00,-16.0,0.00,5.84
HR0298,HR0298,2000,01,04,02.4000,+52,30,08.000,1.00,-59.00,-7.0,0.00,5.99
HR0299,HR0299,2000,01,02,49.2000,-46,23,51.000,0.00,2.00,-1.0,25.00,5.36
HR0300,HR0300,2000,01,03,17.6000,-29,31,33.000,-114.00,-30.00,57.0,0.00,6.29
HR0301,26Cet,2000,01,03,49.0000,+01,22,00.000,122.00,-42.00,6.0,24.00,6.04
HR0302,HR0302,2000,01,04,46.8000,+51,00,36.000,19.00,-2.00,-3.0,0.00,6.54
HR0303,HR0303,2000,01,04,27.6000,+29,39,31.000,84.00,-116.00,0.0,0.00,6.19
HR0304,HR0304,2000,01,02,42.9000,-65,27,22.000,4.00,0.00,35.0,0.00,6.21
HR0305,HR0305,2000,01,04,36.4000,+39,59,28.000,77.00,-22.00,11.0,0.00,6.72
HR0306,HR0306,2000,01,16,13.5000,+87,08,43.000,51.00,-27.00,-5.0,11.00,6.25
HR0307,73Psc,2000,01,04,52.6000,+05,39,23.000,28.00,-14.00,-15.0,0.00,6.00
HR0308,72Psc,2000,01,05,05.4000,+14,56,46.000,6.00,54.00,4.0,0.00,5.68
HR0309,HR0309,2000,01,06,22.8000,+62,45,42.000,102.00,-24.00,11.0,0.00,6.54
HR0310,ps1Psc,2000,01,05,40.9000,+21,28,24.000,50.00,-16.00,-3.0,16.00,5.34
HR0311,ps1Psc,2000,01,05,41.7000,+21,27,55.000,47.00,-18.00,-4.0,16.00,5.56
HR0312,HR0312,2000,01,09,12.3000,+80,00,42.000,-30.00,-38.00,-27.0,0.00,6.29
HR0313,77Psc,2000,01,05,49.2000,+04,54,30.000,22.00,-121.00,-7.0,0.00,6.35
HR0314,77Psc,2000,01,05,51.4000,+04,54,34.000,29.00,-119.00,-10.0,0.00,7.25
HR0315,27Cet,2000,01,05,36.8000,-09,58,45.000,-34.00,-33.00,12.0,0.00,6.12
HR0316,HR0316,2000,01,07,00.2000,+56,56,06.000,100.00,-110.00,-96.0,0.00,6.43
HR0317,28Cet,2000,01,06,05.1000,-09,50,22.000,30.00,4.00,11.0,0.00,5.58
HR0318,HR0318,2000,01,07,09.5000,+53,29,54.000,23.00,-1.00,7.0,0.00,6.38
HR0319,75Psc,2000,01,06,33.6000,+12,57,22.000,19.00,23.00,8.0,0.00,6.12
HR0320,HR0320,2000,01,06,07.7000,-23,59,33.000,-31.00,-41.00,33.0,0.00,6.14
HR0321,muCas,2000,01,08,16.4000,+54,55,13.000,3424.00,-1596.00,-97.0,136.00,5.17
HR0322,bePhe,2000,01,06,05.0000,-46,43,07.000,-27.00,-1.00,-1.0,21.00,3.31
HR0323,HR0323,2000,01,06,26.5000,-35,39,39.000,69.00,-23.00,18.0,0.00,6.61
HR0324,41And,2000,01,08,00.9000,+43,56,31.000,165.00,-70.00,9.0,31.00,5.03
HR0325,HR0325,2000,01,07,13.1000,-23,59,47.000,98.00,-36.00,15.0,0.00,6.37
HR0326,HR0326,2000,01,08,33.3000,+58,15,49.000,7.00,-5.00,-4.0,0.00,5.79
HR0327,78Psc,2000,01,08,01.3000,+32,00,44.000,204.00,-30.00,14.0,0.00,6.25
HR0328,ps2Psc,2000,01,07,57.2000,+20,44,21.000,87.00,-94.00,-2.0,0.00,5.55
HR0329,30Cet,2000,01,07,46.2000,-09,47,08.000,152.00,17.00,22.0,0.00,5.82
HR0330,80Psc,2000,01,08,22.2000,+05,38,59.000,-264.00,-185.00,7.0,36.00,5.52
HR0331,upPhe,2000,01,07,47.9000,-41,29,13.000,38.00,10.00,14.0,14.00,5.21
HR0332,ioTuc,2000,01,07,18.7000,-61,46,31.000,73.00,-12.00,-8.0,33.00,5.37
HR0333,HR0333,2000,01,12,16.7000,+79,40,26.000,91.00,-5.00,18.0,0.00,5.64
HR0334,etCet,2000,01,08,35.4000,-10,10,56.000,218.00,-138.00,12.0,41.00,3.45
HR0335,phAnd,2000,01,09,30.2000,+47,14,31.000,10.00,-9.00,-0.0,3.00,4.25
HR0336,31Cas,2000,01,10,39.3000,+68,46,43.000,36.00,-31.00,1.0,17.00,5.29
HR0337,beAnd,2000,01,09,43.9000,+35,37,14.000,178.00,-114.00,3.0,49.00,2.06
HR0338,zePhe,2000,01,08,23.1000,-55,14,45.000,19.00,25.00,15.0,13.00,3.92
HR0339,ps3Psc,2000,01,09,49.2000,+19,39,31.000,-6.00,9.00,-8.0,0.00,5.55
HR0340,44And,2000,01,10,18.8000,+42,04,53.000,-133.00,-43.00,-11.0,0.00,5.65
HR0341,HR0341,2000,01,10,19.4000,+25,27,28.000,0.00,-114.00,5.0,0.00,5.80
HR0342,HR0342,2000,01,11,25.6000,+64,12,10.000,40.00,-13.00,-10.0,0.00,5.55
HR0343,thCas,2000,01,11,06.2000,+55,08,59.000,229.00,-22.00,9.0,14.00,4.33
HR0344,HR0344,2000,01,10,11.5000,+15,40,27.000,31.00,-21.00,-3.0,0.00,6.06
HR0345,32Cas,2000,01,11,41.4000,+65,01,08.000,23.00,-16.00,-2.0,0.00,5.57
HR0346,32Cet,2000,01,10,12.0000,-08,54,22.000,-13.00,-36.00,-20.0,0.00,6.40
HR0347,33Cet,2000,01,10,33.6000,+02,26,44.000,0.00,-15.00,-3.0,0.00,5.95
HR0348,45And,2000,01,11,10.3000,+37,43,27.000,-12.00,-7.00,-1.0,3.00,5.81
HR0349,82Psc,2000,01,11,06.8000,+31,25,29.000,-11.00,-14.00,2.0,0.00,5.16
HR0350,HR0350,2000,01,10,07.4000,-57,41,40.000,-6.00,-121.00,88.0,0.00,6.41
HR0351,chPsc,2000,01,11,27.2000,+21,02,05.000,38.00,-11.00,16.0,15.00,4.66
HR0352,taPsc,2000,01,11,39.6000,+30,05,23.000,72.00,-35.00,30.0,23.00,4.51
HR0353,34Cet,2000,01,11,43.5000,-02,15,04.000,-62.00,-26.00,-9.0,0.00,5.94
HR0354,HR0354,2000,01,13,09.9000,+61,42,21.000,33.00,-21.00,-2.0,0.00,6.41
HR0355,HR0355,2000,01,12,34.0000,+45,20,16.000,21.00,26.00,22.0,0.00,6.11
HR0356,HR0356,2000,01,12,59.5000,+30,03,51.000,20.00,-34.00,36.0,0.00,6.19
HR0357,HR0357,2000,01,16,30.7000,+79,54,36.000,-55.00,59.00,-43.0,0.00,6.26
HR0358,HR0358,2000,01,12,23.4000,-30,48,08.000,61.00,-77.00,14.0,0.00,6.52
HR0359,HR0359,2000,01,12,45.4000,-37,51,23.000,90.00,-34.00,10.0,0.00,5.92
HR0360,phPsc,2000,01,13,44.9000,+24,35,01.000,17.00,-23.00,6.0,7.00,4.65
HR0361,zePsc,2000,01,13,43.9000,+07,34,31.000,144.00,-56.00,9.0,26.00,5.24
HR0362,zePsc,2000,01,13,45.3000,+07,34,42.000,147.00,-52.00,11.0,26.00,6.30
HR0363,HR0363,2000,01,14,05.0000,+28,31,47.000,79.00,-49.00,2.0,0.00,6.43
HR0364,87Psc,2000,01,14,07.6000,+16,08,01.000,-27.00,-26.00,-16.0,0.00,5.98
HR0365,HR0365,2000,01,16,12.1000,+71,44,38.000,6.00,4.00,-17.0,0.00,7.83
HR0366,37Cet,2000,01,14,24.0000,-07,55,23.000,127.00,273.00,22.0,56.00,5.13
HR0367,88Psc,2000,01,14,42.4000,+06,59,43.000,-11.00,-24.00,-9.0,0.00,6.03
HR0368,38Cet,2000,01,14,49.2000,-00,58,26.000,-12.00,201.00,26.0,28.00,5.70
HR0369,HR0369,2000,01,16,24.5000,+48,04,56.000,10.00,1.00,-14.0,0.00,6.61
HR0370,nuPhe,2000,01,15,11.1000,-45,31,53.000,669.00,183.00,12.0,69.00,4.96
HR0371,HR0371,2000,01,16,18.8000,+33,06,53.000,16.00,-33.00,6.0,0.00,6.02
HR0372,HR0372,2000,01,17,05.1000,+44,54,07.000,14.00,-45.00,-52.0,0.00,6.34
HR0373,39Cet,2000,01,16,36.3000,-02,30,01.000,-104.00,-63.00,-20.0,15.00,5.41
HR0374,HR0374,2000,01,17,24.1000,+31,44,41.000,-52.00,3.00,-34.0,0.00,6.73
HR0375,HR0375,2000,01,20,19.5000,+77,34,14.000,-18.00,86.00,-74.0,0.00,6.31
HR0376,HR0376,2000,01,18,10.2000,+47,25,11.000,18.00,-2.00,-1.0,0.00,6.25
HR0377,kaTuc,2000,01,15,46.1000,-68,52,34.000,399.00,107.00,9.0,61.00,4.86
HR0378,89Psc,2000,01,17,48.0000,+03,36,52.000,-46.00,-25.00,5.0,13.00,5.16
HR0379,HR0379,2000,01,18,47.0000,+37,23,10.000,-11.00,-14.00,5.0,8.00,6.46
HR0380,HR0380,2000,01,17,03.6000,-66,23,53.000,44.00,2.00,13.0,10.00,6.24
HR0381,HR0381,2000,01,21,59.1000,+76,14,20.000,63.00,-32.00,-16.0,0.00,6.38
HR0382,phCas,2000,01,20,04.9000,+58,13,54.000,0.00,-2.00,-24.0,-3.00,4.98
HR0383,upPsc,2000,01,19,28.0000,+27,15,51.000,25.00,-13.00,8.0,19.00,4.76
HR0384,35Cas,2000,01,21,05.2000,+64,39,30.000,57.00,-19.00,-15.0,0.00,6.34
HR0385,42Cet,2000,01,19,48.3000,-00,30,32.000,12.00,-14.00,14.0,9.00,5.87
HR0386,HR0386,2000,01,23,46.8000,+78,43,33.000,-9.00,-3.00,-75.0,0.00,6.07
HR0387,HR0387,2000,01,20,34.5000,-03,14,49.000,-13.00,6.00,-3.0,0.00,6.23
HR0388,HR0388,2000,01,20,27.8000,-11,14,20.000,-47.00,-74.00,-11.0,0.00,6.15
HR0389,91Psc,2000,01,21,07.4000,+28,44,17.000,27.00,-78.00,-36.0,0.00,5.23
HR0390,xiAnd,2000,01,22,20.4000,+45,31,44.000,32.00,9.00,-13.0,26.00,4.88
HR0391,HR0391,2000,01,23,21.6000,+58,08,35.000,139.00,-94.00,7.0,5.00,6.45
HR0392,HR0392,2000,01,22,37.0000,+01,43,35.000,66.00,-48.00,-16.0,0.00,6.20
HR0393,43Cet,2000,01,22,34.8000,-00,26,59.000,23.00,-14.00,14.0,0.00,6.49
HR0394,HR0394,2000,01,22,30.5000,-19,04,53.000,-56.00,-71.00,-5.0,8.00,6.35
HR0395,47And,2000,01,23,40.6000,+37,42,54.000,83.00,-22.00,13.0,0.00,5.58
HR0396,HR0396,2000,01,23,37.5000,+34,14,45.000,229.00,116.00,3.0,0.00,6.29
HR0397,HR0397,2000,01,23,24.9000,+20,28,08.000,-9.00,-7.00,-11.0,0.00,5.97
HR0398,HR0398,2000,01,25,46.5000,+70,58,48.000,16.00,-13.00,11.0,0.00,6.49
HR0399,psCas,2000,01,25,56.0000,+68,07,48.000,74.00,26.00,-12.0,13.00,4.74
HR0400,HR0400,2000,01,23,31.0000,-30,56,44.000,-12.00,-46.00,-16.0,0.00,5.84
HR0401,44Cet,2000,01,24,02.5000,-08,00,27.000,174.00,-70.00,6.0,0.00,6.21
HR0402,thCet,2000,01,24,01.4000,-08,11,00.000,-79.00,-218.00,17.0,41.00,3.60
HR0403,deCas,2000,01,25,49.0000,+60,14,07.000,297.00,-51.00,7.0,37.00,2.68
HR0404,HR0404,2000,01,24,20.6000,-06,54,53.000,42.00,3.00,32.0,23.00,5.91
HR0405,HR0405,2000,01,24,39.8000,-15,39,37.000,12.00,-5.00,13.0,0.00,6.14
HR0406,HR0406,2000,01,24,48.7000,-02,50,55.000,13.00,-30.00,-27.0,0.00,6.15
HR0407,HR0407,2000,01,25,35.7000,+23,30,42.000,32.00,-21.00,-16.0,0.00,6.18
HR0408,HR0408,2000,01,24,40.8000,-41,29,33.000,22.00,-38.00,74.0,-12.00,5.42
HR0409,HR0409,2000,01,26,18.6000,+43,27,28.000,103.00,-60.00,31.0,0.00,5.96
HR0410,HR0410,2000,01,26,08.7000,+34,34,47.000,230.00,-87.00,17.0,0.00,6.31
HR0411,HR0411,2000,01,24,41.9000,-44,31,42.000,-9.00,-18.00,-10.0,0.00,6.26
HR0412,46Cet,2000,01,25,37.2000,-14,35,56.000,39.00,-18.00,-23.0,7.00,4.90
HR0413,rhPsc,2000,01,26,15.3000,+19,10,20.000,-24.00,10.00,-9.0,38.00,5.38
HR0414,94Psc,2000,01,26,41.7000,+19,14,25.000,50.00,-61.00,-42.0,13.00,5.50
HR0415,HR0415,2000,01,27,06.2000,+34,22,39.000,154.00,-11.00,15.0,0.00,6.27
HR0416,HR0416,2000,01,26,27.3000,-00,23,55.000,44.00,-1.00,-6.0,23.00,6.41
HR0417,omeAnd,2000,01,27,39.4000,+45,24,24.000,351.00,-107.00,11.0,30.00,4.83
HR0418,HR0418,2000,01,27,26.6000,+41,06,02.000,3.00,-1.00,1.0,0.00,6.46
HR0419,HR0419,2000,01,26,53.5000,+03,32,07.000,4.00,-35.00,15.0,-16.00,6.58
HR0420,HR0420,2000,01,25,05.3000,-64,22,10.000,23.00,-19.00,23.0,0.00,5.93
HR0421,47Cet,2000,01,26,51.6000,-13,03,24.000,16.00,9.00,10.0,0.00,5.66
HR0422,HR0422,2000,01,27,47.0000,+40,20,08.000,15.00,-19.00,-1.0,0.00,6.60
HR0423,HR0423,2000,01,26,58.1000,-32,32,35.000,-11.00,-31.00,-8.0,0.00,5.79
HR0424,alUMi,2000,02,31,48.7000,+89,15,51.000,38.00,-15.00,-17.0,7.00,2.02
HR0425,HR0425,2000,01,27,46.6000,-10,54,06.000,180.00,19.00,4.0,0.00,6.13
HR0426,HR0426,2000,01,28,22.9000,+07,57,41.000,112.00,-3.00,2.0,0.00,6.20
HR0427,38Cas,2000,01,31,13.8000,+70,15,53.000,137.00,-77.00,5.0,39.00,5.81
HR0428,HR0428,2000,01,30,52.3000,+66,05,53.000,84.00,-10.00,9.0,-1.00,6.14
HR0429,gaPhe,2000,01,28,21.9000,-43,19,06.000,-14.00,-209.00,26.0,0.00,3.41
HR0430,49And,2000,01,30,06.2000,+47,00,26.000,8.00,-44.00,-11.0,15.00,5.27
HR0431,HR0431,2000,01,28,43.3000,-33,45,49.000,-55.00,-25.00,-5.0,0.00,6.58
HR0432,97Psc,2000,01,29,52.9000,+18,21,20.000,63.00,-3.00,4.0,0.00,6.02
HR0433,48Cet,2000,01,29,36.1000,-21,37,46.000,56.00,6.00,1.0,28.00,5.12
HR0434,muPsc,2000,01,30,11.1000,+06,08,38.000,294.00,-48.00,34.0,18.00,4.84
HR0435,HR0435,2000,01,29,30.4000,-46,45,23.000,-12.00,13.00,18.0,0.00,6.31
HR0436,HR0436,2000,01,30,22.9000,-26,12,28.000,45.00,2.00,-1.0,0.00,5.93
HR0437,etPsc,2000,01,31,29.0000,+15,20,45.000,28.00,-6.00,15.0,15.00,3.62
HR0438,HR0438,2000,01,32,07.6000,+34,48,00.000,-8.00,-2.00,-1.0,0.00,6.39
HR0439,HR0439,2000,01,33,25.8000,+58,19,39.000,11.00,2.00,-1.0,0.00,5.70
HR0440,dePhe,2000,01,31,15.1000,-49,04,22.000,142.00,151.00,-7.0,31.00,3.95
HR0441,HR0441,2000,01,31,43.3000,-30,17,00.000,9.00,-67.00,3.0,0.00,5.82
HR0442,chCas,2000,01,33,55.9000,+59,13,55.000,-37.00,-21.00,6.0,21.00,4.71
HR0443,HR0443,2000,01,31,39.1000,-45,34,32.000,0.00,6.00,8.0,0.00,6.17
HR0444,HR0444,2000,01,33,03.5000,-09,00,53.000,29.00,3.00,10.0,0.00,6.59
HR0445,HR0445,2000,01,32,56.0000,-36,51,55.000,2.00,-23.00,13.0,7.00,5.51
HR0446,HR0446,2000,01,34,16.6000,+37,14,14.000,9.00,-15.00,-4.0,18.00,5.88
HR0447,HR0447,2000,01,32,36.3000,-49,43,40.000,-30.00,-77.00,2.0,0.00,6.28
HR0448,HR0448,2000,01,33,42.9000,-07,01,31.000,180.00,-81.00,-15.0,0.00,5.76
HR0449,HR0449,2000,01,37,22.5000,+74,18,03.000,27.00,-9.00,-8.0,0.00,6.58
HR0450,HR0450,2000,01,34,49.1000,+18,27,38.000,33.00,-69.00,-26.0,0.00,5.89
HR0451,49Cet,2000,01,34,37.8000,-15,40,34.000,96.00,3.00,9.0,0.00,5.63
HR0452,HR0452,2000,01,35,52.5000,+41,04,35.000,139.00,-2.00,65.0,0.00,6.38
HR0453,HR0453,2000,01,34,50.7000,-31,53,32.000,-77.00,-36.00,-11.0,0.00,6.12
HR0454,HR0454,2000,01,36,27.2000,+48,43,22.000,-12.00,-17.00,-43.0,0.00,5.92
HR0455,101Psc,2000,01,35,46.4000,+14,39,41.000,4.00,-11.00,-16.0,0.00,6.22
HR0456,40Cas,2000,01,38,30.9000,+73,02,24.000,-13.00,-15.00,-5.0,17.00,5.28
HR0457,HR0457,2000,01,35,54.8000,+17,26,01.000,152.00,10.00,3.0,0.00,5.80
HR0458,upAnd,2000,01,36,47.8000,+41,24,20.000,-171.00,-382.00,-28.0,62.00,4.09
HR0459,50Cet,2000,01,35,59.0000,-15,24,01.000,23.00,11.00,24.0,0.00,5.42
HR0460,HR0460,2000,01,35,15.2000,-58,08,22.000,277.00,-35.00,1.0,11.00,6.01
HR0461,HR0461,2000,01,38,07.6000,+57,58,39.000,7.00,-6.00,-8.0,0.00,5.56
HR0462,taScl,2000,01,36,08.4000,-29,54,27.000,100.00,40.00,5.0,25.00,5.69
HR0463,piPsc,2000,01,37,05.9000,+12,08,30.000,-66.00,43.00,-1.0,0.00,5.57
HR0464,51And,2000,01,37,59.6000,+48,37,42.000,65.00,-113.00,16.0,21.00,3.57
HR0465,HR0465,2000,01,38,31.7000,+45,24,00.000,-34.00,14.00,3.0,0.00,6.36
HR0466,HR0466,2000,01,37,37.7000,-09,24,14.000,259.00,93.00,48.0,24.00,6.24
HR0467,HR0467,2000,01,33,39.2000,-78,30,17.000,-34.00,-136.00,-1.0,0.00,6.11
HR0468,HR0468,2000,01,36,44.8000,-58,16,15.000,22.00,3.00,-2.0,0.00,6.18
HR0469,chAnd,2000,01,39,21.0000,+44,23,10.000,-22.00,12.00,7.0,9.00,4.98
HR0470,HR0470,2000,01,40,13.1000,+53,52,06.000,-11.00,-2.00,-62.0,0.00,6.39
HR0471,HR0471,2000,01,38,27.4000,-36,31,42.000,-18.00,-128.00,30.0,0.00,5.94
HR0472,alEri,2000,01,37,42.9000,-57,14,12.000,95.00,-35.00,16.0,26.00,0.46
HR0473,HR0473,2000,01,38,51.8000,-21,16,31.000,131.00,36.00,14.0,0.00,5.58
HR0474,HR0474,2000,01,38,50.0000,-25,01,19.000,1.00,11.00,15.0,0.00,6.70
HR0475,105Psc,2000,01,39,40.8000,+16,24,21.000,77.00,-15.00,17.0,0.00,5.97
HR0476,HR0476,2000,01,40,39.8000,+43,17,52.000,127.00,-37.00,17.0,0.00,5.61
HR0477,taAnd,2000,01,40,34.8000,+40,34,37.000,13.00,-25.00,-14.0,0.00,4.94
HR0478,43Cas,2000,01,42,20.5000,+68,02,35.000,52.00,-9.00,5.0,0.00,5.59
HR0479,HR0479,2000,01,38,48.2000,-53,26,20.000,-27.00,-46.00,-3.0,0.00,6.84
HR0480,42Cas,2000,01,42,55.9000,+70,37,21.000,77.00,-13.00,6.0,4.00,5.18
HR0481,HR0481,2000,01,42,03.0000,+61,02,18.000,15.00,-7.00,-13.0,0.00,6.71
HR0482,HR0482,2000,01,42,17.8000,+58,37,40.000,19.00,-10.00,-4.0,0.00,6.37
HR0483,HR0483,2000,01,41,47.2000,+42,36,49.000,809.00,-154.00,4.0,81.00,4.95
HR0484,HR0484,2000,01,41,18.4000,+25,44,45.000,118.00,-40.00,5.0,23.00,6.17
HR0485,HR0485,2000,01,41,39.2000,+30,02,50.000,-15.00,-6.00,5.0,0.00,5.99
HR0486,HR0486,2000,01,39,47.4000,-56,11,53.000,310.00,-20.00,23.0,152.00,5.87
HR0487,HR0487,2000,01,39,47.8000,-56,11,41.000,279.00,20.00,20.0,152.00,5.76
HR0488,HR0488,2000,01,42,58.4000,+61,25,18.000,4.00,11.00,-5.0,0.00,6.34
HR0489,nuPsc,2000,01,41,25.9000,+05,29,15.000,-21.00,2.00,0.0,41.00,4.44
HR0490,HR0490,2000,01,42,03.5000,+35,14,44.000,49.00,-28.00,-2.0,0.00,5.64
HR0491,44Cas,2000,01,43,19.7000,+60,33,04.000,8.00,-20.00,-33.0,0.00,5.78
HR0492,HR0492,2000,01,41,44.7000,-11,19,29.000,43.00,-412.00,-10.0,35.00,5.75
HR0493,107Psc,2000,01,42,29.8000,+20,16,07.000,-296.00,-672.00,-34.0,119.00,5.24
HR0494,HR0494,2000,01,41,27.3000,-38,07,59.000,50.00,52.00,11.0,0.00,6.17
HR0495,HR0495,2000,01,43,16.5000,+45,19,20.000,146.00,-17.00,12.0,0.00,6.34
HR0496,phPer,2000,01,43,39.6000,+50,41,19.000,26.00,-14.00,1.0,25.00,4.07
HR0497,piScl,2000,01,42,08.6000,-32,19,37.000,-65.00,-25.00,10.0,-5.00,5.25
HR0498,HR0498,2000,01,42,03.0000,-36,49,57.000,-28.00,-21.00,17.0,0.00,5.72
HR0499,HR0499,2000,01,44,17.9000,+57,32,11.000,39.00,-40.00,5.0,-3.00,6.21
HR0500,HR0500,2000,01,42,43.5000,-03,41,25.000,-7.00,-32.00,-34.0,9.00,4.99
HR0501,HR0501,2000,01,41,41.1000,-50,02,20.000,-23.00,-20.00,-7.0,0.00,6.64
HR0502,HR0502,2000,01,44,46.1000,+57,05,21.000,14.00,-4.00,5.0,0.00,6.25
HR0503,HR0503,2000,01,43,50.0000,+32,11,30.000,-22.00,-7.00,-5.0,0.00,6.34
HR0504,HR0504,2000,01,44,26.5000,+46,08,23.000,-9.00,-28.00,-19.0,0.00,6.35
HR0505,HR0505,2000,01,41,48.0000,-60,47,22.000,15.00,-41.00,2.0,0.00,5.71
HR0506,HR0506,2000,01,42,29.3000,-53,44,26.000,171.00,-93.00,13.0,0.00,5.52
HR0507,HR0507,2000,01,43,54.8000,-04,45,56.000,-20.00,-32.00,20.0,0.00,6.19
HR0508,109Psc,2000,01,44,55.8000,+20,04,59.000,-41.00,-109.00,-44.0,27.00,6.27
HR0509,taCet,2000,01,44,04.1000,-15,56,15.000,-1718.00,856.00,-16.0,275.00,3.50
HR0510,omiPsc,2000,01,45,23.6000,+09,09,28.000,73.00,48.00,14.0,23.00,4.26
HR0511,HR0511,2000,01,47,44.8000,+63,51,08.000,582.00,-255.00,3.0,107.00,5.63
HR0512,HR0512,2000,01,37,55.6000,-82,58,30.000,119.00,120.00,-5.0,0.00,5.87
HR0513,HR0513,2000,01,45,59.3000,-05,44,00.000,-7.00,-33.00,11.0,0.00,5.34
HR0514,epScl,2000,01,45,38.8000,-25,03,09.000,162.00,-57.00,15.0,37.00,5.31
HR0515,HR0515,2000,01,46,35.3000,+17,24,47.000,53.00,11.00,-1.0,0.00,6.55
HR0516,ta1Hyi,2000,01,41,21.3000,-79,08,54.000,52.00,9.00,2.0,0.00,6.33
HR0517,HR0517,2000,01,46,01.0000,-27,20,57.000,95.00,-52.00,6.0,0.00,6.39
HR0518,HR0518,2000,01,47,48.0000,+46,13,47.000,14.00,-56.00,-3.0,0.00,6.32
HR0519,HR0519,2000,01,46,05.8000,-50,48,59.000,34.00,-24.00,-2.0,-23.00,5.49
HR0520,HR0520,2000,01,46,06.3000,-53,31,19.000,127.00,56.00,10.0,23.00,5.04
HR0521,HR0521,2000,01,48,38.9000,+37,57,10.000,112.00,-29.00,37.0,0.00,5.94
HR0522,4Ari,2000,01,48,10.9000,+16,57,20.000,53.00,-36.00,10.0,0.00,5.84
HR0523,HR0523,2000,01,48,41.6000,+32,41,25.000,-167.00,298.00,-27.0,38.00,5.79
HR0524,HR0524,2000,01,47,16.8000,-41,45,36.000,24.00,42.00,-13.0,0.00,6.18
HR0525,HR0525,2000,01,37,28.0000,-84,46,11.000,34.00,21.00,18.0,0.00,5.69
HR0526,HR0526,2000,01,49,15.7000,+47,53,49.000,-10.00,-2.00,-2.0,8.00,5.82
HR0527,HR0527,2000,01,48,26.0000,+03,41,08.000,-6.00,17.00,3.0,0.00,5.91
HR0528,HR0528,2000,01,47,47.8000,-37,09,35.000,8.00,11.00,15.0,0.00,6.32
HR0529,HR0529,2000,01,50,57.1000,+51,56,00.000,41.00,-120.00,-17.0,0.00,5.90
HR0530,1Ari,2000,01,50,08.5000,+22,16,31.000,-17.00,-8.00,3.0,17.00,5.86
HR0531,chCet,2000,01,49,35.1000,-10,41,11.000,-146.00,-93.00,-1.0,46.00,4.67
HR0532,HR0532,2000,01,49,19.5000,-31,04,22.000,101.00,-26.00,20.0,0.00,6.34
HR0533,1Per,2000,01,51,59.3000,+55,08,51.000,14.00,-8.00,-3.0,0.00,5.52
HR0534,HR0534,2000,01,50,52.0000,+11,02,36.000,-70.00,-27.00,11.0,0.00,5.94
HR0535,HR0535,2000,01,49,48.8000,-38,24,14.000,-3.00,233.00,22.0,22.00,6.37
HR0536,2Per,2000,01,52,09.4000,+50,47,34.000,17.00,-26.00,10.0,0.00,5.79
HR0537,HR0537,2000,01,50,20.2000,-47,48,59.000,124.00,51.00,12.0,0.00,6.14
HR0538,HR0538,2000,01,52,50.8000,+51,28,29.000,-11.00,-9.00,6.0,0.00,6.26
HR0539,zeCet,2000,01,51,27.6000,-10,20,06.000,41.00,-39.00,9.0,31.00,3.73
HR0540,HR0540,2000,01,53,48.5000,+55,35,53.000,49.00,1.00,8.0,0.00,6.45
HR0541,HR0541,2000,01,50,54.5000,-50,12,22.000,-42.00,-3.00,7.0,0.00,5.94
HR0542,epCas,2000,01,54,23.7000,+63,40,12.000,32.00,-21.00,-8.0,10.00,3.38
HR0543,55And,2000,01,53,17.3000,+40,43,47.000,-10.00,-6.00,-7.0,6.00,5.40
HR0544,alTri,2000,01,53,04.9000,+29,34,44.000,11.00,-235.00,-13.0,57.00,3.41
HR0545,ga1Ari,2000,01,53,31.8000,+19,17,45.000,78.00,-112.00,4.0,26.00,4.83
HR0546,ga2Ari,2000,01,53,31.8000,+19,17,37.000,79.00,-104.00,-1.0,26.00,4.75
HR0547,HR0547,2000,01,52,52.1000,-16,55,45.000,42.00,-53.00,-4.0,0.00,5.80
HR0548,omeCas,2000,01,56,00.0000,+68,41,07.000,13.00,-11.00,-24.0,0.00,4.99
HR0549,xiPsc,2000,01,53,33.3000,+03,11,15.000,22.00,23.00,30.0,5.00,4.62
HR0550,ta2Hyi,2000,01,47,46.5000,-80,10,36.000,-74.00,-71.00,30.0,0.00,6.06
HR0551,HR0551,2000,01,54,53.8000,+40,42,07.000,47.00,-66.00,32.0,0.00,6.24
HR0552,HR0552,2000,01,54,57.5000,+37,07,42.000,21.00,-10.00,-2.0,0.00,6.26
HR0553,beAri,2000,01,54,38.4000,+20,48,29.000,96.00,-111.00,-2.0,74.00,2.64
HR0554,HR0554,2000,01,53,23.2000,-38,35,41.000,131.00,27.00,22.0,0.00,6.10
HR0555,psPhe,2000,01,53,38.8000,-46,18,09.000,-86.00,-87.00,2.0,11.00,4.41
HR0556,HR0556,2000,01,55,54.4000,+37,16,40.000,4.00,-3.00,7.0,0.00,5.89
HR0557,56And,2000,01,56,09.3000,+37,15,06.000,182.00,6.00,59.0,0.00,5.67
HR0558,phPhe,2000,01,54,22.0000,-42,29,49.000,-28.00,-32.00,12.0,0.00,5.11
HR0559,7Ari,2000,01,55,51.0000,+23,34,38.000,9.00,-13.00,14.0,0.00,5.74
HR0560,HR0560,2000,01,55,53.8000,+01,50,59.000,158.00,184.00,30.0,25.00,6.01
HR0561,HR0561,2000,01,58,33.3000,+61,41,53.000,14.00,-8.00,7.0,0.00,6.02
HR0562,HR0562,2000,01,57,56.4000,+41,41,40.000,12.00,-14.00,3.0,0.00,6.78
HR0563,ioAri,2000,01,57,21.1000,+17,49,03.000,37.00,-18.00,-5.0,0.00,5.10
HR0564,HR0564,2000,01,57,43.8000,+27,48,16.000,26.00,-58.00,-3.0,0.00,5.82
HR0565,56Cet,2000,01,56,40.2000,-22,31,37.000,62.00,-29.00,27.0,-12.00,4.85
HR0566,chEri,2000,01,55,57.5000,-51,36,32.000,681.00,292.00,-6.0,58.00,3.70
HR0567,HR0567,2000,01,59,38.0000,+64,37,17.000,33.00,-20.00,5.0,0.00,5.26
HR0568,3Per,2000,01,58,33.6000,+49,12,15.000,10.00,38.00,-0.0,0.00,5.69
HR0569,laAri,2000,01,57,55.7000,+23,35,46.000,-90.00,-13.00,-1.0,28.00,4.79
HR0570,et2Hyi,2000,01,54,56.1000,-67,38,50.000,74.00,74.00,-16.0,0.00,4.69
HR0571,HR0571,2000,01,55,46.4000,-60,51,41.000,4.00,56.00,15.0,0.00,6.06
HR0572,HR0572,2000,02,02,57.2000,+77,54,59.000,-4.00,-2.00,-3.0,0.00,6.04
HR0573,HR0573,2000,01,57,00.1000,-51,45,58.000,359.00,248.00,4.0,56.00,6.10
HR0574,HR0574,2000,01,57,10.0000,-47,23,06.000,103.00,16.00,12.0,21.00,4.83
HR0575,48Cas,2000,02,01,57.4000,+70,54,25.000,-67.00,4.00,-5.0,35.00,4.54
HR0576,HR0576,2000,01,58,26.7000,-33,04,00.000,8.00,-20.00,1.0,0.00,6.35
HR0577,HR0577,2000,01,59,35.7000,+21,03,30.000,139.00,-22.00,-2.0,0.00,5.87
HR0578,HR0578,2000,01,59,25.9000,+12,17,41.000,8.00,-42.00,-12.0,0.00,6.09
HR0579,HR0579,2000,02,03,10.5000,+73,51,02.000,-29.00,-5.00,-5.0,4.00,6.23
HR0580,50Cas,2000,02,03,26.1000,+72,25,17.000,-45.00,22.00,-14.0,0.00,3.98
HR0581,47Cas,2000,02,05,07.4000,+77,16,53.000,125.00,-56.00,-26.0,28.00,5.38
HR0582,112Psc,2000,02,00,09.2000,+03,05,50.000,231.00,-251.00,-17.0,34.00,5.88
HR0583,57Cet,2000,01,59,46.1000,-20,49,28.000,8.00,19.00,-15.0,0.00,5.41
HR0584,HR0584,2000,01,57,53.6000,-65,25,29.000,-10.00,-13.00,12.0,0.00,6.37
HR0585,upCet,2000,02,00,00.3000,-21,04,40.000,135.00,-24.00,18.0,7.00,4.00
HR0586,52Cas,2000,02,02,52.7000,+64,54,05.000,-2.00,-15.00,-25.0,0.00,6.00
HR0587,HR0587,2000,02,00,26.9000,-08,31,25.000,96.00,-10.00,6.0,0.00,5.51
HR0588,HR0588,2000,01,59,38.8000,-42,01,50.000,-54.00,-103.00,27.0,18.00,5.57
HR0589,53Cas,2000,02,03,00.3000,+64,23,24.000,5.00,-5.00,-20.0,0.00,5.58
HR0590,4Per,2000,02,02,18.1000,+54,29,15.000,35.00,-2.00,-2.0,0.00,5.04
HR0591,alHyi,2000,01,58,46.2000,-61,34,11.000,264.00,27.00,1.0,48.00,2.86
HR0592,49Cas,2000,02,05,31.2000,+76,06,54.000,-22.00,-21.00,0.0,22.00,5.22
HR0593,siHyi,2000,01,55,50.5000,-78,20,54.000,96.00,60.00,6.0,0.00,6.16
HR0594,piFor,2000,02,01,14.7000,-30,00,06.000,-104.00,-109.00,24.0,17.00,5.35
HR0595,alPsc,2000,02,02,02.8000,+02,45,49.000,33.00,-5.00,9.0,5.00,5.23
HR0596,alPsc,2000,02,02,02.8000,+02,45,49.000,33.00,-5.00,9.0,5.00,4.33
HR0597,HR0597,2000,02,09,25.3000,+81,17,45.000,-36.00,6.00,-13.0,0.00,6.05
HR0598,HR0598,2000,02,04,40.1000,+65,06,12.000,51.00,-32.00,-4.0,0.00,6.52
HR0599,epTri,2000,02,02,58.0000,+33,17,02.000,-16.00,-13.00,3.0,10.00,5.50
HR0600,HR0600,2000,01,59,41.1000,-66,03,59.000,32.00,6.00,5.0,0.00,6.10
HR0601,HR0601,2000,02,02,35.2000,+13,28,36.000,16.00,-10.00,-7.0,0.00,5.94
HR0602,chPhe,2000,02,01,42.4000,-44,42,49.000,-28.00,-53.00,-31.0,-19.00,5.14
HR0603,ga1And,2000,02,03,54.0000,+42,19,47.000,45.00,-52.00,-12.0,13.00,2.26
HR0604,ga2And,2000,02,03,54.7000,+42,19,51.000,37.00,-55.00,-14.0,13.00,4.84
HR0605,10Ari,2000,02,03,39.3000,+25,56,08.000,134.00,22.00,16.0,25.00,5.63
HR0606,HR0606,2000,02,02,28.1000,-29,39,54.000,-33.00,27.00,12.0,0.00,6.42
HR0607,60Cet,2000,02,03,11.7000,+00,07,42.000,79.00,17.00,13.0,0.00,5.43
HR0608,HR0608,2000,02,02,58.6000,-15,18,21.000,28.00,11.00,6.0,0.00,5.86
HR0609,HR0609,2000,02,03,42.6000,+18,15,12.000,-7.00,-18.00,10.0,0.00,6.21
HR0610,61Cet,2000,02,03,48.2000,-00,20,25.000,79.00,-46.00,24.0,0.00,5.93
HR0611,HR0611,2000,02,03,40.5000,-04,06,13.000,6.00,-68.00,25.0,0.00,5.62
HR0612,nuFor,2000,02,04,29.4000,-29,17,49.000,12.00,8.00,19.0,0.00,4.69
HR0613,kaAri,2000,02,06,33.9000,+22,38,54.000,18.00,-35.00,12.0,0.00,5.03
HR0614,HR0614,2000,02,06,12.3000,+08,14,51.000,-5.00,-36.00,-26.0,0.00,6.31
HR0615,11Ari,2000,02,06,49.2000,+25,42,17.000,17.00,-11.00,-9.0,0.00,6.15
HR0616,HR0616,2000,02,06,29.3000,+00,02,06.000,64.00,-10.00,21.0,0.00,6.28
HR0617,alAri,2000,02,07,10.4000,+23,27,45.000,190.00,-148.00,-14.0,49.00,2.00
HR0618,HR0618,2000,02,08,40.5000,+58,25,25.000,-11.00,3.00,-36.0,0.00,5.67
HR0619,HR0619,2000,02,08,33.6000,+44,27,34.000,16.00,-51.00,24.0,0.00,6.42
HR0620,58And,2000,02,08,29.3000,+37,51,33.000,157.00,-44.00,8.0,6.00,4.82
HR0621,HR0621,2000,02,10,07.8000,+53,50,35.000,27.00,-43.00,10.0,0.00,6.31
HR0622,beTri,2000,02,09,32.6000,+34,59,14.000,150.00,-40.00,10.0,22.00,3.00
HR0623,14Ari,2000,02,09,25.3000,+25,56,23.000,75.00,-39.00,1.0,0.00,4.98
HR0624,HR0624,2000,02,09,23.1000,+17,13,28.000,142.00,-181.00,11.0,0.00,6.43
HR0625,HR0625,2000,02,08,45.7000,-17,46,46.000,-2.00,-32.00,14.0,0.00,6.10
HR0626,HR0626,2000,02,13,21.2000,+74,01,40.000,48.00,-37.00,-37.0,0.00,6.29
HR0627,5Per,2000,02,11,29.0000,+57,38,45.000,-13.00,5.00,-34.0,0.00,6.36
HR0628,59And,2000,02,10,52.8000,+39,02,22.000,-15.00,-18.00,1.0,10.00,5.63
HR0629,59And,2000,02,10,53.7000,+39,02,35.000,-9.00,-26.00,15.0,10.00,6.10
HR0630,HR0630,2000,02,09,34.8000,-24,20,45.000,-27.00,-44.00,20.0,0.00,6.48
HR0631,15Ari,2000,02,10,37.6000,+19,30,01.000,88.00,-28.00,60.0,0.00,5.70
HR0632,HR0632,2000,02,09,09.3000,-43,31,00.000,-48.00,-53.00,-26.0,0.00,5.85
HR0633,16Ari,2000,02,11,12.0000,+25,56,13.000,-7.00,-10.00,-19.0,0.00,6.02
HR0634,5Tri,2000,02,11,25.0000,+31,31,35.000,35.00,-13.00,11.0,0.00,6.23
HR0635,64Cet,2000,02,11,21.1000,+08,34,11.000,-139.00,-112.00,-18.0,34.00,5.63
HR0636,HR0636,2000,02,10,04.9000,-43,48,56.000,59.00,-9.00,41.0,0.00,6.32
HR0637,HR0637,2000,02,10,25.6000,-50,49,28.000,2119.00,641.00,53.0,90.00,6.12
HR0638,HR0638,2000,02,11,22.2000,-10,03,08.000,-22.00,-166.00,11.0,0.00,6.01
HR0639,63Cet,2000,02,11,35.8000,-01,49,31.000,-8.00,-31.00,32.0,0.00,5.93
HR0640,55Cas,2000,02,14,29.1000,+66,31,28.000,-6.00,-6.00,-12.0,0.00,6.07
HR0641,HR0641,2000,02,13,41.5000,+58,33,40.000,-12.00,20.00,-41.0,0.00,6.44
HR0642,6Tri,2000,02,12,22.3000,+30,18,11.000,-64.00,-63.00,-18.0,4.00,4.94
HR0643,60And,2000,02,13,13.3000,+44,13,54.000,-20.00,-16.00,-46.0,0.00,4.83
HR0644,HR0644,2000,02,12,37.5000,+24,10,04.000,41.00,-6.00,-1.0,0.00,5.96
HR0645,HR0645,2000,02,13,36.3000,+51,03,57.000,346.00,-171.00,27.0,9.00,5.31
HR0646,etAri,2000,02,12,48.1000,+21,12,39.000,161.00,3.00,6.0,0.00,5.27
HR0647,HR0647,2000,02,14,02.6000,+47,29,03.000,-63.00,-59.00,-8.0,36.00,6.06
HR0648,19Ari,2000,02,13,03.3000,+15,16,47.000,97.00,-23.00,23.0,0.00,5.71
HR0649,xi1Cet,2000,02,13,00.0000,+08,50,48.000,-22.00,-9.00,-4.0,22.00,4.37
HR0650,66Cet,2000,02,12,47.5000,-02,23,37.000,370.00,-69.00,-3.0,45.00,5.54
HR0651,HR0651,2000,02,13,00.9000,-21,00,01.000,50.00,35.00,38.0,0.00,5.86
HR0652,muFor,2000,02,12,54.5000,-30,43,26.000,18.00,6.00,10.0,64.00,5.28
HR0653,HR0653,2000,02,15,57.9000,+47,48,41.000,62.00,-71.00,16.0,0.00,6.33
HR0654,HR0654,2000,02,16,51.7000,+57,03,19.000,1.00,-2.00,-42.0,0.00,6.48
HR0655,7Tri,2000,02,15,56.2000,+33,21,32.000,-17.00,-38.00,-1.0,0.00,5.28
HR0656,20Ari,2000,02,15,46.0000,+25,46,59.000,176.00,-63.00,26.0,0.00,5.79
HR0657,21Ari,2000,02,15,42.8000,+25,02,35.000,-88.00,-87.00,-44.0,15.00,5.58
HR0658,HR0658,2000,02,15,28.3000,-09,27,56.000,-3.00,31.00,-1.0,0.00,6.55
HR0659,HR0659,2000,02,14,32.0000,-41,10,00.000,-13.00,-28.00,14.0,0.00,5.91
HR0660,deTri,2000,02,17,03.2000,+34,13,27.000,1154.00,-245.00,-6.0,93.00,4.87
HR0661,8Per,2000,02,17,59.9000,+57,53,59.000,63.00,5.00,3.0,0.00,5.75
HR0662,7Per,2000,02,18,04.5000,+57,31,00.000,-19.00,6.00,-11.0,0.00,5.98
HR0663,HR0663,2000,02,17,33.4000,+44,18,25.000,41.00,83.00,-45.0,0.00,6.70
HR0664,gaTri,2000,02,17,18.9000,+33,50,50.000,47.00,-51.00,14.0,39.00,4.01
HR0665,HR0665,2000,02,17,10.4000,+23,46,04.000,-33.00,-39.00,-13.0,0.00,6.55
HR0666,67Cet,2000,02,16,59.0000,-06,25,20.000,93.00,-108.00,7.0,0.00,5.51
HR0667,pi1Hyi,2000,02,14,14.7000,-67,50,30.000,37.00,37.00,26.0,13.00,5.55
HR0668,HR0668,2000,02,20,12.9000,+64,20,14.000,-19.00,18.00,-26.0,0.00,6.60
HR0669,thAri,2000,02,18,07.5000,+19,54,04.000,-13.00,-2.00,6.0,0.00,5.62
HR0670,62And,2000,02,19,16.8000,+47,22,48.000,-59.00,-8.00,-30.0,15.00,5.30
HR0671,HR0671,2000,02,19,10.9000,+46,28,21.000,-14.00,-9.00,-15.0,0.00,6.21
HR0672,HR0672,2000,02,18,01.4000,+01,45,28.000,368.00,369.00,27.0,38.00,5.58
HR0673,HR0673,2000,02,19,22.7000,+48,57,19.000,-93.00,68.00,-19.0,0.00,6.37
HR0674,phEri,2000,02,16,30.6000,-51,30,44.000,96.00,-27.00,10.0,0.00,3.56
HR0675,10Tri,2000,02,18,57.0000,+28,38,33.000,11.00,-6.00,3.0,0.00,5.03
HR0676,HR0676,2000,02,18,58.0000,+23,10,04.000,0.00,-5.00,-13.0,0.00,6.46
HR0677,HR0677,2000,02,19,37.3000,+39,50,06.000,33.00,-10.00,-8.0,0.00,6.63
HR0678,pi2Hyi,2000,02,15,28.5000,-67,44,47.000,35.00,-16.00,17.0,0.00,5.69
HR0679,HR0679,2000,02,20,41.4000,+47,18,39.000,7.00,-7.00,2.0,0.00,6.11
HR0680,HR0680,2000,02,20,04.4000,+30,11,18.000,16.00,-23.00,-1.0,0.00,6.47
HR0681,omiCet,2000,02,19,20.7000,-02,58,39.000,-8.00,-237.00,64.0,24.00,3.04
HR0682,63And,2000,02,20,58.2000,+50,09,05.000,34.00,-27.00,-2.0,0.00,5.59
HR0683,HR0683,2000,02,18,58.5000,-25,56,44.000,-214.00,448.00,7.0,89.00,6.34
HR0684,HR0684,2000,02,19,40.8000,-04,20,44.000,41.00,5.00,18.0,0.00,6.50
HR0685,9Per,2000,02,22,21.4000,+55,50,44.000,-2.00,-2.00,-15.0,0.00,5.17
HR0686,HR0686,2000,02,19,24.7000,-41,50,54.000,9.00,23.00,23.0,0.00,6.37
HR0687,HR0687,2000,02,22,50.3000,+41,23,47.000,-77.00,-96.00,-35.0,0.00,5.82
HR0688,HR0688,2000,02,19,54.3000,-55,56,41.000,26.00,20.00,49.0,0.00,5.81
HR0689,69Cet,2000,02,21,56.6000,+00,23,45.000,-13.00,-7.00,23.0,0.00,5.28
HR0690,HR0690,2000,02,23,51.8000,+55,21,52.000,6.00,-24.00,-26.0,0.00,6.28
HR0691,70Cet,2000,02,22,12.4000,-00,53,06.000,-19.00,-48.00,20.0,0.00,5.42
HR0692,HR0692,2000,02,22,01.4000,-10,46,40.000,140.00,-85.00,12.0,0.00,5.46
HR0693,HR0693,2000,02,22,05.0000,-17,39,44.000,11.00,-60.00,-3.0,0.00,5.87
HR0694,64And,2000,02,24,24.9000,+50,00,24.000,24.00,-39.00,-13.0,-1.00,5.19
HR0695,kaFor,2000,02,22,32.6000,-23,48,59.000,200.00,-62.00,18.0,77.00,5.20
HR0696,10Per,2000,02,25,16.0000,+56,36,36.000,-2.00,8.00,-46.0,0.00,6.25
HR0697,HR0697,2000,02,22,57.8000,-18,21,16.000,149.00,-109.00,20.0,0.00,6.22
HR0698,HR0698,2000,02,22,11.8000,-43,12,00.000,64.00,35.00,-7.0,0.00,6.31
HR0699,65And,2000,02,25,37.4000,+50,16,43.000,27.00,-10.00,-5.0,11.00,4.71
HR0700,HR0700,2000,02,23,06.5000,-37,34,35.000,-14.00,-37.00,11.0,0.00,6.53
HR0701,HR0701,2000,02,22,54.6000,-51,05,32.000,22.00,61.00,5.0,0.00,5.92
HR0702,xiAri,2000,02,24,49.0000,+10,36,38.000,20.00,-17.00,4.0,0.00,5.47
HR0703,HR0703,2000,02,24,20.1000,-25,50,51.000,36.00,13.00,34.0,0.00,6.44
HR0704,71Cet,2000,02,24,58.4000,-02,46,48.000,-1.00,-7.00,12.0,0.00,6.33
HR0705,deHyi,2000,02,21,44.9000,-68,39,34.000,-50.00,2.00,6.0,50.00,4.09
HR0706,HR0706,2000,02,24,33.8000,-40,50,26.000,222.00,111.00,1.0,0.00,6.18
HR0707,ioCas,2000,02,29,04.0000,+67,24,09.000,-17.00,11.00,1.0,23.00,4.52
HR0708,rhCet,2000,02,25,57.0000,-12,17,26.000,-10.00,-9.00,10.0,29.00,4.89
HR0709,66And,2000,02,27,51.8000,+50,34,11.000,36.00,-93.00,-4.0,0.00,6.12
HR0710,HR0710,2000,02,26,00.3000,-15,20,28.000,-58.00,-47.00,-8.0,15.00,5.83
HR0711,HR0711,2000,02,27,07.0000,+27,00,48.000,-55.00,-65.00,-48.0,0.00,6.18
HR0712,11Tri,2000,02,27,27.7000,+31,48,05.000,-27.00,-28.00,-39.0,0.00,5.54
HR0713,HR0713,2000,02,26,35.2000,-20,02,34.000,88.00,99.00,42.0,0.00,5.88
HR0714,laHor,2000,02,24,53.9000,-60,18,43.000,-68.00,-133.00,6.0,23.00,5.35
HR0715,kaHyi,2000,02,22,52.3000,-73,38,45.000,-83.00,10.00,22.0,0.00,5.01
HR0716,HR0716,2000,02,29,25.0000,+55,32,11.000,33.00,-10.00,2.0,0.00,6.51
HR0717,12Tri,2000,02,28,10.0000,+29,40,10.000,-15.00,-87.00,-25.0,0.00,5.29
HR0718,xi2Cet,2000,02,28,09.5000,+08,27,36.000,40.00,-9.00,11.0,30.00,4.28
HR0719,HR0719,2000,02,28,00.0000,+01,57,39.000,-2.00,-12.00,18.0,0.00,6.45
HR0720,13Tri,2000,02,28,48.5000,+29,55,55.000,-69.00,74.00,40.0,0.00,5.89
HR0721,kaEri,2000,02,26,59.1000,-47,42,14.000,23.00,-10.00,28.0,0.00,4.25
HR0722,HR0722,2000,02,25,26.3000,-66,29,41.000,-29.00,-19.00,2.0,0.00,6.41
HR0723,HR0723,2000,02,29,13.6000,+23,28,08.000,81.00,-28.00,21.0,0.00,6.19
HR0724,phFor,2000,02,28,01.7000,-33,48,40.000,20.00,7.00,19.0,15.00,5.14
HR0725,HR0725,2000,02,29,35.3000,+09,33,57.000,-12.00,12.00,-11.0,0.00,6.07
HR0726,HR0726,2000,02,30,16.6000,+33,50,02.000,70.00,-57.00,7.0,0.00,6.25
HR0727,HR0727,2000,02,28,35.4000,-31,06,09.000,-34.00,-19.00,-2.0,0.00,6.11
HR0728,HR0728,2000,02,30,32.4000,+25,14,06.000,66.00,-78.00,-11.0,22.00,5.92
HR0729,26Ari,2000,02,30,38.4000,+19,51,19.000,78.00,-33.00,19.0,0.00,6.15
HR0730,HR0730,2000,02,29,55.4000,-22,40,58.000,77.00,6.00,13.0,0.00,6.77
HR0731,27Ari,2000,02,30,54.4000,+17,42,14.000,31.00,-84.00,-118.0,0.00,6.23
HR0732,HR0732,2000,02,30,45.2000,+00,15,19.000,-53.00,-71.00,-2.0,0.00,6.00
HR0733,HR0733,2000,02,30,13.8000,-25,11,11.000,90.00,31.00,25.0,0.00,6.51
HR0734,HR0734,2000,02,28,04.4000,-64,17,59.000,37.00,1.00,10.0,0.00,6.37
HR0735,HR0735,2000,02,30,32.8000,-22,32,44.000,8.00,-33.00,-19.0,0.00,6.10
HR0736,14Tri,2000,02,32,06.2000,+36,08,50.000,46.00,12.00,-36.0,0.00,5.15
HR0737,HR0737,2000,02,31,30.1000,+02,16,02.000,27.00,-4.00,26.0,41.00,5.25
HR0738,HR0738,2000,02,32,52.5000,+34,32,33.000,-66.00,-12.00,-2.0,0.00,5.83
HR0739,75Cet,2000,02,32,09.4000,-01,02,06.000,-26.00,-37.00,-5.0,0.00,5.35
HR0740,siCet,2000,02,32,05.2000,-15,14,41.000,-70.00,-120.00,-29.0,35.00,4.75
HR0741,29Ari,2000,02,32,54.1000,+15,02,05.000,-28.00,37.00,6.0,0.00,6.04
HR0742,HR0742,2000,02,32,14.8000,-36,25,39.000,65.00,9.00,13.0,0.00,6.30
HR0743,HR0743,2000,02,38,02.0000,+72,49,06.000,-30.00,16.00,-2.0,11.00,5.16
HR0744,la1For,2000,02,33,07.0000,-34,39,00.000,-15.00,-20.00,13.0,0.00,5.90
HR0745,HR0745,2000,02,33,40.2000,-20,00,07.000,-41.00,-79.00,-6.0,0.00,6.21
HR0746,HR0746,2000,02,35,27.9000,+39,39,52.000,26.00,-26.00,-8.0,0.00,6.36
HR0747,HR0747,2000,02,37,36.1000,+65,44,44.000,42.00,-5.00,41.0,0.00,5.78
HR0748,HR0748,2000,02,35,38.8000,+37,18,44.000,4.00,-9.00,-6.0,0.00,5.71
HR0749,omeFor,2000,02,33,50.7000,-28,13,57.000,-19.00,-13.00,10.0,0.00,4.90
HR0750,15Tri,2000,02,35,46.8000,+34,41,15.000,30.00,-49.00,-10.0,16.00,5.35
HR0751,HR0751,2000,02,35,04.1000,+07,28,17.000,-6.00,-108.00,-25.0,0.00,6.18
HR0752,77Cet,2000,02,34,42.7000,-07,51,34.000,63.00,-65.00,25.0,0.00,5.75
HR0753,HR0753,2000,02,36,04.9000,+06,53,13.000,1811.00,1451.00,23.0,147.00,5.82
HR0754,nuCet,2000,02,35,52.5000,+05,35,36.000,-26.00,-25.00,5.0,2.00,4.86
HR0755,HR0755,2000,02,33,54.6000,-51,05,37.000,-4.00,-30.00,-8.0,0.00,6.24
HR0756,HR0756,2000,02,36,57.2000,+38,43,58.000,145.00,-194.00,1.0,0.00,5.90
HR0757,HR0757,2000,02,36,42.9000,+31,36,27.000,-42.00,-4.00,3.0,0.00,6.10
HR0758,HR0758,2000,02,37,02.5000,+34,15,50.000,58.00,-29.00,67.0,8.00,5.30
HR0759,80Cet,2000,02,36,00.0000,-07,49,54.000,-33.00,-59.00,14.0,0.00,5.53
HR0760,HR0760,2000,02,37,20.8000,+39,53,45.000,6.00,-19.00,16.0,0.00,6.54
HR0761,HR0761,2000,02,37,06.4000,+32,53,31.000,65.00,63.00,0.0,0.00,6.25
HR0762,HR0762,2000,02,33,33.6000,-62,35,13.000,26.00,10.00,1.0,0.00,6.77
HR0763,31Ari,2000,02,36,37.9000,+12,26,51.000,286.00,-89.00,7.0,35.00,5.68
HR0764,30Ari,2000,02,36,57.7000,+24,38,54.000,143.00,0.00,17.0,18.00,7.09
HR0765,30Ari,2000,02,37,00.5000,+24,38,51.000,136.00,-6.00,15.0,18.00,6.50
HR0766,HR0766,2000,02,36,35.1000,+07,43,47.000,-49.00,-31.00,-25.0,0.00,5.81
HR0767,io1For,2000,02,36,09.3000,-30,02,41.000,-13.00,1.00,2.0,0.00,5.75
HR0768,HR0768,2000,02,38,17.8000,+37,43,36.000,-40.00,-44.00,9.0,0.00,6.18
HR0769,HR0769,2000,02,38,27.8000,+38,05,22.000,-9.00,1.00,2.0,0.00,6.30
HR0770,HR0770,2000,02,38,00.8000,+07,41,43.000,86.00,-44.00,13.0,0.00,6.39
HR0771,81Cet,2000,02,37,41.8000,-03,23,46.000,41.00,-45.00,8.0,0.00,5.65
HR0772,la2For,2000,02,36,58.6000,-34,34,42.000,-15.00,-270.00,10.0,56.00,5.79
HR0773,nuAri,2000,02,38,49.0000,+21,57,41.000,-8.00,-17.00,8.0,13.00,5.43
HR0774,HR0774,2000,02,47,47.6000,+81,26,54.000,10.00,-76.00,18.0,13.00,5.78
HR0775,HR0775,2000,02,38,36.9000,+03,26,35.000,43.00,2.00,2.0,0.00,6.21
HR0776,muHyi,2000,02,31,40.5000,-79,06,34.000,121.00,-56.00,-15.0,1.00,5.28
HR0777,io2For,2000,02,38,18.7000,-30,11,39.000,100.00,-77.00,29.0,0.00,5.83
HR0778,etHor,2000,02,37,24.4000,-52,32,35.000,100.00,-19.00,-3.0,25.00,5.31
HR0779,deCet,2000,02,39,29.0000,+00,19,43.000,14.00,-4.00,13.0,1.00,4.07
HR0780,HR0780,2000,02,38,24.8000,-37,59,26.000,111.00,-63.00,43.0,0.00,6.49
HR0781,epCet,2000,02,39,33.8000,-11,52,20.000,146.00,-236.00,15.0,72.00,4.84
HR0782,33Ari,2000,02,40,41.1000,+27,03,39.000,67.00,-31.00,17.0,2.00,5.30
HR0783,HR0783,2000,02,40,15.7000,+06,06,43.000,52.00,-3.00,18.0,0.00,6.25
HR0784,HR0784,2000,02,40,12.3000,-09,27,11.000,-151.00,-86.00,-4.0,0.00,5.78
HR0785,11Per,2000,02,43,02.8000,+55,06,21.000,34.00,-27.00,-2.0,0.00,5.77
HR0786,HR0786,2000,02,40,02.5000,-30,38,02.000,-4.00,-68.00,-4.0,0.00,6.52
HR0787,HR0787,2000,02,42,59.7000,+53,31,34.000,68.00,-30.00,-12.0,0.00,5.84
HR0788,12Per,2000,02,42,14.9000,+40,11,38.000,-19.00,-186.00,-23.0,43.00,4.91
HR0789,HR0789,2000,02,39,48.0000,-42,53,30.000,106.00,-27.00,18.0,28.00,4.75
HR0790,84Cet,2000,02,41,13.9000,-00,41,45.000,214.00,-136.00,8.0,36.00,5.71
HR0791,HR0791,2000,02,44,49.7000,+67,49,29.000,15.00,-33.00,5.0,0.00,5.95
HR0792,HR0792,2000,02,43,01.9000,+48,15,56.000,7.00,2.00,-5.0,0.00,6.48
HR0793,muAri,2000,02,42,22.0000,+20,00,42.000,29.00,-43.00,-7.0,0.00,5.69
HR0794,ioEri,2000,02,40,40.0000,-39,51,20.000,138.00,-32.00,-9.0,38.00,4.11
HR0795,HR0795,2000,02,41,48.3000,-03,12,48.000,-19.00,2.00,4.0,0.00,6.05
HR0796,HR0796,2000,02,41,34.0000,-14,32,58.000,-32.00,42.00,2.0,0.00,5.98
HR0797,HR0797,2000,02,42,28.9000,+10,44,30.000,-25.00,-22.00,6.0,0.00,6.30
HR0798,HR0798,2000,02,39,31.7000,-64,16,55.000,25.00,13.00,-1.0,0.00,6.55
HR0799,thPer,2000,02,44,12.0000,+49,13,42.000,336.00,-89.00,25.0,77.00,4.12
HR0800,14Per,2000,02,44,05.2000,+44,17,49.000,4.00,-7.00,-3.0,0.00,5.43
HR0801,35Ari,2000,02,43,27.1000,+27,42,26.000,8.00,-12.00,13.0,0.00,4.66
HR0802,zeHor,2000,02,40,39.6000,-54,33,00.000,36.00,-1.00,-1.0,31.00,5.21
HR0803,HR0803,2000,02,43,51.2000,+25,38,17.000,-11.00,-5.00,-11.0,-0.00,6.35
HR0804,gaCet,2000,02,43,18.0000,+03,14,09.000,-142.00,-152.00,-5.0,52.00,3.47
HR0805,HR0805,2000,02,42,06.6000,-38,23,02.000,18.00,1.00,17.0,0.00,6.01
HR0806,epHyi,2000,02,39,35.4000,-68,16,01.000,86.00,-2.00,6.0,0.00,4.11
HR0807,HR0807,2000,02,42,08.5000,-46,31,28.000,15.00,-100.00,13.0,0.00,6.10
HR0808,36Ari,2000,02,44,19.1000,+17,45,50.000,39.00,-38.00,-32.0,0.00,6.46
HR0809,omiAri,2000,02,44,32.9000,+15,18,42.000,-2.00,-19.00,-7.0,0.00,5.77
HR0810,ioHor,2000,02,42,33.5000,-50,48,01.000,334.00,222.00,16.0,69.00,5.41
HR0811,piCet,2000,02,44,07.4000,-13,51,31.000,-8.00,-15.00,15.0,0.00,4.25
HR0812,38Ari,2000,02,44,57.6000,+12,26,45.000,122.00,-84.00,-2.0,27.00,5.18
HR0813,muCet,2000,02,44,56.5000,+10,06,51.000,284.00,-36.00,30.0,46.00,4.27
HR0814,HR0814,2000,02,43,20.3000,-40,31,39.000,19.00,24.00,16.0,9.00,6.36
HR0815,HR0815,2000,02,48,55.5000,+69,38,03.000,0.00,32.00,-39.0,0.00,6.18
HR0816,HR0816,2000,02,45,20.9000,+04,42,42.000,68.00,-43.00,20.0,0.00,6.03
HR0817,HR0817,2000,02,44,20.5000,-32,31,30.000,20.00,-31.00,21.0,0.00,6.22
HR0818,ta1Eri,2000,02,45,06.2000,-18,34,21.000,330.00,38.00,26.0,72.00,4.47
HR0819,HR0819,2000,02,46,58.3000,+35,59,01.000,50.00,-5.00,21.0,0.00,6.25
HR0820,HR0820,2000,02,47,03.5000,+35,33,18.000,-43.00,-47.00,-4.0,13.00,6.30
HR0821,HR0821,2000,02,44,10.7000,-52,34,14.000,-12.00,-15.00,10.0,0.00,6.15
HR0822,HR0822,2000,02,45,16.5000,-46,17,14.000,-3.00,-14.00,32.0,0.00,6.85
HR0823,HR0823,2000,02,43,26.6000,-66,42,52.000,108.00,-70.00,-20.0,10.00,6.26
HR0824,39Ari,2000,02,47,54.5000,+29,14,50.000,149.00,-123.00,-15.0,27.00,4.51
HR0825,HR0825,2000,02,49,30.8000,+57,05,03.000,4.00,-10.00,-38.0,0.00,6.25
HR0826,HR0826,2000,02,46,45.2000,-21,38,23.000,91.00,9.00,7.0,0.00,6.49
HR0827,HR0827,2000,02,47,11.2000,-22,29,08.000,-21.00,-38.00,3.0,0.00,6.47
HR0828,40Ari,2000,02,48,32.1000,+18,17,01.000,44.00,-36.00,47.0,0.00,5.82
HR0829,HR0829,2000,02,51,58.7000,+68,53,19.000,-6.00,-4.00,-7.0,10.00,5.80
HR0830,HR0830,2000,02,48,45.9000,+25,11,17.000,59.00,-4.00,14.0,0.00,5.86
HR0831,HR0831,2000,02,49,27.1000,+37,19,34.000,9.00,-16.00,12.0,0.00,6.45
HR0832,HR0832,2000,02,47,56.0000,-12,27,38.000,7.00,-38.00,-14.0,0.00,6.90
HR0833,gaHor,2000,02,45,27.5000,-63,42,16.000,22.00,-9.00,-11.0,0.00,5.74
HR0834,etPer,2000,02,50,41.8000,+55,53,44.000,17.00,-14.00,-1.0,6.00,3.76
HR0835,et1For,2000,02,47,33.7000,-35,33,03.000,-41.00,-39.00,3.0,0.00,6.51
HR0836,piAri,2000,02,49,17.5000,+17,27,51.000,-1.00,-15.00,9.0,0.00,5.22
HR0837,zeHyi,2000,02,45,32.6000,-67,37,00.000,69.00,46.00,4.0,9.00,4.84
HR0838,41Ari,2000,02,49,59.0000,+27,15,38.000,67.00,-118.00,4.0,34.00,3.63
HR0839,HR0839,2000,02,51,45.5000,+58,18,53.000,-66.00,15.00,-5.0,0.00,6.45
HR0840,16Per,2000,02,50,35.1000,+38,19,07.000,197.00,-105.00,14.0,24.00,4.23
HR0841,beFor,2000,02,49,05.4000,-32,24,21.000,90.00,155.00,17.0,26.00,4.46
HR0842,HR0842,2000,02,51,41.7000,+46,50,31.000,-25.00,-28.00,-12.0,0.00,5.88
HR0843,17Per,2000,02,51,30.8000,+35,03,35.000,9.00,-61.00,14.0,4.00,4.53
HR0844,ga1For,2000,02,49,51.0000,-24,33,37.000,-43.00,-127.00,-6.0,0.00,6.14
HR0845,ga2For,2000,02,49,54.2000,-27,56,30.000,47.00,28.00,24.0,25.00,5.39
HR0846,HR0846,2000,02,52,52.0000,+52,59,52.000,2.00,-11.00,1.0,-4.00,6.36
HR0847,siAri,2000,02,51,29.6000,+15,04,55.000,31.00,-26.00,17.0,0.00,5.49
HR0848,et2For,2000,02,50,14.8000,-35,50,37.000,58.00,21.00,22.0,0.00,5.92
HR0849,HR0849,2000,02,53,21.2000,+48,34,10.000,15.00,-27.00,-1.0,0.00,6.26
HR0850,ta2Eri,2000,02,51,02.3000,-21,00,15.000,-46.00,-19.00,-9.0,31.00,4.75
HR0851,et3For,2000,02,50,40.4000,-35,40,34.000,6.00,-61.00,12.0,17.00,5.47
HR0852,nuHor,2000,02,49,01.5000,-62,48,24.000,91.00,21.00,31.0,1.00,5.26
HR0853,HR0853,2000,02,50,47.9000,-39,55,54.000,55.00,7.00,19.0,0.00,6.36
HR0854,taPer,2000,02,54,15.5000,+52,45,45.000,0.00,-5.00,2.0,19.00,3.95
HR0855,20Per,2000,02,53,42.6000,+38,20,15.000,47.00,-77.00,6.0,11.00,5.33
HR0856,HR0856,2000,02,53,11.7000,+16,29,00.000,55.00,-62.00,9.0,0.00,6.31
HR0857,HR0857,2000,02,52,32.1000,-12,46,10.000,394.00,-175.00,19.0,121.00,6.04
HR0858,HR0858,2000,02,51,55.3000,-30,48,52.000,-116.00,106.00,8.0,0.00,6.40
HR0859,HR0859,2000,02,52,50.5000,-09,26,28.000,74.00,50.00,35.0,0.00,6.32
HR0860,HR0860,2000,02,55,56.9000,+61,31,16.000,142.00,32.00,29.0,0.00,5.59
HR0861,HR0861,2000,02,56,24.8000,+64,19,57.000,6.00,-2.00,-22.0,0.00,6.24
HR0862,HR0862,2000,02,53,35.3000,-22,22,35.000,90.00,-80.00,49.0,0.00,5.95
HR0863,psFor,2000,02,53,34.4000,-38,26,13.000,63.00,31.00,21.0,0.00,5.92
HR0864,HR0864,2000,02,56,50.6000,+51,15,39.000,-11.00,-39.00,5.0,0.00,6.22
HR0865,HR0865,2000,02,56,33.4000,+47,09,50.000,4.00,0.00,-13.0,0.00,6.02
HR0866,HR0866,2000,02,52,19.2000,-62,54,35.000,72.00,1.00,17.0,0.00,6.03
HR0867,rh2Ari,2000,02,55,48.5000,+18,19,54.000,-8.00,-17.00,46.0,14.00,5.91
HR0868,HR0868,2000,02,53,52.9000,-49,53,25.000,135.00,14.00,60.0,13.00,4.00
HR0869,rh3Ari,2000,02,56,26.1000,+18,01,23.000,276.00,-213.00,15.0,38.00,5.63
HR0870,HR0870,2000,02,56,13.8000,+08,22,54.000,68.00,-87.00,29.0,0.00,5.97
HR0871,HR0871,2000,02,54,06.5000,-50,52,17.000,10.00,6.00,-13.0,0.00,6.21
HR0872,nuHyi,2000,02,50,28.5000,-75,04,01.000,-37.00,-27.00,5.0,11.00,4.75
HR0873,21Per,2000,02,57,17.3000,+31,56,03.000,3.00,-31.00,8.0,3.00,5.11
HR0874,etEri,2000,02,56,25.7000,-08,53,53.000,79.00,-220.00,-20.0,33.00,3.89
HR0875,HR0875,2000,02,56,37.4000,-03,42,44.000,-35.00,-44.00,-15.0,26.00,5.17
HR0876,HR0876,2000,02,58,02.3000,+38,36,54.000,-7.00,-16.00,-41.0,0.00,6.04
HR0877,HR0877,2000,02,57,04.6000,+04,30,04.000,17.00,23.00,52.0,0.00,6.11
HR0878,47Ari,2000,02,58,05.2000,+20,40,07.000,233.00,-31.00,28.0,30.00,5.80
HR0879,piPer,2000,02,58,45.7000,+39,39,46.000,24.00,-43.00,14.0,9.00,4.70
HR0880,HR0880,2000,02,54,20.9000,-64,26,08.000,9.00,-4.00,6.0,0.00,6.56
HR0881,HR0881,2000,03,06,07.8000,+79,25,07.000,-39.00,9.00,-38.0,8.00,5.49
HR0882,24Per,2000,02,59,03.7000,+35,10,59.000,-46.00,6.00,-36.0,0.00,4.93
HR0883,4Eri,2000,02,57,23.7000,-23,51,43.000,98.00,-30.00,29.0,29.00,5.45
HR0884,HR0884,2000,02,57,13.1000,-29,51,19.000,12.00,-5.00,27.0,0.00,6.29
HR0885,HR0885,2000,02,59,49.9000,+47,13,15.000,21.00,24.00,7.0,-7.00,5.47
HR0886,HR0886,2000,02,59,39.9000,+41,01,59.000,19.00,-39.00,32.0,0.00,5.89
HR0887,epAri,2000,02,59,12.7000,+21,20,25.000,-17.00,-5.00,-6.0,5.00,4.63
HR0888,epAri,2000,02,59,12.7000,+21,20,25.000,-17.00,-5.00,-8.0,5.00,4.63
HR0889,6Eri,2000,02,58,05.7000,-23,36,22.000,60.00,50.00,7.0,0.00,5.84
HR0890,HR0890,2000,03,00,52.2000,+52,21,06.000,28.00,-26.00,-5.0,0.00,5.28
HR0891,HR0891,2000,03,00,53.4000,+52,21,08.000,14.00,-21.00,-2.0,0.00,6.74
HR0892,HR0892,2000,02,58,42.0000,-02,46,57.000,-30.00,-56.00,-7.0,16.00,5.23
HR0893,HR0893,2000,02,57,32.7000,-38,11,28.000,7.00,5.00,20.0,0.00,6.41
HR0894,HR0894,2000,03,00,11.8000,+38,07,54.000,6.00,-28.00,-16.0,0.00,6.11
HR0895,HR0895,2000,02,58,47.4000,-09,46,35.000,10.00,-11.00,-18.0,0.00,6.14
HR0896,laCet,2000,02,59,42.9000,+08,54,27.000,4.00,-14.00,10.0,0.00,4.70
HR0897,th1Eri,2000,02,58,15.7000,-40,18,17.000,-45.00,19.00,12.0,35.00,3.24
HR0898,th2Eri,2000,02,58,16.3000,-40,18,16.000,-64.00,18.00,19.0,35.00,4.35
HR0899,5Eri,2000,02,59,41.2000,-02,27,54.000,-2.00,-22.00,18.0,0.00,5.56
HR0900,HR0900,2000,02,59,06.6000,-28,54,25.000,18.00,-44.00,14.0,0.00,6.14
HR0901,zeFor,2000,02,59,36.1000,-25,16,27.000,180.00,87.00,21.0,29.00,5.71
HR0902,HR0902,2000,03,00,44.1000,+10,52,13.000,80.00,-39.00,18.0,0.00,5.95
HR0903,HR0903,2000,02,59,38.3000,-32,30,26.000,10.00,11.00,16.0,0.00,6.31
HR0904,7Eri,2000,03,00,51.0000,-02,52,43.000,20.00,6.00,80.0,0.00,6.11
HR0905,49Ari,2000,03,01,54.1000,+26,27,44.000,-12.00,0.00,-4.0,0.00,5.90
HR0906,HR0906,2000,03,11,42.8000,+81,28,14.000,-40.00,-9.00,-3.0,18.00,5.95
HR0907,rh1Eri,2000,03,01,10.0000,-07,39,46.000,98.00,-70.00,14.0,0.00,5.75
HR0908,HR0908,2000,03,01,52.3000,+05,20,10.000,36.00,15.00,-59.0,0.00,6.25
HR0909,beHor,2000,02,58,47.8000,-64,04,17.000,22.00,1.00,24.0,0.00,4.99
HR0910,93Cet,2000,03,02,22.5000,+04,21,10.000,14.00,5.00,12.0,0.00,5.61
HR0911,alCet,2000,03,02,16.8000,+04,05,23.000,-9.00,-78.00,-26.0,9.00,2.53
HR0912,HR0912,2000,03,01,56.1000,-09,57,41.000,46.00,0.00,12.0,0.00,5.83
HR0913,HR0913,2000,03,02,09.3000,-06,29,41.000,87.00,-148.00,16.0,0.00,6.19
HR0914,epFor,2000,03,01,37.7000,-28,05,30.000,279.00,-437.00,38.0,39.00,5.89
HR0915,gaPer,2000,03,04,47.8000,+53,30,23.000,0.00,-5.00,3.0,16.00,2.93
HR0916,HR0916,2000,03,03,30.3000,+28,16,11.000,83.00,-20.00,11.0,0.00,6.36
HR0917,rh2Eri,2000,03,02,42.3000,-07,41,07.000,47.00,-1.00,25.0,0.00,5.32
HR0918,HR0918,2000,03,05,32.4000,+56,42,21.000,-14.00,67.00,-45.0,5.00,4.76
HR0919,ta3Eri,2000,03,02,23.5000,-23,37,28.000,-145.00,-54.00,-10.0,59.00,4.09
HR0920,HR0920,2000,03,05,39.9000,+56,04,07.000,-3.00,-39.00,-11.0,0.00,6.11
HR0921,rhPer,2000,03,05,10.6000,+38,50,25.000,130.00,-106.00,28.0,11.00,3.39
HR0922,HR0922,2000,03,07,19.0000,+64,03,28.000,-15.00,6.00,-2.0,0.00,5.89
HR0923,HR0923,2000,03,05,20.8000,+40,34,57.000,-53.00,1.00,-34.0,0.00,6.05
HR0924,HR0924,2000,03,04,40.7000,+15,51,22.000,-1.00,-93.00,-32.0,0.00,6.49
HR0925,rh3Eri,2000,03,04,16.4000,-07,36,03.000,56.00,13.00,15.0,26.00,5.26
HR0926,HR0926,2000,03,04,38.1000,+01,51,49.000,28.00,-3.00,1.0,0.00,6.05
HR0927,52Ari,2000,03,05,26.7000,+25,15,19.000,2.00,-8.00,9.0,4.00,6.80
HR0928,52Ari,2000,03,05,26.7000,+25,15,19.000,3.00,-8.00,9.0,4.00,7.00
HR0929,HR0929,2000,03,02,55.9000,-46,58,30.000,29.00,3.00,16.0,0.00,5.82
HR0930,HR0930,2000,03,08,03.9000,+52,12,48.000,32.00,-26.00,6.0,0.00,6.31
HR0931,HR0931,2000,03,06,23.7000,+13,11,14.000,0.00,-63.00,-15.0,0.00,5.62
HR0932,HR0932,2000,03,11,56.3000,+74,23,37.000,12.00,-90.00,10.0,32.00,4.87
HR0933,HR0933,2000,03,07,47.4000,+47,18,30.000,5.00,-8.00,-10.0,0.00,6.41
HR0934,muHor,2000,03,03,36.8000,-59,44,16.000,-73.00,-67.00,17.0,25.00,5.11
HR0935,HR0935,2000,03,06,33.5000,-06,05,19.000,6.00,-8.00,17.0,0.00,5.27
HR0936,bePer,2000,03,08,10.1000,+40,57,20.000,4.00,-1.00,4.0,45.00,2.12
HR0937,ioPer,2000,03,09,04.0000,+49,36,48.000,1263.00,-91.00,50.0,84.00,4.05
HR0938,53Ari,2000,03,07,25.7000,+17,52,48.000,-25.00,8.00,21.0,0.00,6.11
HR0939,thHyi,2000,03,02,15.4000,-71,54,09.000,25.00,14.00,12.0,103.00,5.53
HR0940,54Ari,2000,03,08,21.2000,+18,47,42.000,47.00,-16.00,43.0,32.00,6.27
HR0941,kaPer,2000,03,09,29.8000,+44,51,26.000,177.00,-157.00,29.0,33.00,3.80
HR0942,HR0942,2000,03,08,38.7000,+08,28,15.000,-15.00,69.00,38.0,0.00,6.28
HR0943,HR0943,2000,03,07,50.9000,-27,49,52.000,75.00,-20.00,12.0,0.00,6.19
HR0944,55Ari,2000,03,09,36.7000,+29,04,37.000,19.00,-14.00,-2.0,0.00,5.72
HR0945,HR0945,2000,03,10,08.8000,+27,49,12.000,5.00,-48.00,-5.0,0.00,6.42
HR0946,HR0946,2000,03,10,27.0000,+26,53,47.000,4.00,70.00,-16.0,0.00,6.02
HR0947,omePer,2000,03,11,17.4000,+39,36,42.000,-23.00,5.00,7.0,23.00,4.63
HR0948,HR0948,2000,03,10,38.9000,+11,52,21.000,41.00,-26.00,1.0,0.00,5.98
HR0949,HR0949,2000,03,12,26.4000,+47,43,33.000,74.00,-83.00,-36.0,0.00,6.33
HR0950,HR0950,2000,03,12,09.6000,+42,22,34.000,28.00,-13.00,6.0,0.00,6.15
HR0951,deAri,2000,03,11,37.8000,+19,43,36.000,152.00,-11.00,25.0,27.00,4.35
HR0952,HR0952,2000,03,11,21.9000,+13,02,52.000,-13.00,15.00,11.0,0.00,6.12
HR0953,HR0953,2000,03,10,35.4000,-23,44,18.000,58.00,33.00,9.0,0.00,6.38
HR0954,56Ari,2000,03,12,14.2000,+27,15,25.000,10.00,-17.00,11.0,0.00,5.79
HR0955,HR0955,2000,03,11,18.8000,-03,48,42.000,-6.00,-14.00,24.0,0.00,6.05
HR0956,HR0956,2000,03,13,24.0000,+48,10,37.000,30.00,-22.00,-10.0,0.00,5.90
HR0957,HR0957,2000,03,11,16.8000,-16,01,31.000,-14.00,-20.00,-15.0,0.00,6.26
HR0958,HR0958,2000,03,12,26.4000,+06,39,39.000,-9.00,-4.00,5.0,0.00,5.56
HR0959,HR0959,2000,03,07,49.2000,-69,15,56.000,-25.00,-16.00,11.0,0.00,6.15
HR0960,HR0960,2000,03,10,27.4000,-48,44,03.000,34.00,-27.00,14.0,0.00,6.12
HR0961,HR0961,2000,03,20,19.7000,+77,44,05.000,59.00,-61.00,4.0,14.00,5.45
HR0962,94Cet,2000,03,12,46.4000,-01,11,46.000,196.00,-67.00,18.0,57.00,5.06
HR0963,alFor,2000,03,12,04.3000,-28,59,13.000,339.00,640.00,-21.0,75.00,3.87
HR0964,HR0964,2000,03,15,48.0000,+57,08,27.000,-4.00,3.00,-12.0,0.00,5.79
HR0965,HR0965,2000,03,32,20.1000,+84,54,40.000,63.00,-136.00,33.0,26.00,5.61
HR0966,HR0966,2000,03,14,56.7000,+42,30,14.000,70.00,12.00,22.0,0.00,6.07
HR0967,HR0967,2000,03,17,31.6000,+65,39,31.000,-10.00,10.00,-6.0,5.00,6.36
HR0968,HR0968,2000,03,12,25.8000,-44,25,11.000,93.00,-17.00,17.0,25.00,5.93
HR0969,HR0969,2000,03,16,12.2000,+50,56,16.000,-7.00,-16.00,2.0,10.00,5.03
HR0970,HR0970,2000,03,13,01.5000,-35,56,38.000,3.00,-1.00,22.0,0.00,6.27
HR0971,HR0971,2000,03,15,20.5000,+30,33,24.000,-6.00,7.00,-3.0,0.00,5.52
HR0972,zeAri,2000,03,14,54.1000,+21,02,40.000,-28.00,-73.00,7.0,20.00,4.89
HR0973,HR0973,2000,03,16,04.7000,+45,20,45.000,54.00,-45.00,-3.0,0.00,6.16
HR0974,HR0974,2000,03,13,38.0000,-29,48,15.000,27.00,-2.00,23.0,0.00,6.16
HR0975,HR0975,2000,03,15,47.0000,+32,51,23.000,-35.00,9.00,14.0,0.00,6.31
HR0976,HR0976,2000,03,16,01.9000,+34,41,19.000,43.00,-34.00,25.0,0.00,6.25
HR0977,HR0977,2000,03,12,33.2000,-57,19,18.000,19.00,9.00,14.0,0.00,5.74
HR0978,HR0978,2000,03,16,35.1000,+32,11,01.000,-18.00,-108.00,19.0,0.00,6.06
HR0979,HR0979,2000,03,17,11.4000,+40,29,00.000,15.00,-23.00,-8.0,4.00,6.45
HR0980,HR0980,2000,03,15,00.2000,-26,06,01.000,-19.00,-15.00,-2.0,0.00,6.25
HR0981,HR0981,2000,03,07,32.0000,-78,59,22.000,71.00,66.00,11.0,0.00,5.57
HR0982,30Per,2000,03,17,47.4000,+44,01,30.000,32.00,-29.00,-1.0,0.00,5.47
HR0983,HR0983,2000,03,16,00.9000,-05,55,07.000,7.00,-4.00,7.0,39.00,6.17
HR0984,zeEri,2000,03,15,50.0000,-08,49,11.000,-2.00,46.00,-4.0,25.00,4.80
HR0985,HR0985,2000,03,19,59.4000,+65,39,08.000,15.00,-13.00,-3.0,9.00,4.84
HR0986,HR0986,2000,03,17,45.8000,+39,17,00.000,22.00,-20.00,27.0,0.00,5.96
HR0987,29Per,2000,03,18,37.8000,+50,13,20.000,29.00,-26.00,-4.0,0.00,5.15
HR0988,14Eri,2000,03,16,35.7000,-09,09,16.000,-5.00,48.00,-5.0,0.00,6.14
HR0989,31Per,2000,03,19,07.6000,+50,05,42.000,23.00,-25.00,3.0,0.00,5.03
HR0990,HR0990,2000,03,16,11.3000,-30,49,39.000,30.00,4.00,20.0,0.00,6.65
HR0991,HR0991,2000,03,18,43.8000,+34,13,22.000,3.00,-6.00,2.0,12.00,4.82
HR0992,95Cet,2000,03,18,22.4000,-00,55,49.000,252.00,-52.00,20.0,17.00,5.38
HR0993,HR0993,2000,03,18,02.8000,-28,47,49.000,185.00,-15.00,42.0,0.00,5.91
HR0994,15Eri,2000,03,18,22.1000,-22,30,41.000,18.00,12.00,24.0,28.00,4.88
HR0995,59Ari,2000,03,19,55.8000,+27,04,16.000,-26.00,-75.00,-0.0,0.00,5.90
HR0996,ka1Cet,2000,03,19,21.7000,+03,22,13.000,271.00,92.00,20.0,108.00,4.83
HR0997,HR0997,2000,03,18,41.2000,-18,33,35.000,136.00,-53.00,18.0,29.00,5.71
HR0998,HR0998,2000,03,17,26.6000,-47,45,06.000,-5.00,21.00,-9.0,0.00,5.85
HR0999,HR0999,2000,03,20,20.4000,+29,02,54.000,-8.00,-16.00,-2.0,-8.00,4.47
HR1000,60Ari,2000,03,20,25.6000,+25,39,46.000,17.00,-87.00,26.0,0.00,6.12
HR1001,HR1001,2000,03,21,52.6000,+49,04,15.000,191.00,-70.00,24.0,15.00,5.93
HR1002,32Per,2000,03,21,26.5000,+43,19,46.000,-63.00,-6.00,-7.0,26.00,4.95
HR1003,ta4Eri,2000,03,19,31.0000,-21,45,28.000,52.00,33.00,42.0,-13.00,3.69
HR1004,HR1004,2000,03,19,34.8000,-24,07,23.000,1.00,-25.00,15.0,0.00,5.61
HR1005,ta1Ari,2000,03,21,13.6000,+21,08,49.000,25.00,-24.00,14.0,0.00,5.28
HR1006,ze1Ret,2000,03,17,46.2000,-62,34,31.000,1339.00,648.00,12.0,97.00,5.54
HR1007,ka2Cet,2000,03,21,06.8000,+03,40,32.000,51.00,-26.00,11.0,0.00,5.69
HR1008,HR1008,2000,03,19,55.7000,-43,04,11.000,3043.00,725.00,87.0,156.00,4.27
HR1009,HR1009,2000,03,24,40.5000,+64,35,10.000,-5.00,1.00,-21.0,9.00,5.23
HR1010,ze2Ret,2000,03,18,12.9000,-62,30,23.000,1336.00,645.00,12.0,91.00,5.24
HR1011,HR1011,2000,03,23,13.2000,+49,12,48.000,22.00,-20.00,4.0,0.00,5.29
HR1012,62Ari,2000,03,22,11.9000,+27,36,27.000,9.00,-14.00,6.0,0.00,5.52
HR1013,HR1013,2000,03,20,45.2000,-26,36,23.000,43.00,24.00,25.0,0.00,6.39
HR1014,HR1014,2000,03,17,59.0000,-66,55,37.000,55.00,7.00,24.0,0.00,6.05
HR1015,ta2Ari,2000,03,22,45.2000,+20,44,31.000,-44.00,-22.00,2.0,8.00,5.09
HR1016,HR1016,2000,03,21,24.0000,-23,38,07.000,-21.00,-29.00,8.0,0.00,5.52
HR1017,alPer,2000,03,24,19.4000,+49,51,40.000,24.00,-25.00,-2.0,16.00,1.79
HR1018,HR1018,2000,03,22,16.3000,-25,35,16.000,9.00,-2.00,25.0,0.00,6.35
HR1019,HR1019,2000,03,24,29.7000,+33,32,09.000,38.00,-28.00,2.0,0.00,5.61
HR1020,HR1020,2000,03,25,48.4000,+53,55,18.000,88.00,-30.00,-4.0,0.00,6.51
HR1021,HR1021,2000,03,21,33.3000,-47,46,37.000,-2.00,-23.00,-2.0,0.00,6.39
HR1022,64Ari,2000,03,24,18.5000,+24,43,27.000,15.00,-50.00,13.0,0.00,5.50
HR1023,HR1023,2000,03,23,39.1000,+04,52,55.000,6.00,-8.00,3.0,0.00,6.38
HR1024,HR1024,2000,03,23,17.8000,-07,47,39.000,10.00,-222.00,43.0,34.00,6.20
HR1025,ioHyi,2000,03,15,57.6000,-77,23,18.000,109.00,61.00,19.0,0.00,5.52
HR1026,HR1026,2000,03,25,09.4000,+41,15,26.000,-5.00,1.00,-19.0,0.00,6.51
HR1027,65Ari,2000,03,24,26.1000,+20,48,13.000,-2.00,-6.00,-9.0,0.00,6.08
HR1028,HR1028,2000,03,24,10.1000,+12,37,46.000,28.00,-21.00,21.0,0.00,6.04
HR1029,HR1029,2000,03,25,57.4000,+49,07,15.000,26.00,-22.00,-1.0,0.00,6.09
HR1030,omiTau,2000,03,24,48.8000,+09,01,44.000,-66.00,-78.00,-21.0,16.00,3.60
HR1031,HR1031,2000,03,23,44.6000,-32,42,26.000,23.00,-5.00,18.0,0.00,6.50
HR1032,HR1032,2000,03,30,19.5000,+71,51,50.000,10.00,5.00,-23.0,0.00,6.32
HR1033,HR1033,2000,03,28,23.6000,+60,15,20.000,18.00,-21.00,5.0,6.00,6.49
HR1034,HR1034,2000,03,28,03.1000,+49,03,46.000,24.00,-28.00,2.0,0.00,4.98
HR1035,HR1035,2000,03,29,04.1000,+59,56,25.000,-3.00,-4.00,-7.0,0.00,4.21
HR1036,HR1036,2000,03,27,03.2000,+18,45,23.000,43.00,-6.00,31.0,0.00,6.57
HR1037,HR1037,2000,03,28,52.4000,+49,50,54.000,28.00,-26.00,-2.0,0.00,5.58
HR1038,xiTau,2000,03,27,10.2000,+09,43,58.000,60.00,-39.00,-2.0,-17.00,3.74
HR1039,HR1039,2000,03,27,18.7000,+12,44,06.000,7.00,-19.00,15.0,0.00,6.28
HR1040,HR1040,2000,03,29,54.9000,+58,52,43.000,6.00,-2.00,-6.0,0.00,4.54
HR1041,HR1041,2000,03,28,20.8000,+33,48,27.000,37.00,-57.00,6.0,0.00,5.61
HR1042,ch1For,2000,03,25,55.8000,-35,55,15.000,29.00,-7.00,25.0,0.00,6.39
HR1043,HR1043,2000,03,30,11.3000,+59,21,58.000,36.00,-47.00,11.0,4.00,6.13
HR1044,34Per,2000,03,29,22.1000,+49,30,32.000,26.00,-27.00,-2.0,18.00,4.67
HR1045,HR1045,2000,03,26,22.5000,-27,19,03.000,8.00,49.00,13.0,0.00,5.93
HR1046,HR1046,2000,03,30,00.2000,+55,27,07.000,-46.00,-9.00,0.0,25.00,5.09
HR1047,HR1047,2000,03,29,26.2000,+46,56,16.000,18.00,-35.00,2.0,0.00,6.24
HR1048,66Ari,2000,03,28,26.6000,+22,48,15.000,-1.00,-104.00,49.0,0.00,6.03
HR1049,HR1049,2000,03,26,11.7000,-41,38,13.000,15.00,27.00,12.0,0.00,6.32
HR1050,HR1050,2000,03,28,01.0000,-11,17,12.000,2.00,-49.00,-2.0,0.00,5.73
HR1051,HR1051,2000,03,30,37.0000,+48,06,13.000,32.00,-29.00,5.0,0.00,5.82
HR1052,siPer,2000,03,30,34.5000,+47,59,43.000,4.00,20.00,16.0,4.00,4.36
HR1053,HR1053,2000,03,24,02.5000,-69,37,29.000,29.00,15.00,20.0,0.00,6.15
HR1054,ch2For,2000,03,27,33.4000,-35,40,53.000,81.00,2.00,30.0,0.00,5.71
HR1055,HR1055,2000,03,35,12.4000,+73,20,49.000,13.00,-26.00,-9.0,0.00,6.57
HR1056,HR1056,2000,03,31,29.4000,+49,12,35.000,-5.00,1.00,-23.0,0.00,6.29
HR1058,ch3For,2000,03,28,11.5000,-35,51,12.000,30.00,-3.00,15.0,0.00,6.50
HR1059,HR1059,2000,03,31,49.1000,+49,24,03.000,12.00,-5.00,-6.0,0.00,6.39
HR1060,HR1060,2000,03,29,39.1000,-06,48,18.000,-96.00,-104.00,26.0,0.00,5.99
HR1061,4Tau,2000,03,30,24.5000,+11,20,11.000,-8.00,-18.00,0.0,2.00,5.14
HR1062,HR1062,2000,03,29,36.0000,-12,40,29.000,5.00,4.00,15.0,0.00,5.59
HR1063,HR1063,2000,03,32,08.6000,+48,01,25.000,20.00,-25.00,1.0,0.00,5.47
HR1064,HR1064,2000,03,25,36.2000,-69,20,11.000,-2.00,63.00,14.0,0.00,5.96
HR1065,HR1065,2000,03,31,20.8000,+27,34,19.000,41.00,-29.00,6.0,9.00,5.96
HR1066,5Tau,2000,03,30,52.4000,+12,56,12.000,20.00,-2.00,15.0,-12.00,4.11
HR1067,HR1067,2000,03,30,45.4000,+06,11,19.000,45.00,-16.00,11.0,0.00,5.94
HR1068,HR1068,2000,03,33,32.1000,+58,45,54.000,8.00,-57.00,7.0,9.00,6.40
HR1069,36Per,2000,03,32,26.3000,+46,03,25.000,-54.00,-79.00,-49.0,31.00,5.31
HR1070,17Eri,2000,03,30,37.1000,-05,04,31.000,14.00,7.00,15.0,0.00,4.73
HR1071,HR1071,2000,03,33,41.2000,+57,52,08.000,7.00,40.00,-72.0,0.00,6.37
HR1072,HR1072,2000,03,32,39.1000,+44,51,20.000,11.00,-13.00,2.0,0.00,6.41
HR1073,HR1073,2000,03,33,39.0000,+54,58,29.000,-48.00,-5.00,14.0,0.00,5.98
HR1074,HR1074,2000,03,32,40.0000,+35,27,42.000,-10.00,1.00,25.0,0.00,5.90
HR1075,HR1075,2000,03,29,55.0000,-42,38,03.000,-75.00,-1.00,12.0,0.00,5.78
HR1076,HR1076,2000,03,30,13.6000,-41,22,12.000,-9.00,-175.00,16.0,0.00,6.12
HR1077,HR1077,2000,03,35,00.8000,+60,02,28.000,-35.00,13.00,21.0,21.00,6.46
HR1078,HR1078,2000,03,33,35.1000,+39,53,58.000,19.00,-46.00,4.0,0.00,5.81
HR1079,6Tau,2000,03,32,36.0000,+09,22,25.000,33.00,-44.00,7.0,0.00,5.77
HR1080,HR1080,2000,03,39,24.8000,+75,44,23.000,-15.00,6.00,28.0,0.00,6.27
HR1081,HR1081,2000,03,30,37.0000,-47,22,31.000,69.00,11.00,-12.0,0.00,5.99
HR1082,HR1082,2000,03,31,53.9000,-25,36,51.000,82.00,-19.00,18.0,0.00,6.38
HR1083,kaRet,2000,03,29,22.7000,-62,56,15.000,383.00,372.00,12.0,60.00,4.72
HR1084,epEri,2000,03,32,55.8000,-09,27,30.000,-974.00,21.00,15.0,303.00,3.73
HR1085,HR1085,2000,03,34,08.3000,+17,49,58.000,89.00,-315.00,11.0,22.00,6.17
HR1086,7Tau,2000,03,34,26.6000,+24,27,52.000,8.00,-24.00,26.0,6.00,5.92
HR1087,psPer,2000,03,36,29.4000,+48,11,34.000,24.00,-26.00,-1.0,0.00,4.23
HR1088,ta5Eri,2000,03,33,47.3000,-21,37,58.000,48.00,-27.00,14.0,0.00,4.27
HR1089,HR1089,2000,03,34,49.2000,+06,25,04.000,-7.00,-17.00,-11.0,0.00,6.49
HR1090,HR1090,2000,03,32,34.8000,-50,22,43.000,97.00,79.00,37.0,0.00,5.68
HR1091,HR1091,2000,03,34,37.4000,-09,52,07.000,18.00,-4.00,11.0,0.00,6.25
HR1092,HR1092,2000,03,30,51.6000,-66,29,23.000,10.00,-2.00,29.0,0.00,5.83
HR1093,HR1093,2000,03,33,56.8000,-31,04,49.000,-21.00,62.00,-33.0,24.00,6.20
HR1094,HR1094,2000,03,38,19.7000,+56,55,58.000,22.00,-32.00,-0.0,0.00,6.30
HR1095,HR1095,2000,03,34,33.5000,-31,52,29.000,14.00,1.00,14.0,0.00,6.40
HR1096,HR1096,2000,03,32,51.6000,-61,01,01.000,80.00,36.00,31.0,0.00,6.41
HR1097,HR1097,2000,03,38,00.2000,+42,34,59.000,24.00,-21.00,-1.0,0.00,6.42
HR1098,HR1098,2000,03,35,57.7000,-11,11,37.000,30.00,84.00,37.0,0.00,5.57
HR1099,HR1099,2000,03,36,47.3000,+00,35,16.000,-26.00,-164.00,-23.0,32.00,5.71
HR1100,20Eri,2000,03,36,17.4000,-17,28,01.000,29.00,-10.00,14.0,14.00,5.23
HR1101,10Tau,2000,03,36,52.4000,+00,24,06.000,-233.00,-483.00,28.0,54.00,4.28
HR1102,HR1102,2000,03,37,47.8000,+15,25,51.000,15.00,-20.00,33.0,0.00,6.39
HR1103,HR1103,2000,03,39,00.1000,+20,54,57.000,5.00,-26.00,-9.0,0.00,6.50
HR1104,HR1104,2000,03,34,24.7000,-65,45,52.000,44.00,6.00,11.0,0.00,6.75
HR1105,HR1105,2000,03,42,09.3000,+63,13,00.000,-20.00,17.00,-22.0,2.00,5.10
HR1106,HR1106,2000,03,37,05.7000,-40,16,29.000,-5.00,-30.00,12.0,11.00,4.58
HR1107,HR1107,2000,04,10,01.5000,+86,37,34.000,139.00,-84.00,-4.0,22.00,5.86
HR1108,HR1108,2000,03,38,29.2000,-07,23,30.000,-9.00,-55.00,-30.0,0.00,5.85
HR1109,HR1109,2000,03,29,58.8000,-78,21,07.000,-17.00,-28.00,10.0,0.00,5.70
HR1110,HR1110,2000,03,39,25.7000,+16,32,12.000,41.00,-34.00,14.0,0.00,6.16
HR1111,21Eri,2000,03,39,01.1000,-05,37,34.000,-15.00,-205.00,40.0,28.00,5.96
HR1112,HR1112,2000,03,42,42.7000,+59,58,10.000,-5.00,2.00,-10.0,0.00,5.76
HR1113,HR1113,2000,03,41,07.9000,+37,34,48.000,23.00,-30.00,-1.0,0.00,5.57
HR1114,taFor,2000,03,38,47.7000,-27,56,35.000,25.00,23.00,39.0,0.00,6.01
HR1115,12Tau,2000,03,39,51.1000,+03,03,25.000,-41.00,8.00,21.0,0.00,5.57
HR1116,HR1116,2000,03,39,38.3000,-03,23,35.000,-22.00,-73.00,-18.0,0.00,6.23
HR1117,HR1117,2000,03,39,25.4000,-10,26,14.000,-21.00,-104.00,23.0,0.00,6.19
HR1118,11Tau,2000,03,40,46.3000,+25,19,46.000,8.00,-15.00,-5.0,0.00,6.11
HR1119,HR1119,2000,03,39,59.5000,-01,07,14.000,24.00,16.00,26.0,0.00,6.12
HR1120,HR1120,2000,03,40,11.4000,-15,13,36.000,-5.00,-14.00,-19.0,0.00,6.33
HR1121,22Eri,2000,03,40,38.3000,-05,12,38.000,-3.00,-1.00,16.0,0.00,5.53
HR1122,dePer,2000,03,42,55.5000,+47,47,15.000,28.00,-34.00,4.0,16.00,3.01
HR1123,40Per,2000,03,42,22.5000,+33,57,54.000,-5.00,-9.00,20.0,0.00,4.97
HR1124,HR1124,2000,03,46,00.9000,+67,12,06.000,81.00,-113.00,6.0,4.00,5.80
HR1125,HR1125,2000,03,41,13.8000,-11,48,11.000,73.00,13.00,29.0,0.00,6.49
HR1126,13Tau,2000,03,42,18.9000,+19,42,01.000,1.00,-14.00,-10.0,0.00,5.69
HR1127,HR1127,2000,03,44,06.4000,+48,31,25.000,-5.00,-10.00,-12.0,0.00,6.06
HR1128,HR1128,2000,03,41,22.4000,-19,35,05.000,-2.00,-7.00,-8.0,0.00,6.59
HR1129,HR1129,2000,03,46,02.3000,+63,20,42.000,-4.00,-13.00,-2.0,-0.00,4.80
HR1130,HR1130,2000,03,44,40.9000,+46,05,59.000,-4.00,-24.00,9.0,0.00,6.11
HR1131,omiPer,2000,03,44,19.1000,+32,17,18.000,7.00,-11.00,19.0,23.00,3.83
HR1132,14Tau,2000,03,43,47.2000,+19,39,54.000,116.00,-54.00,78.0,0.00,6.14
HR1133,HR1133,2000,03,44,31.4000,+36,27,36.000,48.00,-40.00,22.0,0.00,5.59
HR1134,deFor,2000,03,42,14.9000,-31,56,18.000,9.00,14.00,26.0,0.00,5.00
HR1135,nuPer,2000,03,45,11.6000,+42,34,43.000,-14.00,-2.00,-13.0,20.00,3.77
HR1136,deEri,2000,03,43,14.9000,-09,45,48.000,-92.00,745.00,-6.0,109.00,3.54
HR1137,HR1137,2000,03,44,28.1000,+20,55,43.000,14.00,-20.00,15.0,0.00,6.10
HR1138,HR1138,2000,03,49,13.8000,+70,52,16.000,24.00,-65.00,17.0,17.00,5.44
HR1139,HR1139,2000,03,43,33.8000,-10,29,08.000,-14.00,-17.00,16.0,0.00,5.60
HR1140,16Tau,2000,03,44,48.2000,+24,17,22.000,11.00,-46.00,3.0,12.00,5.46
HR1141,HR1141,2000,03,45,59.3000,+45,40,55.000,23.00,-18.00,2.0,0.00,5.66
HR1142,17Tau,2000,03,44,52.5000,+24,06,48.000,19.00,-46.00,12.0,20.00,3.70
HR1143,HR1143,2000,03,42,50.1000,-37,18,49.000,-88.00,-77.00,10.0,28.00,4.59
HR1144,18Tau,2000,03,45,09.7000,+24,50,21.000,20.00,-47.00,-2.0,0.00,5.64
HR1145,19Tau,2000,03,45,12.5000,+24,28,02.000,18.00,-45.00,6.0,0.00,4.30
HR1146,24Eri,2000,03,44,30.5000,-01,09,47.000,2.00,-7.00,27.0,0.00,5.25
HR1147,HR1147,2000,03,47,32.2000,+55,55,21.000,31.00,-15.00,-16.0,0.00,6.10
HR1148,gaCam,2000,03,50,21.5000,+71,19,56.000,17.00,-42.00,-1.0,12.00,4.63
HR1149,20Tau,2000,03,45,49.6000,+24,22,04.000,20.00,-46.00,8.0,0.00,3.87
HR1150,25Eri,2000,03,44,56.5000,-00,17,48.000,57.00,-1.00,71.0,0.00,5.55
HR1151,21Tau,2000,03,45,54.4000,+24,33,17.000,11.00,-42.00,9.0,0.00,5.76
HR1152,22Tau,2000,03,46,02.9000,+24,31,41.000,14.00,-44.00,0.0,0.00,6.43
HR1153,29Tau,2000,03,45,40.4000,+06,03,00.000,19.00,-13.00,17.0,0.00,5.35
HR1154,HR1154,2000,03,36,30.0000,-78,19,23.000,-21.00,1.00,3.0,0.00,6.29
HR1155,HR1155,2000,03,49,31.2000,+65,31,34.000,-7.00,-13.00,-3.0,14.00,4.47
HR1156,23Tau,2000,03,46,19.6000,+23,56,54.000,21.00,-45.00,6.0,0.00,4.18
HR1157,HR1157,2000,03,44,06.2000,-40,39,37.000,8.00,-86.00,19.0,0.00,6.45
HR1158,HR1158,2000,03,49,36.7000,+63,17,50.000,-18.00,-51.00,-14.0,0.00,5.85
HR1159,HR1159,2000,03,46,09.5000,+06,48,11.000,19.00,-71.00,-26.0,0.00,5.91
HR1160,HR1160,2000,03,48,18.3000,+50,44,12.000,14.00,-6.00,-24.0,0.00,6.14
HR1161,HR1161,2000,03,49,19.6000,+57,07,05.000,18.00,-27.00,-2.0,0.00,6.46
HR1162,piEri,2000,03,46,08.5000,-12,06,06.000,48.00,58.00,46.0,-0.00,4.42
HR1163,HR1163,2000,03,47,52.6000,+33,36,00.000,-6.00,-2.00,20.0,5.00,6.57
HR1164,HR1164,2000,03,47,48.9000,+32,11,42.000,-32.00,-47.00,-4.0,0.00,6.25
HR1165,etTau,2000,03,47,29.1000,+24,06,18.000,19.00,-46.00,10.0,8.00,2.87
HR1166,HR1166,2000,03,51,41.8000,+68,30,27.000,17.00,-16.00,-4.0,0.00,6.32
HR1167,HR1167,2000,03,44,50.6000,-48,03,41.000,28.00,-81.00,4.0,0.00,6.49
HR1168,HR1168,2000,03,44,33.8000,-54,16,26.000,23.00,65.00,33.0,0.00,6.30
HR1169,HR1169,2000,03,45,15.8000,-47,21,35.000,-11.00,-20.00,-3.0,0.00,5.73
HR1170,HR1170,2000,03,49,08.2000,+43,57,47.000,1.00,21.00,-15.0,0.00,6.02
HR1171,siFor,2000,03,46,27.4000,-29,20,17.000,4.00,12.00,-13.0,0.00,5.90
HR1172,HR1172,2000,03,48,20.9000,+23,25,16.000,23.00,-50.00,4.0,0.00,5.45
HR1173,ta6Eri,2000,03,46,50.9000,-23,14,59.000,-158.00,-529.00,7.0,59.00,4.23
HR1174,30Tau,2000,03,48,16.3000,+11,08,36.000,28.00,-22.00,16.0,11.00,5.07
HR1175,beRet,2000,03,44,12.0000,-64,48,25.000,313.00,76.00,51.0,42.00,3.85
HR1176,HR1176,2000,03,50,04.5000,+44,58,04.000,-28.00,-28.00,14.0,0.00,5.66
HR1177,42Per,2000,03,49,32.6000,+33,05,29.000,-29.00,-1.00,-14.0,-3.00,5.11
HR1178,27Tau,2000,03,49,09.7000,+24,03,12.000,18.00,-47.00,9.0,-26.00,3.63
HR1179,HR1179,2000,03,47,20.1000,-29,54,07.000,182.00,-69.00,4.0,0.00,6.55
HR1180,28Tau,2000,03,49,11.2000,+24,08,12.000,13.00,-50.00,4.0,-12.00,5.09
HR1181,ta7Eri,2000,03,47,39.6000,-23,52,29.000,43.00,48.00,29.0,14.00,5.24
HR1182,HR1182,2000,03,48,38.9000,+00,13,40.000,63.00,-6.00,66.0,0.00,5.91
HR1183,HR1183,2000,03,49,43.5000,+23,42,42.000,14.00,-49.00,9.0,0.00,6.17
HR1184,rhFor,2000,03,47,56.0000,-30,10,04.000,28.00,-230.00,53.0,8.00,5.54
HR1185,HR1185,2000,03,49,55.0000,+22,14,40.000,15.00,-37.00,-3.0,0.00,6.07
HR1186,HR1186,2000,03,47,49.6000,-36,06,21.000,21.00,8.00,11.0,0.00,6.21
HR1187,HR1187,2000,03,48,35.8000,-20,54,11.000,-15.00,-25.00,3.0,0.00,5.81
HR1188,HR1188,2000,03,50,18.9000,+25,34,46.000,38.00,-109.00,4.0,18.00,5.26
HR1189,HR1189,2000,03,48,35.4000,-37,37,20.000,59.00,-13.00,16.0,24.00,5.40
HR1190,HR1190,2000,03,48,35.9000,-37,37,14.000,79.00,-25.00,16.0,24.00,4.73
HR1191,HR1191,2000,03,51,53.7000,+34,21,33.000,2.00,-7.00,18.0,0.00,5.77
HR1192,HR1192,2000,03,53,43.3000,+57,58,30.000,81.00,-96.00,-5.0,0.00,5.80
HR1193,HR1193,2000,03,51,36.6000,+22,01,54.000,13.00,-19.00,63.0,0.00,6.83
HR1194,HR1194,2000,03,51,15.8000,+13,02,45.000,22.00,-30.00,16.0,0.00,6.30
HR1195,HR1195,2000,03,49,27.3000,-36,12,01.000,-46.00,-51.00,2.0,25.00,4.17
HR1196,HR1196,2000,03,56,30.2000,+71,49,18.000,-57.00,-8.00,-2.0,0.00,6.34
HR1197,HR1197,2000,03,52,04.3000,+31,10,06.000,-26.00,-45.00,-38.0,0.00,6.25
HR1198,HR1198,2000,03,53,38.7000,+48,39,02.000,36.00,-29.00,8.0,20.00,5.76
HR1199,31Tau,2000,03,52,00.2000,+06,32,05.000,9.00,-8.00,16.0,0.00,5.67
HR1200,HR1200,2000,03,50,37.6000,-36,25,31.000,4.00,20.00,6.0,0.00,6.86
HR1201,HR1201,2000,03,53,10.0000,+17,19,37.000,142.00,-30.00,35.0,30.00,5.97
HR1202,30Eri,2000,03,52,41.6000,-05,21,41.000,-11.00,-11.00,15.0,18.00,5.48
HR1203,zePer,2000,03,54,07.9000,+31,53,01.000,6.00,-10.00,20.0,10.00,2.85
HR1204,HR1204,2000,03,57,25.5000,+63,04,20.000,10.00,5.00,5.0,0.00,5.03
HR1205,HR1205,2000,03,57,08.3000,+61,06,32.000,-4.00,-15.00,-2.0,15.00,5.00
HR1206,HR1206,2000,03,53,13.0000,-18,26,04.000,11.00,0.00,20.0,0.00,6.22
HR1207,HR1207,2000,03,55,58.2000,+47,52,17.000,19.00,-18.00,5.0,0.00,5.37
HR1208,gaHyi,2000,03,47,14.3000,-74,14,20.000,47.00,114.00,16.0,5.00,3.24
HR1209,HR1209,2000,03,55,23.0000,+31,02,45.000,-13.00,-7.00,15.0,-2.00,6.10
HR1210,43Per,2000,03,56,36.5000,+50,41,43.000,91.00,-130.00,27.0,36.00,5.28
HR1211,32Eri,2000,03,54,17.4000,-02,57,10.000,29.00,8.00,18.0,4.00,6.14
HR1212,32Eri,2000,03,54,17.5000,-02,57,17.000,29.00,2.00,27.0,4.00,4.79
HR1213,ta8Eri,2000,03,53,42.6000,-24,36,45.000,23.00,-16.00,23.0,0.00,4.65
HR1214,HR1214,2000,03,53,38.9000,-34,43,56.000,31.00,-4.00,21.0,0.00,5.11
HR1215,HR1215,2000,03,56,28.7000,+35,04,52.000,5.00,-1.00,17.0,0.00,5.49
HR1216,HR1216,2000,03,53,33.3000,-46,53,37.000,34.00,-43.00,-1.0,0.00,5.93
HR1217,HR1217,2000,03,55,16.3000,-12,05,57.000,-55.00,-40.00,22.0,0.00,6.00
HR1218,32Tau,2000,03,56,52.1000,+22,28,41.000,69.00,-116.00,32.0,30.00,5.63
HR1219,HR1219,2000,03,54,23.2000,-40,21,26.000,-12.00,-3.00,2.0,0.00,5.71
HR1220,epPer,2000,03,57,51.2000,+40,00,37.000,18.00,-26.00,1.0,9.00,2.89
HR1221,33Tau,2000,03,57,03.8000,+23,10,32.000,9.00,-18.00,25.0,0.00,6.06
HR1222,HR1222,2000,03,57,26.4000,+24,27,43.000,1.00,-12.00,-13.0,0.00,6.16
HR1223,HR1223,2000,03,58,03.1000,+34,48,52.000,13.00,-18.00,-2.0,0.00,6.53
HR1224,HR1224,2000,03,57,01.7000,+06,02,24.000,36.00,-67.00,8.0,0.00,6.09
HR1225,HR1225,2000,03,56,37.9000,-09,45,03.000,42.00,6.00,14.0,0.00,6.19
HR1226,HR1226,2000,03,58,29.1000,+38,50,25.000,38.00,-41.00,22.0,0.00,6.30
HR1227,HR1227,2000,03,54,34.0000,-52,41,26.000,31.00,-41.00,21.0,0.00,6.46
HR1228,xiPer,2000,03,58,57.9000,+35,47,28.000,2.00,0.00,70.0,-4.00,4.04
HR1229,HR1229,2000,03,59,40.0000,+38,49,14.000,-6.00,0.00,-2.0,5.00,6.38
HR1230,HR1230,2000,04,10,02.8000,+80,41,55.000,-17.00,-2.00,4.0,5.00,5.10
HR1231,gaEri,2000,03,58,01.8000,-13,30,31.000,61.00,-111.00,62.0,10.00,2.95
HR1232,HR1232,2000,03,58,52.3000,-05,28,12.000,-55.00,-180.00,36.0,0.00,5.83
HR1233,HR1233,2000,03,59,40.7000,+10,19,51.000,170.00,4.00,40.0,0.00,6.37
HR1234,HR1234,2000,04,01,14.7000,+36,59,24.000,-22.00,15.00,-20.0,0.00,6.41
HR1235,HR1235,2000,03,59,30.1000,-12,34,27.000,-11.00,-32.00,-5.0,0.00,5.60
HR1236,HR1236,2000,03,56,04.0000,-63,27,49.000,72.00,47.00,-0.0,0.00,6.14
HR1237,HR1237,2000,04,00,36.9000,+17,17,48.000,0.00,-33.00,29.0,0.00,6.32
HR1238,HR1238,2000,04,00,48.8000,+18,11,38.000,132.00,-28.00,25.0,0.00,5.89
HR1239,laTau,2000,04,00,40.8000,+12,29,25.000,-6.00,-12.00,18.0,2.00,3.47
HR1240,ta9Eri,2000,03,59,55.5000,-24,00,59.000,15.00,15.00,24.0,15.00,4.66
HR1241,HR1241,2000,04,06,03.1000,+68,40,48.000,2.00,-1.00,-47.0,0.00,5.87
HR1242,HR1242,2000,04,04,27.2000,+59,09,20.000,-2.00,1.00,-20.0,0.00,5.06
HR1243,HR1243,2000,04,01,46.1000,+09,59,52.000,5.00,-5.00,3.0,0.00,5.67
HR1244,35Eri,2000,04,01,32.0000,-01,32,59.000,25.00,-16.00,17.0,0.00,5.28
HR1245,HR1245,2000,03,58,42.9000,-57,06,09.000,29.00,6.00,12.0,0.00,6.05
HR1246,HR1246,2000,04,00,40.7000,-30,29,27.000,52.00,4.00,21.0,0.00,5.93
HR1247,deRet,2000,03,58,44.7000,-61,24,01.000,11.00,-18.00,-1.0,-1.00,4.56
HR1248,HR1248,2000,04,06,39.0000,+65,31,15.000,30.00,-21.00,-3.0,0.00,6.17
HR1249,HR1249,2000,04,02,36.7000,-00,16,08.000,149.00,-251.00,18.0,57.00,5.38
HR1250,HR1250,2000,04,00,15.7000,-51,33,53.000,27.00,14.00,7.0,0.00,6.51
HR1251,nuTau,2000,04,03,09.4000,+05,59,21.000,5.00,-3.00,-6.0,30.00,3.91
HR1252,36Tau,2000,04,04,21.7000,+24,06,21.000,-4.00,-14.00,18.0,14.00,5.47
HR1253,40Tau,2000,04,03,44.6000,+05,26,08.000,3.00,-10.00,11.0,0.00,5.33
HR1254,HR1254,2000,04,03,56.6000,+08,11,50.000,169.00,23.00,36.0,30.00,5.46
HR1255,HR1255,2000,04,06,36.6000,+54,00,31.000,55.00,-99.00,-8.0,0.00,6.31
HR1256,37Tau,2000,04,04,41.7000,+22,04,55.000,90.00,-59.00,9.0,13.00,4.36
HR1257,HR1257,2000,04,04,09.9000,+02,49,37.000,147.00,-125.00,-18.0,20.00,5.36
HR1258,HR1258,2000,04,03,24.7000,-20,08,39.000,3.00,-14.00,20.0,0.00,6.46
HR1259,HR1259,2000,04,03,36.8000,-20,09,30.000,20.00,6.00,24.0,0.00,7.01
HR1260,HR1260,2000,04,07,51.1000,+62,19,48.000,-23.00,-10.00,-9.0,0.00,6.99
HR1261,laPer,2000,04,06,35.0000,+50,21,05.000,-15.00,-36.00,6.0,0.00,4.29
HR1262,39Tau,2000,04,05,20.2000,+22,00,32.000,169.00,-136.00,26.0,63.00,5.90
HR1263,HR1263,2000,04,04,08.7000,-16,35,20.000,93.00,-63.00,32.0,0.00,6.39
HR1264,gaRet,2000,04,00,53.8000,-62,09,34.000,2.00,26.00,-7.0,0.00,4.51
HR1265,HR1265,2000,04,04,22.7000,-12,47,33.000,10.00,13.00,32.0,0.00,5.61
HR1266,ioRet,2000,04,01,18.2000,-61,04,44.000,67.00,92.00,61.0,14.00,4.97
HR1267,HR1267,2000,04,04,41.0000,-20,22,54.000,28.00,-9.00,-4.0,0.00,6.13
HR1268,41Tau,2000,04,06,36.4000,+27,36,00.000,19.00,-53.00,-2.0,0.00,5.20
HR1269,psTau,2000,04,07,00.5000,+29,00,05.000,-92.00,7.00,9.0,0.00,5.23
HR1270,HR1270,2000,04,09,27.6000,+59,54,29.000,0.00,-5.00,-14.0,0.00,6.28
HR1271,HR1271,2000,03,42,32.1000,-85,15,44.000,13.00,10.00,21.0,8.00,6.41
HR1272,HR1272,2000,04,05,56.5000,-08,51,22.000,24.00,-8.00,28.0,0.00,6.26
HR1273,48Per,2000,04,08,39.7000,+47,42,45.000,21.00,-30.00,1.0,20.00,4.04
HR1274,HR1274,2000,04,05,46.7000,-20,30,44.000,-20.00,12.00,14.0,0.00,6.34
HR1275,HR1275,2000,04,05,37.4000,-27,39,06.000,205.00,94.00,63.0,45.00,5.59
HR1276,HR1276,2000,04,09,22.4000,+54,49,44.000,81.00,-93.00,-5.0,0.00,6.18
HR1277,49Per,2000,04,08,15.3000,+37,43,40.000,-112.00,-191.00,-40.0,20.00,6.09
HR1278,50Per,2000,04,08,36.6000,+38,02,23.000,167.00,-202.00,25.0,49.00,5.51
HR1279,HR1279,2000,04,07,42.0000,+15,09,46.000,132.00,-24.00,36.0,7.00,6.01
HR1280,HR1280,2000,04,07,59.4000,+17,20,23.000,7.00,-15.00,-31.0,6.00,5.89
HR1281,HR1281,2000,04,13,44.9000,+72,07,35.000,13.00,-27.00,-4.0,0.00,6.03
HR1282,HR1282,2000,04,12,51.6000,+68,30,06.000,-45.00,26.00,-24.0,0.00,6.32
HR1283,ome1Tau,2000,04,09,10.0000,+19,36,33.000,104.00,-33.00,25.0,23.00,5.50
HR1284,HR1284,2000,04,09,01.6000,+13,23,54.000,16.00,-14.00,-25.0,0.00,5.95
HR1285,HR1285,2000,04,07,25.1000,-42,55,01.000,-5.00,4.00,-7.0,0.00,6.59
HR1286,HR1286,2000,04,10,59.0000,+33,35,12.000,-4.00,-9.00,20.0,0.00,5.72
HR1287,44Tau,2000,04,10,49.9000,+26,28,51.000,-33.00,-36.00,19.0,0.00,5.41
HR1288,HR1288,2000,04,09,17.8000,-16,23,09.000,2.00,5.00,14.0,0.00,5.37
HR1289,HR1289,2000,04,28,13.0000,+83,48,28.000,-14.00,10.00,-7.0,3.00,5.57
HR1290,37Eri,2000,04,10,22.5000,-06,55,26.000,-3.00,-13.00,-10.0,0.00,5.44
HR1291,HR1291,2000,04,08,33.9000,-45,51,53.000,75.00,21.00,8.0,0.00,6.59
HR1292,45Tau,2000,04,11,20.3000,+05,31,23.000,149.00,5.00,37.0,32.00,5.72
HR1293,HR1293,2000,04,10,47.7000,-08,49,11.000,38.00,9.00,30.0,0.00,5.70
HR1294,HR1294,2000,04,07,21.6000,-64,13,21.000,213.00,324.00,28.0,38.00,6.38
HR1295,HR1295,2000,04,12,31.4000,+17,16,39.000,52.00,-18.00,27.0,0.00,6.09
HR1296,HR1296,2000,04,15,01.8000,+57,27,37.000,-2.00,3.00,-23.0,0.00,6.08
HR1297,HR1297,2000,04,12,51.2000,+22,24,49.000,-5.00,-10.00,13.0,0.00,6.12
HR1298,omi1Eri,2000,04,11,51.9000,-06,50,15.000,10.00,82.00,11.0,33.00,4.04
HR1299,HR1299,2000,04,10,45.8000,-35,16,26.000,-19.00,-35.00,28.0,0.00,6.44
HR1300,HR1300,2000,04,11,36.2000,-20,21,22.000,50.00,52.00,-13.0,0.00,5.79
HR1301,HR1301,2000,04,13,59.6000,+37,58,01.000,-58.00,0.00,29.0,0.00,6.45
HR1302,deHor,2000,04,10,50.6000,-41,59,37.000,196.00,63.00,37.0,12.00,4.93
HR1303,muPer,2000,04,14,53.9000,+48,24,34.000,5.00,-18.00,8.0,17.00,4.14
HR1304,HR1304,2000,04,30,00.1000,+83,20,26.000,-55.00,105.00,-38.0,15.00,5.46
HR1305,HR1305,2000,04,16,53.6000,+61,51,01.000,11.00,-10.00,-2.0,0.00,5.70
HR1306,52Per,2000,04,14,53.3000,+40,29,01.000,8.00,-26.00,-2.0,4.00,4.71
HR1307,HR1307,2000,04,13,34.8000,+10,12,44.000,45.00,-26.00,3.0,0.00,6.23
HR1308,HR1308,2000,04,13,31.3000,+08,53,26.000,16.00,-27.00,8.0,0.00,6.51
HR1309,46Tau,2000,04,13,33.1000,+07,42,58.000,-2.00,6.00,4.0,30.00,5.29
HR1310,HR1310,2000,04,13,49.9000,+12,45,12.000,19.00,-28.00,48.0,0.00,6.25
HR1311,47Tau,2000,04,13,56.4000,+09,15,49.000,-10.00,-38.00,-7.0,29.00,4.84
HR1312,HR1312,2000,04,13,38.2000,-01,08,59.000,7.00,-4.00,18.0,0.00,6.44
HR1313,HR1313,2000,04,17,08.2000,+57,51,38.000,30.00,-34.00,-38.0,0.00,5.71
HR1314,HR1314,2000,04,16,43.1000,+53,36,43.000,-17.00,2.00,-3.0,11.00,5.19
HR1315,HR1315,2000,04,14,36.3000,+10,00,40.000,2.00,-26.00,7.0,0.00,5.22
HR1316,HR1316,2000,04,12,31.6000,-44,22,06.000,45.00,3.00,41.0,0.00,6.71
HR1317,HR1317,2000,04,27,02.8000,+80,49,27.000,3.00,-19.00,-9.0,14.00,5.43
HR1318,39Eri,2000,04,14,23.7000,-10,15,23.000,-9.00,-162.00,7.0,15.00,4.87
HR1319,48Tau,2000,04,15,46.3000,+15,24,02.000,116.00,-29.00,36.0,0.00,6.32
HR1320,muTau,2000,04,15,32.1000,+08,53,32.000,21.00,-24.00,17.0,0.00,4.29
HR1321,HR1321,2000,04,15,25.8000,+06,11,59.000,-106.00,-107.00,-8.0,0.00,6.93
HR1322,HR1322,2000,04,15,29.2000,+06,11,12.000,-60.00,-116.00,-8.0,0.00,6.31
HR1323,HR1323,2000,04,13,35.7000,-40,21,28.000,16.00,28.00,59.0,0.00,6.37
HR1324,HR1324,2000,04,18,14.6000,+50,17,44.000,47.00,-54.00,20.0,0.00,4.61
HR1325,omi2Eri,2000,04,15,16.3000,-07,39,10.000,-2242.00,-3414.00,-42.0,209.00,4.43
HR1326,alHor,2000,04,14,00.1000,-42,17,40.000,46.00,-209.00,22.0,26.00,3.86
HR1327,HR1327,2000,04,20,40.3000,+65,08,26.000,-36.00,-3.00,-19.0,0.00,5.27
HR1328,HR1328,2000,04,18,08.2000,+42,08,28.000,29.00,-34.00,7.0,0.00,6.22
HR1329,ome2Tau,2000,04,17,15.6000,+20,34,43.000,-44.00,-58.00,16.0,0.00,4.94
HR1330,HR1330,2000,04,19,13.3000,+50,02,56.000,61.00,-52.00,-17.0,0.00,5.45
HR1331,51Tau,2000,04,18,23.2000,+21,34,45.000,94.00,-37.00,35.0,0.00,5.65
HR1332,HR1332,2000,04,17,19.2000,-06,28,19.000,-19.00,2.00,-2.0,0.00,5.94
HR1333,HR1333,2000,04,20,11.5000,+50,55,15.000,0.00,-6.00,-16.0,0.00,5.55
HR1334,HR1334,2000,04,18,24.5000,+09,29,12.000,-23.00,-34.00,28.0,0.00,6.54
HR1335,HR1335,2000,04,21,47.6000,+60,44,08.000,54.00,-117.00,29.0,0.00,5.39
HR1336,alRet,2000,04,14,25.5000,-62,28,26.000,45.00,45.00,36.0,13.00,3.35
HR1337,HR1337,2000,04,20,14.4000,+41,48,29.000,11.00,-26.00,24.0,0.00,5.92
HR1338,gaDor,2000,04,16,01.6000,-51,29,12.000,106.00,182.00,25.0,61.00,4.25
HR1339,53Tau,2000,04,19,26.1000,+21,08,32.000,30.00,-42.00,12.0,0.00,5.35
HR1340,HR1340,2000,04,14,48.7000,-62,11,31.000,10.00,88.00,36.0,6.00,5.45
HR1341,56Tau,2000,04,19,36.7000,+21,46,25.000,30.00,-40.00,12.0,0.00,5.38
HR1342,HR1342,2000,04,21,51.8000,+56,30,24.000,-14.00,15.00,-18.0,0.00,5.88
HR1343,54Per,2000,04,20,24.6000,+34,34,00.000,-25.00,-5.00,-27.0,0.00,4.93
HR1344,HR1344,2000,04,20,10.0000,+31,57,12.000,2.00,-8.00,-18.0,0.00,6.16
HR1345,HR1345,2000,04,18,15.9000,-20,42,56.000,-13.00,12.00,25.0,0.00,6.00
HR1346,gaTau,2000,04,19,47.6000,+15,37,39.000,115.00,-25.00,39.0,28.00,3.65
HR1347,up4Eri,2000,04,17,53.7000,-33,47,54.000,67.00,-8.00,18.0,0.00,3.56
HR1348,phTau,2000,04,20,21.3000,+27,21,03.000,-25.00,-80.00,3.0,0.00,4.95
HR1349,HR1349,2000,04,19,37.5000,+10,07,17.000,2.00,-40.00,-27.0,0.00,6.31
HR1350,53Per,2000,04,21,33.2000,+46,29,56.000,25.00,-35.00,1.0,0.00,4.85
HR1351,57Tau,2000,04,19,57.7000,+14,02,07.000,116.00,-21.00,42.0,0.00,5.59
HR1352,HR1352,2000,04,22,57.9000,+59,36,59.000,30.00,-38.00,12.0,0.00,6.19
HR1353,HR1353,2000,04,18,37.4000,-22,58,13.000,47.00,29.00,39.0,0.00,6.07
HR1354,HR1354,2000,04,20,25.1000,+18,44,33.000,108.00,-43.00,42.0,0.00,6.12
HR1355,epRet,2000,04,16,28.9000,-59,18,07.000,-51.00,-164.00,29.0,67.00,4.44
HR1356,58Tau,2000,04,20,36.3000,+15,05,43.000,108.00,-24.00,36.0,0.00,5.26
HR1357,HR1357,2000,04,16,21.1000,-60,56,55.000,41.00,19.00,22.0,15.00,6.37
HR1358,HR1358,2000,04,20,52.8000,+13,51,51.000,113.00,-25.00,37.0,0.00,6.17
HR1359,HR1359,2000,04,19,03.0000,-33,54,18.000,17.00,-6.00,16.0,7.00,6.37
HR1360,HR1360,2000,04,20,41.2000,+06,07,51.000,-12.00,-51.00,7.0,0.00,5.77
HR1361,HR1361,2000,04,20,49.0000,+09,13,32.000,54.00,39.00,39.0,0.00,6.53
HR1362,HR1362,2000,04,20,38.7000,-06,14,44.000,103.00,-44.00,8.0,0.00,6.27
HR1363,HR1363,2000,04,20,42.8000,-07,35,33.000,2.00,-1.00,11.0,0.00,5.85
HR1364,HR1364,2000,04,19,16.6000,-44,16,05.000,63.00,-46.00,24.0,5.00,5.34
HR1365,HR1365,2000,04,18,40.0000,-52,51,36.000,51.00,73.00,21.0,0.00,6.09
HR1366,HR1366,2000,04,21,27.1000,-00,05,53.000,-16.00,-123.00,-27.0,8.00,5.86
HR1367,HR1367,2000,04,20,39.0000,-20,38,23.000,25.00,-11.00,32.0,7.00,5.38
HR1368,60Tau,2000,04,22,03.5000,+14,04,38.000,113.00,-26.00,41.0,0.00,5.72
HR1369,chTau,2000,04,22,34.9000,+25,37,45.000,17.00,-23.00,17.0,0.00,5.37
HR1370,HR1370,2000,04,22,22.8000,+20,49,17.000,1.00,1.00,-9.0,15.00,5.91
HR1371,HR1371,2000,04,23,35.9000,+42,25,41.000,24.00,-32.00,-12.0,2.00,6.23
HR1372,thRet,2000,04,17,40.2000,-63,15,20.000,2.00,27.00,3.0,0.00,5.87
HR1373,de1Tau,2000,04,22,56.1000,+17,32,33.000,107.00,-30.00,39.0,21.00,3.76
HR1374,HR1374,2000,04,21,31.3000,-25,43,42.000,48.00,-50.00,18.0,57.00,6.01
HR1375,HR1375,2000,04,23,32.4000,+20,58,56.000,16.00,-28.00,18.0,0.00,5.99
HR1376,63Tau,2000,04,23,25.0000,+16,46,38.000,104.00,-28.00,35.0,0.00,5.64
HR1377,55Per,2000,04,24,29.2000,+34,07,50.000,19.00,-44.00,5.0,0.00,5.73
HR1378,62Tau,2000,04,23,59.8000,+24,18,04.000,6.00,-10.00,16.0,0.00,6.36
HR1379,56Per,2000,04,24,37.4000,+33,57,35.000,43.00,-72.00,-32.0,5.00,5.76
HR1380,de2Tau,2000,04,24,05.8000,+17,26,38.000,110.00,-38.00,39.0,17.00,4.80
HR1381,66Tau,2000,04,23,51.9000,+09,27,39.000,-15.00,-8.00,-4.0,1.00,5.12
HR1382,HR1382,2000,04,27,00.9000,+57,35,07.000,9.00,-12.00,-1.0,0.00,6.32
HR1383,xiEri,2000,04,23,40.8000,-03,44,44.000,-50.00,-57.00,-11.0,13.00,5.17
HR1384,HR1384,2000,04,23,05.7000,-24,53,32.000,18.00,-15.00,29.0,0.00,5.83
HR1385,HR1385,2000,04,24,57.1000,+19,02,30.000,105.00,-44.00,37.0,0.00,5.98
HR1386,HR1386,2000,04,23,07.7000,-35,32,42.000,-6.00,0.00,17.0,0.00,6.39
HR1387,ka1Tau,2000,04,25,22.1000,+22,17,38.000,96.00,-48.00,40.0,25.00,4.22
HR1388,ka2Tau,2000,04,25,25.0000,+22,11,59.000,109.00,-54.00,32.0,0.00,5.28
HR1389,de3Tau,2000,04,25,29.4000,+17,55,41.000,108.00,-28.00,35.0,19.00,4.29
HR1390,HR1390,2000,04,26,06.3000,+31,26,20.000,76.00,-110.00,28.0,0.00,5.28
HR1391,70Tau,2000,04,25,37.3000,+15,56,27.000,107.00,-28.00,38.0,38.00,6.46
HR1392,upTau,2000,04,26,18.5000,+22,48,49.000,107.00,-46.00,35.0,36.00,4.28
HR1393,43Eri,2000,04,24,02.2000,-34,01,01.000,69.00,51.00,24.0,-8.00,3.96
HR1394,71Tau,2000,04,26,20.8000,+15,37,06.000,112.00,-23.00,38.0,7.00,4.49
HR1395,etRet,2000,04,21,53.3000,-63,23,11.000,89.00,173.00,45.0,16.00,5.24
HR1396,piTau,2000,04,26,36.4000,+14,42,49.000,-2.00,-33.00,32.0,14.00,4.69
HR1397,HR1397,2000,04,26,21.1000,+08,35,25.000,-1.00,-6.00,14.0,0.00,6.06
HR1398,HR1398,2000,04,24,56.4000,-34,45,28.000,-13.00,-110.00,7.0,0.00,6.55
HR1399,72Tau,2000,04,27,17.5000,+22,59,47.000,6.00,-17.00,5.0,0.00,5.53
HR1400,HR1400,2000,04,27,00.7000,+02,04,46.000,65.00,-47.00,21.0,0.00,6.23
HR1401,HR1401,2000,04,33,30.7000,+72,31,43.000,27.00,-89.00,10.0,0.00,5.94
HR1402,HR1402,2000,04,27,28.8000,+11,12,45.000,-3.00,-3.00,4.0,3.00,5.88
HR1403,HR1403,2000,04,28,00.8000,+21,37,12.000,95.00,-38.00,36.0,0.00,5.72
HR1404,HR1404,2000,04,25,19.1000,-44,09,39.000,35.00,67.00,13.0,0.00,6.39
HR1405,HR1405,2000,04,24,12.2000,-57,04,17.000,-98.00,-77.00,-4.0,42.00,6.29
HR1406,HR1406,2000,04,28,51.9000,+30,21,41.000,10.00,-23.00,-37.0,16.00,6.40
HR1407,75Tau,2000,04,28,26.4000,+16,21,35.000,6.00,28.00,18.0,0.00,4.97
HR1408,76Tau,2000,04,28,23.4000,+14,44,27.000,108.00,-24.00,44.0,0.00,5.90
HR1409,epTau,2000,04,28,37.0000,+19,10,49.000,107.00,-38.00,39.0,20.00,3.53
HR1410,HR1410,2000,04,26,57.0000,-24,04,53.000,-3.00,-15.00,-4.0,19.00,6.11
HR1411,th1Tau,2000,04,28,34.5000,+15,57,44.000,103.00,-27.00,40.0,38.00,3.84
HR1412,th2Tau,2000,04,28,39.7000,+15,52,15.000,103.00,-25.00,40.0,29.00,3.40
HR1413,HR1413,2000,04,28,03.6000,+01,51,31.000,27.00,4.00,30.0,0.00,6.15
HR1414,79Tau,2000,04,28,50.2000,+13,02,51.000,105.00,-16.00,33.0,0.00,5.03
HR1415,HR1415,2000,04,28,32.1000,+01,22,51.000,19.00,-21.00,18.0,0.00,5.55
HR1416,HR1416,2000,04,25,05.3000,-61,14,18.000,-24.00,14.00,-19.0,0.00,5.94
HR1417,1Cam,2000,04,32,01.8000,+53,54,39.000,0.00,-3.00,-7.0,6.00,5.77
HR1418,HR1418,2000,04,27,06.0000,-46,56,51.000,68.00,-275.00,16.0,32.00,6.10
HR1419,HR1419,2000,04,30,38.3000,+32,27,29.000,-4.00,-11.00,23.0,0.00,6.21
HR1420,HR1420,2000,04,29,42.9000,+10,31,18.000,4.00,1.00,15.0,0.00,6.79
HR1421,HR1421,2000,04,28,39.0000,-19,27,30.000,28.00,-90.00,26.0,0.00,5.96
HR1422,80Tau,2000,04,30,08.6000,+15,38,17.000,102.00,-24.00,30.0,31.00,5.58
HR1423,HR1423,2000,04,29,06.9000,-13,02,54.000,2.00,0.00,22.0,0.00,5.60
HR1424,HR1424,2000,04,31,24.0000,+40,00,37.000,-6.00,-14.00,-12.0,0.00,6.26
HR1425,HR1425,2000,04,30,02.4000,+10,15,45.000,-7.00,-67.00,-63.0,0.00,6.48
HR1426,deMen,2000,04,17,59.1000,-80,12,50.000,18.00,61.00,-20.0,0.00,5.69
HR1427,HR1427,2000,04,30,33.7000,+16,11,38.000,107.00,-27.00,38.0,53.00,4.78
HR1428,81Tau,2000,04,30,38.9000,+15,41,31.000,103.00,-23.00,39.0,0.00,5.48
HR1429,HR1429,2000,04,28,09.4000,-41,57,36.000,-11.00,-6.00,97.0,0.00,6.44
HR1430,83Tau,2000,04,30,37.3000,+13,43,28.000,106.00,-23.00,39.0,0.00,5.40
HR1431,HR1431,2000,04,30,09.7000,-13,35,32.000,-25.00,9.00,14.0,0.00,6.24
HR1432,85Tau,2000,04,31,51.8000,+15,51,06.000,101.00,-27.00,36.0,0.00,6.02
HR1433,HR1433,2000,04,29,20.0000,-46,30,55.000,46.00,30.00,11.0,0.00,6.16
HR1434,57Per,2000,04,33,24.9000,+43,03,50.000,4.00,4.00,-23.0,0.00,6.09
HR1435,HR1435,2000,04,27,45.9000,-62,31,15.000,-19.00,14.00,1.0,0.00,5.75
HR1436,HR1436,2000,04,32,04.8000,+05,24,36.000,114.00,9.00,40.0,0.00,6.39
HR1437,45Eri,2000,04,31,52.7000,-00,02,38.000,3.00,-9.00,17.0,-9.00,4.91
HR1438,HR1438,2000,04,31,25.9000,-13,38,42.000,-11.00,-63.00,-15.0,0.00,6.21
HR1439,HR1439,2000,04,30,40.3000,-35,39,13.000,0.00,31.00,-8.0,0.00,5.96
HR1440,HR1440,2000,04,36,24.2000,+64,15,42.000,-26.00,-9.00,-16.0,0.00,5.94
HR1441,HR1441,2000,04,32,37.4000,-03,12,33.000,-5.00,-6.00,18.0,0.00,5.81
HR1442,HR1442,2000,04,33,32.9000,+18,01,00.000,11.00,-24.00,15.0,2.00,6.25
HR1443,deCae,2000,04,30,50.1000,-44,57,14.000,7.00,-8.00,14.0,0.00,5.07
HR1444,rhTau,2000,04,33,50.9000,+14,50,40.000,103.00,-27.00,40.0,26.00,4.65
HR1445,HR1445,2000,04,34,38.0000,+28,57,40.000,2.00,-25.00,13.0,0.00,5.88
HR1446,HR1446,2000,04,33,48.1000,+09,24,47.000,-16.00,-43.00,-26.0,0.00,6.01
HR1447,HR1447,2000,04,33,22.0000,-10,47,09.000,-5.00,15.00,-3.0,0.00,6.06
HR1448,HR1448,2000,04,34,08.3000,+05,34,07.000,-10.00,-5.00,-8.0,0.00,5.68
HR1449,46Eri,2000,04,33,54.8000,-06,44,20.000,0.00,-7.00,2.0,0.00,5.72
HR1450,HR1450,2000,04,34,14.2000,-06,50,16.000,-18.00,-37.00,-4.0,0.00,6.09
HR1451,47Eri,2000,04,34,11.6000,-08,13,53.000,-18.00,-1.00,-12.0,6.00,5.11
HR1452,HR1452,2000,04,34,11.7000,-08,58,13.000,-37.00,-111.00,-27.0,10.00,5.26
HR1453,up1Eri,2000,04,33,30.6000,-29,46,00.000,-102.00,-275.00,21.0,28.00,4.51
HR1454,58Per,2000,04,36,41.4000,+41,15,53.000,-5.00,-16.00,5.0,16.00,4.25
HR1455,HR1455,2000,04,35,42.7000,+19,52,54.000,-1.00,-17.00,-2.0,0.00,6.36
HR1456,nuMen,2000,04,20,57.9000,-81,34,48.000,3.00,127.00,14.0,0.00,5.79
HR1457,alTau,2000,04,35,55.2000,+16,30,33.000,63.00,-190.00,54.0,48.00,0.85
HR1458,88Tau,2000,04,35,39.3000,+10,09,39.000,55.00,-46.00,29.0,36.00,4.25
HR1459,HR1459,2000,04,36,29.2000,+23,20,27.000,112.00,-55.00,43.0,0.00,6.02
HR1460,HR1460,2000,04,35,14.0000,-09,44,12.000,21.00,-23.00,26.0,0.00,6.37
HR1461,HR1461,2000,04,35,00.5000,-19,55,14.000,81.00,81.00,74.0,0.00,6.13
HR1462,HR1462,2000,04,36,01.6000,-03,36,43.000,-7.00,-13.00,20.0,0.00,6.33
HR1463,nuEri,2000,04,36,19.1000,-03,21,09.000,2.00,-5.00,15.0,0.00,3.93
HR1464,up2Eri,2000,04,35,33.0000,-30,33,44.000,-45.00,-12.00,-4.0,-14.00,3.82
HR1465,alDor,2000,04,33,59.8000,-55,02,42.000,51.00,-3.00,26.0,18.00,3.27
HR1466,2Cam,2000,04,39,58.1000,+53,28,23.000,46.00,-92.00,20.0,19.00,5.35
HR1467,3Cam,2000,04,39,54.7000,+53,04,47.000,-2.00,-13.00,-41.0,-8.00,5.05
HR1468,HR1468,2000,04,46,00.3000,+76,36,40.000,64.00,-136.00,-6.0,15.00,6.49
HR1469,HR1469,2000,04,37,13.7000,+00,59,54.000,-4.00,-4.00,24.0,0.00,5.31
HR1470,HR1470,2000,04,38,29.6000,+26,56,24.000,47.00,-58.00,4.0,21.00,6.47
HR1471,HR1471,2000,04,38,15.8000,+20,41,05.000,-15.00,-7.00,-2.0,0.00,5.92
HR1472,89Tau,2000,04,38,09.4000,+16,02,00.000,93.00,-23.00,38.0,0.00,5.79
HR1473,90Tau,2000,04,38,09.5000,+12,30,39.000,103.00,-13.00,45.0,24.00,4.27
HR1474,51Eri,2000,04,37,36.1000,-02,28,24.000,42.00,-61.00,21.0,34.00,5.23
HR1475,HR1475,2000,04,33,34.0000,-62,49,25.000,-115.00,-23.00,31.0,0.00,5.79
HR1476,HR1476,2000,04,36,50.9000,-30,43,00.000,-11.00,13.00,15.0,0.00,6.30
HR1477,HR1477,2000,04,39,23.1000,+25,13,06.000,17.00,-15.00,21.0,0.00,6.22
HR1478,si1Tau,2000,04,39,09.2000,+15,47,59.000,39.00,-72.00,19.0,21.00,5.07
HR1479,si2Tau,2000,04,39,16.5000,+15,55,05.000,83.00,-18.00,36.0,20.00,4.69
HR1480,HR1480,2000,04,39,06.2000,+07,52,15.000,94.00,-3.00,36.0,0.00,5.39
HR1481,53Eri,2000,04,38,10.8000,-14,18,14.000,-75.00,-156.00,42.0,44.00,3.87
HR1482,HR1482,2000,04,41,24.1000,+48,18,03.000,42.00,-42.00,23.0,0.00,5.67
HR1483,HR1483,2000,04,38,53.6000,-12,07,23.000,-53.00,-11.00,7.0,28.00,5.01
HR1484,93Tau,2000,04,40,03.4000,+12,11,52.000,-1.00,-8.00,23.0,0.00,5.46
HR1485,HR1485,2000,04,22,50.9000,-82,53,57.000,-18.00,3.00,-5.0,0.00,6.76
HR1486,HR1486,2000,04,43,18.1000,+59,31,15.000,33.00,-49.00,10.0,5.00,6.50
HR1487,HR1487,2000,04,39,19.7000,-14,21,33.000,122.00,-127.00,56.0,7.00,5.45
HR1488,HR1488,2000,04,39,47.2000,-01,03,10.000,25.00,-18.00,34.0,0.00,6.10
HR1489,HR1489,2000,04,41,50.3000,+38,16,49.000,241.00,-93.00,47.0,22.00,5.99
HR1490,HR1490,2000,04,41,19.8000,+28,36,54.000,34.00,-30.00,25.0,0.00,5.78
HR1491,HR1491,2000,04,48,50.3000,+75,56,28.000,35.00,-135.00,-6.0,21.00,6.06
HR1492,HR1492,2000,04,36,45.6000,-62,04,39.000,-64.00,-84.00,26.0,0.00,5.40
HR1493,HR1493,2000,04,43,21.6000,+49,58,26.000,-4.00,-16.00,3.0,0.00,5.87
HR1494,59Per,2000,04,42,54.3000,+43,21,54.000,39.00,-52.00,9.0,18.00,5.29
HR1495,HR1495,2000,04,40,06.8000,-24,28,57.000,-67.00,18.00,-18.0,0.00,5.58
HR1496,54Eri,2000,04,40,26.5000,-19,40,18.000,21.00,-96.00,-33.0,8.00,4.32
HR1497,taTau,2000,04,42,14.7000,+22,57,25.000,-2.00,-16.00,15.0,17.00,4.28
HR1498,HR1498,2000,04,39,04.3000,-51,40,22.000,17.00,17.00,37.0,0.00,6.44
HR1499,95Tau,2000,04,43,13.8000,+24,05,20.000,17.00,-22.00,8.0,0.00,6.13
HR1500,HR1500,2000,04,44,12.9000,+40,47,13.000,3.00,-7.00,41.0,0.00,6.08
HR1501,HR1501,2000,04,43,48.3000,+32,51,55.000,-35.00,-42.00,0.0,0.00,6.45
HR1502,alCae,2000,04,40,33.7000,-41,51,50.000,-141.00,-77.00,-1.0,45.00,4.45
HR1503,beCae,2000,04,42,03.5000,-37,08,40.000,49.00,193.00,27.0,58.00,5.05
HR1504,HR1504,2000,04,40,18.3000,-58,56,37.000,70.00,186.00,10.0,64.00,6.53
HR1505,55Eri,2000,04,43,34.6000,-08,47,37.000,21.00,-12.00,40.0,8.00,6.82
HR1506,55Eri,2000,04,43,35.1000,-08,47,46.000,32.00,-24.00,48.0,8.00,6.70
HR1507,HR1507,2000,04,44,25.8000,+11,08,46.000,100.00,-15.00,40.0,0.00,5.40
HR1508,56Eri,2000,04,44,05.3000,-08,30,13.000,3.00,-2.00,15.0,0.00,5.90
HR1509,HR1509,2000,04,43,09.3000,-30,45,56.000,-30.00,-67.00,-4.0,0.00,5.68
HR1510,HR1510,2000,04,50,36.4000,+70,56,30.000,1.00,-20.00,7.0,0.00,6.37
HR1511,4Cam,2000,04,48,00.3000,+56,45,26.000,50.00,-148.00,19.0,13.00,5.30
HR1512,HR1512,2000,04,45,42.5000,+23,37,41.000,7.00,-15.00,19.0,0.00,6.35
HR1513,HR1513,2000,04,44,08.0000,-18,40,00.000,51.00,-18.00,5.0,0.00,5.53
HR1514,HR1514,2000,04,46,44.4000,+40,18,46.000,-1.00,-29.00,34.0,0.00,5.97
HR1515,HR1515,2000,04,48,07.0000,+55,36,09.000,75.00,-102.00,22.0,0.00,6.26
HR1516,laPic,2000,04,42,46.4000,-50,28,53.000,-31.00,30.00,5.0,-0.00,5.31
HR1517,HR1517,2000,04,46,16.8000,+18,44,06.000,72.00,-65.00,38.0,0.00,6.01
HR1518,HR1518,2000,04,43,44.2000,-41,03,53.000,3.00,10.00,-4.0,0.00,6.25
HR1519,HR1519,2000,04,46,01.7000,+11,42,20.000,68.00,-6.00,41.0,5.00,5.37
HR1520,muEri,2000,04,45,30.1000,-03,15,17.000,16.00,-13.00,9.0,0.00,4.02
HR1521,HR1521,2000,04,45,04.2000,-21,17,01.000,18.00,-25.00,22.0,0.00,5.72
HR1522,HR1522,2000,04,46,24.1000,-02,57,16.000,12.00,-47.00,19.0,0.00,6.33
HR1523,HR1523,2000,05,00,20.7000,+81,11,38.000,-1.00,24.00,-8.0,20.00,5.07
HR1524,HR1524,2000,04,45,49.6000,-34,00,18.000,40.00,18.00,28.0,0.00,6.86
HR1525,HR1525,2000,04,46,25.8000,-28,05,15.000,1.00,16.00,19.0,0.00,6.19
HR1526,HR1526,2000,04,45,55.4000,-39,21,24.000,-59.00,-20.00,-6.0,0.00,6.05
HR1527,HR1527,2000,04,52,05.2000,+63,30,19.000,37.00,-96.00,-36.0,1.00,5.44
HR1528,HR1528,2000,04,49,19.0000,+32,35,18.000,18.00,-31.00,21.0,0.00,5.86
HR1529,HR1529,2000,04,49,12.8000,+31,26,14.000,17.00,-108.00,23.0,0.00,5.58
HR1530,kaDor,2000,04,44,21.1000,-59,43,58.000,33.00,39.00,0.0,24.00,5.27
HR1531,HR1531,2000,04,38,21.7000,-77,39,22.000,-10.00,-18.00,9.0,0.00,6.05
HR1532,58Eri,2000,04,47,36.3000,-16,56,04.000,133.00,170.00,23.0,79.00,5.51
HR1533,HR1533,2000,04,49,54.6000,+37,29,18.000,-38.00,40.00,-23.0,25.00,4.88
HR1534,HR1534,2000,04,48,44.6000,+03,35,18.000,-1.00,-17.00,-19.0,0.00,6.03
HR1535,HR1535,2000,04,51,09.3000,+48,44,27.000,-40.00,-31.00,29.0,0.00,5.66
HR1536,HR1536,2000,04,48,36.3000,-05,40,26.000,305.00,-243.00,79.0,38.00,5.78
HR1537,96Tau,2000,04,49,44.1000,+15,54,15.000,5.00,-10.00,13.0,0.00,6.08
HR1538,59Eri,2000,04,48,32.5000,-16,19,46.000,4.00,36.00,35.0,0.00,5.77
HR1539,zeCae,2000,04,47,49.6000,-30,01,13.000,39.00,94.00,6.0,0.00,6.37
HR1540,HR1540,2000,04,44,57.9000,-63,13,47.000,-13.00,-5.00,16.0,0.00,6.46
HR1541,muMen,2000,04,43,03.9000,-70,55,52.000,8.00,33.00,-1.0,0.00,5.54
HR1542,alCam,2000,04,54,03.0000,+66,20,34.000,0.00,6.00,6.0,-2.00,4.29
HR1543,pi3Ori,2000,04,49,50.4000,+06,57,41.000,466.00,12.00,24.0,125.00,3.19
HR1544,pi2Ori,2000,04,50,36.7000,+08,54,01.000,4.00,-32.00,24.0,36.00,4.36
HR1545,HR1545,2000,04,49,42.2000,-13,46,11.000,-122.00,-172.00,-3.0,0.00,6.26
HR1546,HR1546,2000,04,53,09.8000,+52,50,27.000,-8.00,-21.00,-13.0,0.00,6.41
HR1547,97Tau,2000,04,51,22.5000,+18,50,23.000,80.00,-35.00,37.0,22.00,5.10
HR1548,HR1548,2000,04,48,33.8000,-43,58,48.000,18.00,22.00,19.0,0.00,6.72
HR1549,60Eri,2000,04,50,11.6000,-16,13,02.000,41.00,54.00,37.0,23.00,5.03
HR1550,HR1550,2000,04,52,47.8000,+42,35,12.000,-6.00,-1.00,-1.0,0.00,5.71
HR1551,2Aur,2000,04,52,38.0000,+36,42,11.000,-27.00,-7.00,-17.0,0.00,4.78
HR1552,pi4Ori,2000,04,51,12.4000,+05,36,18.000,-1.00,1.00,23.0,1.00,3.69
HR1553,HR1553,2000,04,51,43.4000,+09,58,30.000,1.00,-8.00,11.0,0.00,6.11
HR1554,HR1554,2000,04,52,47.1000,+27,53,51.000,41.00,-32.00,38.0,0.00,5.97
HR1555,5Cam,2000,04,55,03.1000,+55,15,33.000,-12.00,-10.00,2.0,0.00,5.52
HR1556,omi1Ori,2000,04,52,32.0000,+14,15,02.000,0.00,-57.00,-8.0,4.00,4.74
HR1557,HR1557,2000,04,50,16.2000,-41,19,15.000,6.00,65.00,25.0,0.00,6.07
HR1558,HR1558,2000,04,54,51.3000,+44,03,39.000,27.00,-53.00,3.0,0.00,6.08
HR1559,HR1559,2000,04,51,28.2000,-34,54,23.000,26.00,-22.00,23.0,0.00,5.86
HR1560,omeEri,2000,04,52,53.7000,-05,27,10.000,-23.00,21.00,-6.0,13.00,4.39
HR1561,HR1561,2000,04,56,07.1000,+52,52,10.000,-3.00,8.00,-22.0,0.00,5.75
HR1562,5Ori,2000,04,53,22.8000,+02,30,29.000,34.00,-19.00,13.0,10.00,5.33
HR1563,ioPic,2000,04,50,55.2000,-53,27,41.000,-91.00,83.00,16.0,0.00,5.61
HR1564,ioPic,2000,04,50,56.3000,-53,27,35.000,-92.00,81.00,10.0,0.00,6.42
HR1565,HR1565,2000,04,53,55.8000,+01,34,10.000,9.00,-3.00,21.0,0.00,6.61
HR1566,HR1566,2000,04,54,58.3000,+19,29,07.000,60.00,-38.00,35.0,0.00,6.37
HR1567,pi5Ori,2000,04,54,15.1000,+02,26,26.000,0.00,0.00,23.0,3.00,3.72
HR1568,7Cam,2000,04,57,17.2000,+53,45,08.000,-24.00,7.00,-8.0,0.00,4.47
HR1569,6Ori,2000,04,54,46.9000,+11,25,34.000,-9.00,32.00,9.0,0.00,5.19
HR1570,pi1Ori,2000,04,54,53.8000,+10,09,03.000,46.00,-132.00,13.0,0.00,4.65
HR1571,HR1571,2000,04,54,47.8000,+07,46,45.000,-21.00,-27.00,-5.0,0.00,5.33
HR1572,HR1572,2000,05,02,20.1000,+74,16,09.000,21.00,34.00,-52.0,0.00,6.06
HR1573,HR1573,2000,04,56,19.9000,+36,10,08.000,-17.00,13.00,-5.0,0.00,6.07
HR1574,HR1574,2000,04,54,50.7000,+00,28,03.000,0.00,3.00,17.0,0.00,5.99
HR1575,HR1575,2000,04,56,15.6000,+24,35,32.000,-26.00,-17.00,-9.0,0.00,6.37
HR1576,HR1576,2000,04,55,50.3000,+15,02,24.000,18.00,-21.00,7.0,0.00,5.81
HR1577,ioAur,2000,04,56,59.6000,+33,09,58.000,3.00,-18.00,18.0,21.00,2.69
HR1578,HR1578,2000,04,55,58.4000,+05,23,57.000,-4.00,-9.00,22.0,0.00,6.50
HR1579,HR1579,2000,04,55,06.8000,-16,44,26.000,8.00,1.00,10.0,0.00,5.70
HR1580,omi2Ori,2000,04,56,22.3000,+13,30,52.000,-74.00,-47.00,1.0,19.00,4.07
HR1581,HR1581,2000,04,55,18.6000,-16,25,04.000,10.00,45.00,32.0,0.00,5.72
HR1582,62Eri,2000,04,56,24.2000,-05,10,17.000,-8.00,-7.00,24.0,0.00,5.51
HR1583,HR1583,2000,04,55,30.2000,-25,43,40.000,18.00,28.00,25.0,0.00,6.72
HR1584,HR1584,2000,04,54,54.8000,-39,37,43.000,-3.00,22.00,29.0,0.00,6.10
HR1585,HR1585,2000,04,57,22.3000,+17,09,13.000,-13.00,-7.00,25.0,0.00,5.48
HR1586,99Tau,2000,04,57,48.7000,+23,56,55.000,8.00,-7.00,4.0,0.00,5.79
HR1587,HR1587,2000,05,04,13.0000,+73,45,50.000,21.00,-16.00,22.0,0.00,6.66
HR1588,8Cam,2000,04,59,46.3000,+53,09,20.000,-14.00,-9.00,-2.0,0.00,6.08
HR1589,HR1589,2000,05,04,39.8000,+74,04,01.000,13.00,-16.00,-9.0,10.00,5.96
HR1590,98Tau,2000,04,58,09.4000,+25,03,01.000,22.00,-48.00,26.0,0.00,5.81
HR1591,HR1591,2000,04,57,17.2000,-01,04,02.000,-37.00,-28.00,9.0,0.00,6.23
HR1592,omeAur,2000,04,59,15.4000,+37,53,25.000,40.00,-101.00,5.0,5.00,4.94
HR1593,HR1593,2000,05,01,35.9000,+61,04,41.000,8.00,-175.00,11.0,0.00,6.03
HR1594,HR1594,2000,05,02,50.4000,+66,49,22.000,66.00,-345.00,17.0,34.00,6.19
HR1595,HR1595,2000,04,57,44.8000,-14,13,53.000,10.00,11.00,11.0,0.00,6.15
HR1596,HR1596,2000,04,58,10.8000,-02,12,45.000,-3.00,25.00,37.0,0.00,6.35
HR1597,HR1597,2000,04,54,53.0000,-58,32,50.000,101.00,77.00,22.0,0.00,6.12
HR1598,HR1598,2000,04,53,30.5000,-66,40,32.000,0.00,10.00,-24.0,0.00,6.41
HR1599,5Aur,2000,05,00,18.3000,+39,23,41.000,-17.00,4.00,6.0,21.00,5.95
HR1600,HR1600,2000,04,58,59.4000,+14,32,34.000,6.00,-17.00,4.0,0.00,6.09
HR1601,pi6Ori,2000,04,58,32.9000,+01,42,51.000,-2.00,-3.00,14.0,18.00,4.47
HR1602,6Aur,2000,05,00,23.2000,+39,39,18.000,2.00,6.00,-24.0,0.00,6.58
HR1603,beCam,2000,05,03,25.1000,+60,26,32.000,-6.00,-16.00,-2.0,9.00,4.03
HR1604,HR1604,2000,04,59,01.3000,-16,22,33.000,-141.00,148.00,30.0,28.00,5.66
HR1605,epAur,2000,05,01,58.1000,+43,49,24.000,-1.00,-4.00,-3.0,7.00,2.99
HR1606,HR1606,2000,04,53,05.5000,-72,24,27.000,-52.00,276.00,25.0,0.00,6.28
HR1607,HR1607,2000,04,59,36.5000,-14,48,21.000,21.00,20.00,32.0,0.00,7.71
HR1608,63Eri,2000,04,59,50.4000,-10,15,48.000,20.00,-135.00,-12.0,0.00,5.38
HR1609,HR1609,2000,05,00,32.6000,+03,36,55.000,25.00,1.00,31.0,0.00,7.03
HR1610,HR1610,2000,05,00,33.9000,+03,36,58.000,7.00,-12.00,42.0,0.00,6.66
HR1611,64Eri,2000,04,59,55.8000,-12,32,15.000,45.00,-91.00,-9.0,22.00,4.79
HR1612,zeAur,2000,05,02,28.7000,+41,04,33.000,9.00,-22.00,13.0,5.00,3.75
HR1613,HR1613,2000,05,00,39.8000,-02,03,56.000,-19.00,8.00,21.0,0.00,6.32
HR1614,HR1614,2000,05,00,49.0000,-05,45,12.000,551.00,-1094.00,27.0,110.00,6.22
HR1615,HR1615,2000,05,03,18.6000,+41,26,30.000,2.00,-4.00,-1.0,0.00,6.14
HR1616,HR1616,2000,05,31,48.0000,+85,56,19.000,13.00,-79.00,-6.0,0.00,6.51
HR1617,psEri,2000,05,01,26.3000,-07,10,26.000,3.00,8.00,25.0,0.00,4.81
HR1618,HR1618,2000,05,01,50.3000,+00,43,20.000,1.00,-12.00,21.0,0.00,5.92
HR1619,HR1619,2000,05,02,00.0000,+01,36,32.000,-9.00,12.00,25.0,13.00,6.24
HR1620,ioTau,2000,05,03,05.7000,+21,35,24.000,66.00,-42.00,41.0,19.00,4.64
HR1621,HR1621,2000,05,01,25.6000,-20,03,07.000,34.00,-15.00,24.0,0.00,4.91
HR1622,11Cam,2000,05,06,08.5000,+58,58,21.000,-5.00,-8.00,-11.0,0.00,5.08
HR1623,12Cam,2000,05,06,12.2000,+59,01,16.000,-1.00,-31.00,-8.0,0.00,6.08
HR1624,HR1624,2000,05,06,29.7000,+61,10,12.000,36.00,-75.00,-40.0,0.00,6.04
HR1625,HR1625,2000,05,02,45.5000,-04,12,35.000,55.00,16.00,38.0,0.00,5.85
HR1626,HR1626,2000,05,04,14.5000,+30,29,41.000,1.00,-5.00,18.0,0.00,6.14
HR1627,HR1627,2000,05,04,36.9000,+32,19,13.000,-11.00,-70.00,-8.0,0.00,6.62
HR1628,HR1628,2000,05,02,09.8000,-26,16,30.000,89.00,-73.00,27.0,7.00,5.02
HR1629,etMen,2000,04,55,11.2000,-74,56,13.000,24.00,59.00,26.0,26.00,5.47
HR1630,HR1630,2000,05,06,22.0000,+54,24,21.000,-14.00,28.00,0.0,0.00,7.24
HR1631,HR1631,2000,05,01,34.5000,-39,43,05.000,-1.00,30.00,6.0,0.00,6.03
HR1632,HR1632,2000,05,04,37.9000,+27,41,46.000,19.00,-31.00,22.0,0.00,6.60
HR1633,HR1633,2000,05,04,21.6000,+21,16,41.000,20.00,-15.00,48.0,0.00,6.19
HR1634,1Lep,2000,05,02,44.9000,-22,47,42.000,59.00,23.00,33.0,0.00,5.75
HR1635,HR1635,2000,05,02,22.8000,-31,46,17.000,-2.00,82.00,29.0,0.00,5.94
HR1636,HR1636,2000,05,09,36.7000,+69,38,22.000,56.00,-63.00,-8.0,7.00,6.41
HR1637,9Aur,2000,05,06,40.6000,+51,35,52.000,-30.00,-173.00,-5.0,52.00,5.00
HR1638,11Ori,2000,05,04,34.1000,+15,24,15.000,16.00,-34.00,17.0,18.00,4.68
HR1639,HR1639,2000,05,06,00.9000,+35,56,11.000,-11.00,-10.00,14.0,0.00,6.52
HR1640,HR1640,2000,05,03,52.0000,-14,22,10.000,-9.00,33.00,16.0,0.00,6.41
HR1641,etAur,2000,05,06,30.9000,+41,14,04.000,29.00,-68.00,7.0,22.00,3.17
HR1642,HR1642,2000,05,05,32.1000,+19,48,23.000,-9.00,-22.00,-17.0,8.00,6.44
HR1643,HR1643,2000,05,12,22.4000,+73,56,48.000,0.00,-25.00,9.0,24.00,5.43
HR1644,HR1644,2000,05,06,49.6000,+43,10,29.000,5.00,0.00,-14.0,0.00,6.20
HR1645,HR1645,2000,05,03,53.3000,-24,23,16.000,24.00,-28.00,7.0,0.00,5.61
HR1646,HR1646,2000,05,04,54.5000,-03,02,23.000,1.00,-1.00,27.0,0.00,6.05
HR1647,HR1647,2000,05,09,44.5000,+64,55,10.000,-15.00,-182.00,0.0,24.00,6.41
HR1648,HR1648,2000,05,05,23.7000,+01,10,39.000,12.00,-7.00,17.0,0.00,6.17
HR1649,et1Pic,2000,05,02,48.6000,-49,09,05.000,-44.00,24.00,21.0,55.00,5.38
HR1650,HR1650,2000,05,14,35.6000,+76,28,22.000,-7.00,-8.00,7.0,0.00,6.37
HR1651,HR1651,2000,05,03,54.0000,-41,44,42.000,27.00,152.00,29.0,0.00,6.31
HR1652,ga1Cae,2000,05,04,24.4000,-35,29,00.000,129.00,-51.00,-3.0,13.00,4.55
HR1653,ga2Cae,2000,05,04,26.1000,-35,42,19.000,28.00,38.00,6.0,0.00,6.34
HR1654,epLep,2000,05,05,27.7000,-22,22,16.000,25.00,-74.00,1.0,11.00,3.19
HR1655,HR1655,2000,05,05,16.2000,-26,09,09.000,7.00,-65.00,-3.0,0.00,5.73
HR1656,104Tau,2000,05,07,27.0000,+18,38,42.000,537.00,16.00,20.0,61.00,5.00
HR1657,66Eri,2000,05,06,45.7000,-04,39,18.000,16.00,8.00,31.0,24.00,5.12
HR1658,106Tau,2000,05,07,48.4000,+20,25,06.000,-47.00,-34.00,-2.0,7.00,5.30
HR1659,103Tau,2000,05,08,06.6000,+24,15,55.000,0.00,-4.00,16.0,0.00,5.50
HR1660,105Tau,2000,05,07,55.5000,+21,42,17.000,5.00,-6.00,17.0,0.00,5.89
HR1661,HR1661,2000,05,06,36.7000,-13,07,19.000,19.00,35.00,40.0,0.00,6.05
HR1662,13Ori,2000,05,07,38.3000,+09,28,19.000,-3.00,-378.00,-24.0,33.00,6.17
HR1663,et2Pic,2000,05,04,58.0000,-49,34,40.000,71.00,-3.00,36.0,9.00,5.03
HR1664,14Ori,2000,05,07,52.9000,+08,29,54.000,24.00,-65.00,6.0,4.00,5.34
HR1665,HR1665,2000,05,07,25.0000,-12,29,26.000,140.00,-80.00,50.0,0.00,5.97
HR1666,beEri,2000,05,07,51.0000,-05,05,11.000,-95.00,-81.00,-9.0,50.00,2.79
HR1667,HR1667,2000,05,05,00.6000,-54,24,27.000,2.00,0.00,105.0,0.00,6.27
HR1668,HR1668,2000,05,10,42.9000,+46,57,44.000,55.00,-147.00,33.0,27.00,5.68
HR1669,HR1669,2000,05,10,18.9000,+37,18,07.000,4.00,-6.00,9.0,2.00,6.02
HR1670,HR1670,2000,05,09,45.1000,+28,01,50.000,54.00,-60.00,41.0,8.00,6.01
HR1671,HR1671,2000,05,08,20.2000,-08,39,54.000,5.00,-12.00,27.0,0.00,5.78
HR1672,16Ori,2000,05,09,19.6000,+09,49,46.000,64.00,-7.00,37.0,11.00,5.43
HR1673,68Eri,2000,05,08,43.6000,-04,27,22.000,44.00,17.00,9.0,50.00,5.12
HR1674,zeDor,2000,05,05,30.6000,-57,28,22.000,-30.00,115.00,-2.0,85.00,4.72
HR1675,HR1675,2000,05,13,03.2000,+61,51,00.000,11.00,6.00,-4.0,0.00,6.17
HR1676,15Ori,2000,05,09,42.0000,+15,35,50.000,2.00,-13.00,30.0,4.00,4.82
HR1677,beMen,2000,05,02,43.0000,-71,18,52.000,-5.00,4.00,-11.0,13.00,5.31
HR1678,14Cam,2000,05,13,31.3000,+62,41,29.000,-36.00,6.00,-4.0,0.00,6.50
HR1679,laEri,2000,05,09,08.8000,-08,45,15.000,2.00,-4.00,3.0,-3.00,4.27
HR1680,HR1680,2000,05,08,14.8000,-35,43,06.000,9.00,1.00,-5.0,0.00,6.52
HR1681,HR1681,2000,05,10,03.2000,-00,33,55.000,1.00,-53.00,26.0,0.00,6.10
HR1682,HR1682,2000,05,00,13.2000,-78,18,01.000,-23.00,-12.00,0.0,0.00,6.29
HR1683,HR1683,2000,05,18,13.3000,+73,16,05.000,-5.00,-33.00,0.0,0.00,5.74
HR1684,HR1684,2000,05,11,41.6000,+16,02,44.000,5.00,7.00,-6.0,0.00,5.18
HR1685,HR1685,2000,05,10,58.0000,-02,15,14.000,75.00,-145.00,64.0,0.00,6.25
HR1686,HR1686,2000,05,22,33.5000,+79,13,52.000,-82.00,161.00,-10.0,54.00,5.05
HR1687,HR1687,2000,05,11,19.2000,-02,29,27.000,79.00,1.00,31.0,0.00,5.90
HR1688,HR1688,2000,05,15,11.3000,+59,24,20.000,12.00,-14.00,3.0,0.00,6.15
HR1689,muAur,2000,05,13,25.7000,+38,29,04.000,-18.00,-75.00,21.0,23.00,4.86
HR1690,HR1690,2000,05,11,41.4000,+00,30,53.000,15.00,3.00,20.0,0.00,6.67
HR1691,HR1691,2000,05,11,45.3000,+01,02,13.000,-12.00,-15.00,-19.0,2.00,5.89
HR1692,HR1692,2000,05,14,44.3000,+53,12,50.000,0.00,1.00,1.0,0.00,6.20
HR1693,HR1693,2000,05,11,22.8000,-11,50,57.000,28.00,56.00,46.0,0.00,5.68
HR1694,HR1694,2000,05,10,44.5000,-25,54,34.000,-15.00,59.00,42.0,0.00,6.41
HR1695,HR1695,2000,05,07,34.0000,-63,23,59.000,15.00,-47.00,19.0,18.00,5.20
HR1696,ioLep,2000,05,12,17.9000,-11,52,09.000,27.00,-15.00,25.0,0.00,4.45
HR1697,HR1697,2000,05,12,48.2000,-06,03,26.000,27.00,-32.00,23.0,0.00,5.91
HR1698,rhOri,2000,05,13,17.5000,+02,51,40.000,1.00,-6.00,41.0,-10.00,4.46
HR1699,HR1699,2000,05,11,35.9000,-37,23,43.000,7.00,4.00,1.0,0.00,6.57
HR1700,HR1700,2000,05,06,09.3000,-73,02,16.000,16.00,64.00,8.0,0.00,6.27
HR1701,HR1701,2000,05,13,31.6000,+01,58,05.000,10.00,12.00,5.0,4.00,6.09
HR1702,muLep,2000,05,12,55.9000,-16,12,20.000,43.00,-26.00,28.0,23.00,3.31
HR1703,HR1703,2000,05,13,47.2000,+00,33,37.000,3.00,-25.00,-11.0,0.00,6.32
HR1704,HR1704,2000,05,13,33.3000,-08,08,52.000,2.00,0.00,25.0,0.00,6.37
HR1705,kaLep,2000,05,13,13.9000,-12,56,29.000,-14.00,-9.00,18.0,34.00,4.36
HR1706,14Aur,2000,05,15,24.4000,+32,41,16.000,-24.00,14.00,-10.0,7.00,5.02
HR1707,HR1707,2000,05,17,17.8000,+53,35,10.000,16.00,-21.00,8.0,0.00,6.50
HR1708,alAur,2000,05,16,41.4000,+45,59,53.000,76.00,-425.00,30.0,73.00,0.08
HR1709,HR1709,2000,05,14,44.1000,+05,09,22.000,-1.00,4.00,-8.0,0.00,5.50
HR1710,HR1710,2000,05,13,59.9000,-14,36,24.000,-3.00,9.00,31.0,0.00,6.21
HR1711,108Tau,2000,05,15,27.7000,+22,17,05.000,-8.00,-11.00,-11.0,0.00,6.27
HR1712,HR1712,2000,05,16,18.2000,+34,18,43.000,8.00,30.00,59.0,-4.00,5.96
HR1713,beOri,2000,05,14,32.3000,-08,12,06.000,0.00,-1.00,21.0,13.00,0.12
HR1714,HR1714,2000,05,43,48.7000,+85,40,05.000,-16.00,2.00,-14.0,0.00,6.60
HR1715,HR1715,2000,05,13,46.5000,-35,49,32.000,36.00,-51.00,-7.0,0.00,6.98
HR1716,xiMen,2000,04,58,50.9000,-82,28,14.000,-11.00,4.00,-5.0,0.00,5.85
HR1717,HR1717,2000,05,15,18.4000,-01,24,33.000,-43.00,37.00,14.0,0.00,6.15
HR1718,18Ori,2000,05,16,04.1000,+11,20,29.000,-9.00,-5.00,-8.0,0.00,5.56
HR1719,15Cam,2000,05,19,27.8000,+58,07,02.000,4.00,-21.00,7.0,0.00,6.13
HR1720,HR1720,2000,05,20,22.6000,+62,39,13.000,-3.00,-2.00,-6.0,0.00,5.61
HR1721,HR1721,2000,05,14,28.8000,-35,58,38.000,16.00,4.00,13.0,0.00,5.76
HR1722,HR1722,2000,05,18,15.9000,+42,47,32.000,38.00,-23.00,-38.0,7.00,5.48
HR1723,HR1723,2000,05,15,24.3000,-26,56,36.000,10.00,-18.00,29.0,0.00,5.07
HR1724,HR1724,2000,05,16,41.1000,+01,56,50.000,-11.00,-9.00,-8.0,0.00,6.42
HR1725,HR1725,2000,05,18,40.4000,+40,27,54.000,17.00,-15.00,-17.0,0.00,6.18
HR1726,16Aur,2000,05,18,10.7000,+33,22,18.000,45.00,-160.00,-28.0,14.00,4.54
HR1727,HR1727,2000,05,13,53.3000,-52,01,52.000,-4.00,-24.00,34.0,0.00,6.05
HR1728,17Aur,2000,05,18,18.9000,+33,46,02.000,12.00,-30.00,25.0,0.00,6.14
HR1729,laAur,2000,05,19,08.5000,+40,05,57.000,519.00,-664.00,66.0,66.00,4.71
HR1730,HR1730,2000,05,15,47.0000,-34,55,36.000,-18.00,26.00,20.0,0.00,6.66
HR1731,HR1731,2000,05,16,48.1000,-17,08,30.000,-12.00,22.00,12.0,0.00,6.56
HR1732,HR1732,2000,05,19,00.0000,+33,44,54.000,11.00,-25.00,29.0,0.00,5.41
HR1733,HR1733,2000,05,20,02.3000,+44,25,32.000,4.00,-10.00,13.0,0.00,6.62
HR1734,18Aur,2000,05,19,23.6000,+33,59,08.000,9.00,-10.00,7.0,0.00,6.49
HR1735,taOri,2000,05,17,36.4000,-06,50,40.000,-15.00,-8.00,20.0,6.00,3.60
HR1736,HR1736,2000,05,20,39.3000,+46,57,50.000,2.00,-2.00,17.0,0.00,6.54
HR1737,HR1737,2000,05,17,40.2000,-13,31,11.000,-12.00,-46.00,75.0,0.00,5.50
HR1738,HR1738,2000,05,20,14.8000,+41,05,10.000,-2.00,-58.00,22.0,11.00,5.52
HR1739,109Tau,2000,05,19,16.6000,+22,05,47.000,12.00,-83.00,19.0,10.00,4.94
HR1740,19Aur,2000,05,20,00.9000,+33,57,29.000,1.00,2.00,-5.0,0.00,5.03
HR1741,HR1741,2000,05,19,14.7000,+20,08,05.000,-39.00,-27.00,-47.0,15.00,6.08
HR1742,HR1742,2000,05,15,38.9000,-52,10,55.000,22.00,27.00,13.0,0.00,6.49
HR1743,omiCol,2000,05,17,29.1000,-34,53,43.000,90.00,-337.00,21.0,18.00,4.83
HR1744,thDor,2000,05,13,45.4000,-67,11,07.000,19.00,36.00,11.0,-6.00,4.83
HR1745,HR1745,2000,05,29,25.7000,+77,58,39.000,11.00,-17.00,-16.0,0.00,6.56
HR1746,21Ori,2000,05,19,11.2000,+02,35,45.000,-17.00,-47.00,11.0,22.00,5.34
HR1747,HR1747,2000,05,18,50.4000,-18,07,48.000,381.00,58.00,40.0,65.00,5.96
HR1748,HR1748,2000,05,19,35.2000,-01,24,44.000,-7.00,-6.00,19.0,0.00,6.34
HR1749,rhAur,2000,05,21,48.4000,+41,48,16.000,18.00,-37.00,13.0,0.00,5.23
HR1750,HR1750,2000,05,20,59.3000,+27,57,26.000,-13.00,-16.00,7.0,0.00,6.33
HR1751,16Cam,2000,05,23,27.8000,+57,32,40.000,13.00,-55.00,12.0,23.00,5.28
HR1752,HR1752,2000,05,21,12.7000,+29,34,12.000,4.00,4.00,-19.0,0.00,5.76
HR1753,HR1753,2000,05,19,17.5000,-18,31,12.000,12.00,10.00,10.0,0.00,6.36
HR1754,HR1754,2000,05,19,18.3000,-18,30,35.000,5.00,-2.00,15.0,0.00,6.54
HR1755,HR1755,2000,05,20,56.6000,+19,48,51.000,-6.00,-15.00,0.0,0.00,6.18
HR1756,laLep,2000,05,19,34.5000,-13,10,36.000,-1.00,-3.00,20.0,0.00,4.29
HR1757,nuLep,2000,05,19,59.1000,-12,18,56.000,-6.00,9.00,16.0,0.00,5.30
HR1758,HR1758,2000,05,19,23.7000,-27,22,08.000,0.00,-10.00,18.0,0.00,5.99
HR1759,HR1759,2000,05,20,26.4000,-05,22,00.000,-11.00,29.00,20.0,0.00,6.39
HR1760,HR1760,2000,05,22,50.3000,+41,01,46.000,-13.00,5.00,-9.0,0.00,5.54
HR1761,HR1761,2000,05,21,19.3000,+04,00,43.000,-3.00,-9.00,5.0,0.00,6.57
HR1762,HR1762,2000,05,20,26.9000,-21,14,22.000,5.00,0.00,30.0,2.00,4.71
HR1763,HR1763,2000,05,21,43.6000,+08,25,43.000,3.00,-6.00,26.0,0.00,5.80
HR1764,HR1764,2000,05,21,31.8000,-00,24,59.000,-3.00,2.00,7.0,0.00,5.68
HR1765,22Ori,2000,05,21,45.7000,-00,22,57.000,0.00,-1.00,29.0,0.00,4.73
HR1766,HR1766,2000,05,20,20.6000,-34,41,56.000,-7.00,-4.00,-10.0,0.00,6.34
HR1767,zePic,2000,05,19,22.1000,-50,36,22.000,28.00,224.00,45.0,23.00,5.45
HR1768,22Aur,2000,05,23,22.9000,+28,56,12.000,19.00,-30.00,9.0,0.00,6.46
HR1769,HR1769,2000,05,21,51.0000,-13,45,22.000,8.00,-7.00,14.0,0.00,6.56
HR1770,23Ori,2000,05,22,50.0000,+03,32,40.000,-4.00,-2.00,18.0,0.00,5.00
HR1771,HR1771,2000,05,21,46.2000,-24,46,23.000,-24.00,-13.00,5.0,4.00,5.06
HR1772,HR1772,2000,05,21,16.9000,-34,20,43.000,9.00,1.00,20.0,0.00,6.09
HR1773,siAur,2000,05,24,39.2000,+37,23,08.000,1.00,-8.00,-19.0,3.00,4.99
HR1774,110Tau,2000,05,23,37.7000,+16,41,58.000,-29.00,-17.00,21.0,0.00,6.08
HR1775,HR1775,2000,05,24,38.3000,+31,13,26.000,-43.00,-9.00,40.0,0.00,6.28
HR1776,HR1776,2000,05,24,38.5000,+31,08,35.000,-11.00,-7.00,5.0,0.00,5.94
HR1777,HR1777,2000,05,23,31.1000,+05,19,21.000,-24.00,-3.00,9.0,0.00,6.35
HR1778,HR1778,2000,05,23,18.5000,-08,24,57.000,3.00,-16.00,15.0,13.00,5.90
HR1779,HR1779,2000,05,25,13.0000,+34,51,19.000,-7.00,-39.00,-15.0,0.00,6.55
HR1780,111Tau,2000,05,24,25.4000,+17,23,00.000,246.00,-9.00,37.0,67.00,4.99
HR1781,HR1781,2000,05,23,42.3000,-00,09,35.000,-9.00,3.00,22.0,0.00,5.70
HR1782,HR1782,2000,05,23,51.4000,-00,52,02.000,-4.00,-9.00,45.0,21.00,6.11
HR1783,8Lep,2000,05,23,30.2000,-13,55,38.000,2.00,4.00,18.0,0.00,5.25
HR1784,29Ori,2000,05,23,56.8000,-07,48,29.000,-15.00,-43.00,-18.0,11.00,4.14
HR1785,HR1785,2000,05,23,12.0000,-26,42,21.000,29.00,9.00,51.0,0.00,6.49
HR1786,HR1786,2000,05,24,36.2000,+02,21,10.000,11.00,-7.00,-8.0,0.00,6.32
HR1787,27Ori,2000,05,24,28.9000,-00,53,29.000,-5.00,132.00,20.0,21.00,5.08
HR1788,etOri,2000,05,24,28.6000,-02,23,49.000,2.00,0.00,20.0,7.00,3.36
HR1789,ps1Ori,2000,05,24,44.8000,+01,50,47.000,1.00,1.00,19.0,0.00,4.95
HR1790,gaOri,2000,05,25,07.9000,+06,20,59.000,-9.00,-14.00,18.0,29.00,1.64
HR1791,beTau,2000,05,26,17.5000,+28,36,27.000,22.00,-175.00,9.0,28.00,1.65
HR1792,HR1792,2000,05,24,28.4000,-16,58,34.000,15.00,-27.00,22.0,0.00,5.65
HR1793,HR1793,2000,05,23,24.0000,-39,40,43.000,28.00,3.00,61.0,0.00,5.71
HR1794,HR1794,2000,05,26,54.3000,+35,27,26.000,-18.00,-11.00,-21.0,0.00,6.15
HR1795,HR1795,2000,05,26,48.9000,+34,23,30.000,7.00,-11.00,8.0,0.00,5.94
HR1796,HR1796,2000,05,26,51.3000,+33,15,46.000,13.00,0.00,-9.0,0.00,6.15
HR1797,HR1797,2000,05,23,39.0000,-37,20,12.000,34.00,8.00,30.0,0.00,6.82
HR1798,113Tau,2000,05,26,05.7000,+16,42,01.000,-9.00,-3.00,31.0,0.00,6.25
HR1799,HR1799,2000,05,25,01.6000,-10,19,45.000,-17.00,-22.00,57.0,0.00,5.61
HR1800,HR1800,2000,05,25,31.2000,-00,32,39.000,12.00,-7.00,-9.0,2.00,6.57
HR1801,kaPic,2000,05,22,22.1000,-56,08,04.000,-5.00,20.00,-5.0,0.00,6.11
HR1802,17Cam,2000,05,30,10.2000,+63,04,02.000,-6.00,-5.00,-19.0,0.00,5.42
HR1803,HR1803,2000,05,25,47.0000,+00,31,15.000,-5.00,19.00,-24.0,0.00,6.16
HR1804,HR1804,2000,05,27,08.3000,+30,12,31.000,8.00,-10.00,17.0,0.00,5.74
HR1805,phAur,2000,05,27,38.9000,+34,28,33.000,-3.00,-47.00,31.0,9.00,5.07
HR1806,HR1806,2000,05,26,02.4000,-05,31,06.000,13.00,8.00,18.0,0.00,6.23
HR1807,HR1807,2000,05,26,38.8000,+06,52,09.000,3.00,-12.00,13.0,0.00,6.42
HR1808,115Tau,2000,05,27,10.1000,+17,57,44.000,5.00,-22.00,18.0,0.00,5.42
HR1809,HR1809,2000,05,27,13.8000,+15,15,28.000,-14.00,-2.00,25.0,0.00,6.16
HR1810,114Tau,2000,05,27,38.1000,+21,56,13.000,2.00,-7.00,13.0,0.00,4.88
HR1811,ps2Ori,2000,05,26,50.2000,+03,05,44.000,2.00,-4.00,12.0,-16.00,4.59
HR1812,HR1812,2000,05,25,59.8000,-19,41,44.000,4.00,-22.00,6.0,0.00,5.89
HR1813,HR1813,2000,05,24,55.6000,-44,13,33.000,3.00,5.00,15.0,0.00,6.08
HR1814,116Tau,2000,05,27,45.6000,+15,52,27.000,6.00,-22.00,16.0,0.00,5.50
HR1815,HR1815,2000,05,12,25.7000,-81,32,30.000,11.00,50.00,19.0,0.00,6.51
HR1816,117Tau,2000,05,28,01.6000,+17,14,20.000,20.00,-49.00,-23.0,0.00,5.77
HR1817,HR1817,2000,05,27,04.8000,-11,54,03.000,19.00,-49.00,19.0,0.00,6.35
HR1818,thPic,2000,05,24,46.2000,-52,18,59.000,-12.00,-31.00,-3.0,4.00,6.27
HR1819,HR1819,2000,05,28,34.8000,+13,40,44.000,14.00,-18.00,25.0,0.00,6.35
HR1820,HR1820,2000,05,28,01.6000,+01,17,54.000,18.00,3.00,34.0,0.00,6.41
HR1821,118Tau,2000,05,29,16.5000,+25,09,02.000,10.00,-32.00,15.0,14.00,5.47
HR1822,HR1822,2000,05,29,40.6000,+29,11,11.000,22.00,-54.00,13.0,0.00,6.24
HR1823,HR1823,2000,05,27,36.5000,-21,22,32.000,13.00,36.00,34.0,0.00,6.07
HR1824,HR1824,2000,05,30,48.6000,+41,27,43.000,2.00,-35.00,14.0,0.00,6.00
HR1825,HR1825,2000,05,30,45.1000,+39,49,33.000,21.00,-41.00,12.0,0.00,6.37
HR1826,HR1826,2000,05,28,56.7000,-03,18,27.000,-35.00,-15.00,5.0,3.00,6.39
HR1827,HR1827,2000,05,27,05.3000,-40,56,37.000,11.00,96.00,36.0,0.00,5.87
HR1828,18Cam,2000,05,32,33.8000,+57,13,16.000,113.00,-222.00,37.0,12.00,6.48
HR1829,beLep,2000,05,28,14.7000,-20,45,34.000,-4.00,-89.00,-14.0,20.00,2.84
HR1830,HR1830,2000,05,29,23.6000,-03,26,47.000,-44.00,-8.00,23.0,0.00,5.79
HR1831,HR1831,2000,05,30,43.4000,+22,27,45.000,43.00,-16.00,2.0,0.00,6.29
HR1832,HR1832,2000,05,30,26.1000,+15,21,37.000,-27.00,-50.00,-16.0,0.00,5.94
HR1833,HR1833,2000,05,29,54.8000,+01,47,21.000,8.00,-4.00,12.0,0.00,5.78
HR1834,31Ori,2000,05,29,44.0000,-01,05,32.000,4.00,-23.00,8.0,6.00,4.71
HR1835,HR1835,2000,05,28,15.3000,-37,13,50.000,9.00,74.00,50.0,0.00,5.57
HR1836,laDor,2000,05,26,19.3000,-58,54,45.000,-8.00,28.00,10.0,12.00,5.14
HR1837,HR1837,2000,05,30,19.8000,+04,12,15.000,2.00,-48.00,15.0,0.00,6.21
HR1838,HR1838,2000,05,29,06.7000,-30,07,00.000,-3.00,14.00,59.0,0.00,6.75
HR1839,32Ori,2000,05,30,47.1000,+05,56,53.000,12.00,-34.00,19.0,5.00,4.20
HR1840,HR1840,2000,05,30,20.7000,-07,26,05.000,-13.00,1.00,11.0,0.00,6.33
HR1842,33Ori,2000,05,31,14.5000,+03,17,32.000,1.00,3.00,20.0,1.00,5.46
HR1843,chAur,2000,05,32,43.7000,+32,11,31.000,-2.00,-3.00,-0.0,0.00,4.76
HR1844,HR1844,2000,05,39,43.7000,+75,02,38.000,-8.00,25.00,-3.0,0.00,6.17
HR1845,119Tau,2000,05,32,12.8000,+18,35,40.000,2.00,-1.00,23.0,2.00,4.38
HR1846,HR1846,2000,05,33,28.7000,+42,06,32.000,-1.00,-1.00,1.0,0.00,6.55
HR1847,HR1847,2000,05,32,14.2000,+17,03,29.000,-2.00,-9.00,15.0,9.00,5.46
HR1848,HR1848,2000,05,31,20.9000,-06,42,30.000,10.00,0.00,23.0,0.00,6.22
HR1849,10Lep,2000,05,31,07.6000,-20,51,49.000,5.00,-44.00,-11.0,16.00,5.55
HR1850,HR1850,2000,05,33,27.5000,+32,48,04.000,8.00,-63.00,34.0,0.00,6.48
HR1851,deOri,2000,05,32,00.5000,-00,17,04.000,9.00,-4.00,21.0,14.00,6.85
HR1852,deOri,2000,05,32,00.4000,-00,17,57.000,1.00,-2.00,16.0,14.00,2.23
HR1853,HR1853,2000,05,37,16.2000,+66,41,46.000,-10.00,-31.00,-15.0,0.00,6.26
HR1854,HR1854,2000,05,33,38.0000,+34,43,33.000,-38.00,-8.00,-6.0,0.00,6.27
HR1855,upOri,2000,05,31,55.8000,-07,18,05.000,-1.00,-5.00,17.0,0.00,4.62
HR1856,HR1856,2000,05,30,09.5000,-47,04,40.000,25.00,-137.00,16.0,0.00,5.46
HR1857,19Cam,2000,05,37,15.1000,+64,09,17.000,3.00,-70.00,-12.0,7.00,6.15
HR1858,120Tau,2000,05,33,31.6000,+18,32,25.000,-2.00,0.00,41.0,0.00,5.69
HR1859,HR1859,2000,05,27,00.0000,-68,37,22.000,1.00,-19.00,-2.0,12.00,6.03
HR1860,HR1860,2000,05,33,38.8000,+20,28,27.000,-4.00,-12.00,27.0,0.00,6.18
HR1861,HR1861,2000,05,32,41.3000,-01,35,31.000,-1.00,-9.00,34.0,0.00,5.35
HR1862,epCol,2000,05,31,12.7000,-35,28,14.000,22.00,-35.00,-5.0,8.00,3.87
HR1863,HR1863,2000,05,33,07.2000,-01,43,06.000,-25.00,-40.00,37.0,2.00,6.46
HR1864,35Ori,2000,05,33,54.3000,+14,18,20.000,-1.00,-9.00,19.0,0.00,5.64
HR1865,alLep,2000,05,32,43.8000,-17,49,20.000,1.00,2.00,24.0,7.00,2.58
HR1866,HR1866,2000,05,36,35.2000,+54,25,44.000,-13.00,-2.00,1.0,0.00,5.73
HR1867,HR1867,2000,05,29,17.4000,-62,18,52.000,10.00,-23.00,14.0,0.00,6.59
HR1868,HR1868,2000,05,33,31.4000,-01,09,22.000,-4.00,0.00,22.0,0.00,5.34
HR1869,HR1869,2000,05,36,15.9000,+47,42,55.000,12.00,-18.00,14.0,0.00,6.11
HR1870,HR1870,2000,05,31,36.1000,-45,55,31.000,28.00,38.00,7.0,0.00,5.86
HR1871,HR1871,2000,05,33,57.6000,+01,24,28.000,9.00,4.00,14.0,0.00,6.59
HR1872,38Ori,2000,05,34,16.7000,+03,46,01.000,-31.00,-18.00,-4.0,14.00,5.36
HR1873,HR1873,2000,05,34,03.9000,-01,02,08.000,7.00,1.00,4.0,0.00,6.22
HR1874,HR1874,2000,05,34,04.0000,-01,28,14.000,-12.00,-33.00,91.0,0.00,5.93
HR1875,121Tau,2000,05,35,27.1000,+24,02,22.000,10.00,-24.00,23.0,0.00,5.38
HR1876,ph1Ori,2000,05,34,49.2000,+09,29,22.000,2.00,-4.00,33.0,0.00,4.41
HR1877,HR1877,2000,05,32,51.3000,-38,30,47.000,40.00,-2.00,-1.0,-8.00,5.48
HR1878,HR1878,2000,05,35,55.5000,+27,39,44.000,-25.00,-39.00,-9.0,0.00,6.27
HR1879,laOri,2000,05,35,08.3000,+09,56,03.000,0.00,-6.00,34.0,7.00,3.54
HR1880,laOri,2000,05,35,08.5000,+09,56,06.000,1.00,-6.00,36.0,7.00,5.61
HR1881,HR1881,2000,05,33,07.4000,-35,08,23.000,97.00,-41.00,15.0,0.00,5.78
HR1882,HR1882,2000,05,30,15.9000,-63,55,40.000,9.00,54.00,11.0,0.00,6.19
HR1883,HR1883,2000,05,35,13.4000,+10,14,24.000,22.00,-8.00,35.0,0.00,5.60
HR1884,HR1884,2000,05,36,52.4000,+40,10,56.000,-2.00,-10.00,-18.0,0.00,6.09
HR1885,HR1885,2000,06,01,20.2000,+85,10,56.000,11.00,0.00,-46.0,0.00,6.11
HR1886,HR1886,2000,05,35,00.9000,-06,00,33.000,-11.00,0.00,30.0,5.00,5.67
HR1887,HR1887,2000,05,35,02.7000,-06,00,07.000,4.00,2.00,28.0,5.00,4.78
HR1888,HR1888,2000,05,33,52.1000,-29,50,56.000,14.00,21.00,15.0,0.00,6.53
HR1889,HR1889,2000,05,36,30.2000,+25,56,22.000,14.00,3.00,3.0,0.00,6.49
HR1890,HR1890,2000,05,35,21.8000,-04,29,36.000,-11.00,30.00,29.0,0.00,6.56
HR1891,HR1891,2000,05,35,22.5000,-04,25,31.000,22.00,-27.00,31.0,0.00,6.24
HR1892,42Ori,2000,05,35,23.2000,-04,50,18.000,4.00,0.00,30.0,6.00,4.59
HR1893,th1Ori,2000,05,35,15.9000,-05,23,14.000,5.00,2.00,32.0,1.00,6.73
HR1894,th1Ori,2000,05,35,16.1000,-05,23,07.000,5.00,2.00,24.0,1.00,7.96
HR1895,th1Ori,2000,05,35,16.5000,-05,23,23.000,4.00,2.00,33.0,1.00,5.13
HR1896,th1Ori,2000,05,35,17.3000,-05,23,16.000,5.00,2.00,31.0,1.00,6.70
HR1897,th2Ori,2000,05,35,22.9000,-05,24,58.000,1.00,5.00,36.0,-1.00,5.08
HR1898,HR1898,2000,05,35,31.1000,-04,21,53.000,2.00,-21.00,30.0,0.00,6.38
HR1899,ioOri,2000,05,35,26.0000,-05,54,36.000,0.00,1.00,22.0,25.00,2.77
HR1900,HR1900,2000,05,35,35.8000,-03,15,10.000,-8.00,0.00,24.0,0.00,6.40
HR1901,45Ori,2000,05,35,39.5000,-04,51,21.000,9.00,11.00,-9.0,26.00,5.26
HR1902,HR1902,2000,05,37,08.8000,+26,55,27.000,11.00,-25.00,10.0,7.00,5.83
HR1903,epOri,2000,05,36,12.8000,-01,12,07.000,1.00,-2.00,26.0,-2.00,1.70
HR1904,HR1904,2000,05,37,45.7000,+33,33,33.000,3.00,0.00,29.0,0.00,6.33
HR1905,122Tau,2000,05,37,03.8000,+17,02,25.000,45.00,-31.00,41.0,29.00,5.54
HR1906,HR1906,2000,05,36,15.0000,-05,38,53.000,0.00,-4.00,11.0,0.00,6.54
HR1907,ph2Ori,2000,05,36,54.3000,+09,17,26.000,91.00,-305.00,99.0,30.00,4.09
HR1908,HR1908,2000,05,37,04.4000,+11,02,06.000,51.00,-18.00,-111.0,0.00,5.94
HR1909,HR1909,2000,05,35,15.4000,-33,04,48.000,20.00,109.00,44.0,0.00,5.78
HR1910,zeTau,2000,05,37,38.7000,+21,08,33.000,0.00,-21.00,20.0,8.00,3.00
HR1911,HR1911,2000,05,36,35.7000,-06,03,54.000,-5.00,-12.00,28.0,0.00,5.72
HR1912,HR1912,2000,05,33,44.4000,-54,54,08.000,72.00,11.00,38.0,0.00,6.43
HR1913,HR1913,2000,05,37,19.3000,+08,57,07.000,1.00,-1.00,42.0,0.00,6.12
HR1914,26Aur,2000,05,38,38.1000,+30,29,33.000,-19.00,-9.00,2.0,5.00,5.40
HR1915,HR1915,2000,05,36,10.3000,-28,42,28.000,23.00,0.00,22.0,0.00,6.26
HR1916,HR1916,2000,05,42,26.4000,+65,41,52.000,-6.00,-18.00,-19.0,0.00,5.60
HR1917,HR1917,2000,05,32,59.6000,-64,13,39.000,41.00,-10.00,10.0,10.00,5.34
HR1918,HR1918,2000,05,37,27.4000,-05,56,18.000,15.00,2.00,29.0,0.00,6.05
HR1919,HR1919,2000,05,37,08.8000,-11,46,32.000,20.00,-20.00,24.0,0.00,6.11
HR1920,HR1920,2000,05,38,01.1000,+07,32,29.000,7.00,-17.00,19.0,0.00,5.88
HR1921,HR1921,2000,05,38,57.4000,+26,37,04.000,24.00,-18.00,15.0,0.00,6.37
HR1922,beDor,2000,05,33,37.5000,-62,29,23.000,2.00,9.00,7.0,12.00,3.76
HR1923,HR1923,2000,05,37,53.4000,-04,48,49.000,4.00,21.00,29.0,0.00,6.19
HR1924,HR1924,2000,05,39,18.4000,+29,12,55.000,12.00,-4.00,20.0,0.00,5.96
HR1925,HR1925,2000,05,41,20.3000,+53,28,52.000,2.00,-518.00,2.0,81.00,6.23
HR1926,nu1Col,2000,05,37,16.5000,-27,52,17.000,14.00,-61.00,27.0,0.00,6.16
HR1927,HR1927,2000,05,36,02.7000,-47,18,50.000,-14.00,-17.00,16.0,0.00,6.11
HR1928,125Tau,2000,05,39,44.2000,+25,53,49.000,12.00,-24.00,15.0,0.00,5.18
HR1929,HR1929,2000,05,39,27.0000,+21,45,46.000,-4.00,-36.00,15.0,0.00,6.34
HR1930,HR1930,2000,05,35,02.4000,-58,52,16.000,-35.00,17.00,32.0,0.00,6.75
HR1931,siOri,2000,05,38,44.8000,-02,36,00.000,2.00,1.00,29.0,7.00,3.81
HR1932,HR1932,2000,05,38,47.1000,-02,35,39.000,-18.00,12.00,29.0,7.00,6.65
HR1933,HR1933,2000,05,38,37.8000,-06,34,26.000,-15.00,3.00,15.0,0.00,5.96
HR1934,omeOri,2000,05,39,11.1000,+04,07,17.000,1.00,-3.00,22.0,0.00,4.57
HR1935,nu2Col,2000,05,37,44.6000,-28,41,22.000,-34.00,52.00,36.0,47.00,5.31
HR1936,HR1936,2000,05,34,57.6000,-61,10,33.000,6.00,-22.00,8.0,0.00,6.32
HR1937,49Ori,2000,05,38,53.1000,-07,12,47.000,-12.00,-53.00,-1.0,42.00,4.80
HR1938,HR1938,2000,05,40,35.9000,+31,21,29.000,-7.00,-20.00,-7.0,0.00,6.04
HR1939,HR1939,2000,05,40,42.1000,+31,55,15.000,10.00,6.00,5.0,0.00,6.11
HR1940,HR1940,2000,05,39,31.2000,-03,33,53.000,-2.00,-3.00,22.0,0.00,6.00
HR1941,24Cam,2000,05,43,01.6000,+56,34,54.000,14.00,31.00,-29.0,0.00,6.05
HR1942,HR1942,2000,05,39,30.8000,-09,42,24.000,8.00,-14.00,21.0,0.00,6.50
HR1943,23Cam,2000,05,44,08.6000,+61,28,36.000,-5.00,1.00,-4.0,0.00,6.15
HR1944,HR1944,2000,05,39,16.3000,-17,50,58.000,1.00,3.00,21.0,0.00,6.38
HR1945,HR1945,2000,05,41,21.0000,+29,29,15.000,19.00,-29.00,18.0,0.00,6.43
HR1946,126Tau,2000,05,41,17.7000,+16,32,02.000,8.00,-18.00,21.0,14.00,4.86
HR1947,HR1947,2000,05,38,43.6000,-40,42,27.000,-5.00,9.00,4.0,0.00,5.82
HR1948,zeOri,2000,05,40,45.5000,-01,56,34.000,3.00,-2.00,18.0,24.00,2.05
HR1949,zeOri,2000,05,40,45.6000,-01,56,34.000,4.00,-2.00,13.0,24.00,4.21
HR1950,HR1950,2000,05,40,37.3000,-02,49,30.000,8.00,10.00,29.0,0.00,6.22
HR1951,HR1951,2000,05,41,54.6000,+23,19,35.000,-16.00,-14.00,26.0,0.00,6.59
HR1952,HR1952,2000,05,40,50.6000,-01,07,44.000,-12.00,-6.00,26.0,0.00,4.95
HR1953,gaMen,2000,05,31,52.9000,-76,20,28.000,111.00,283.00,57.0,20.00,5.19
HR1954,HR1954,2000,05,42,03.9000,+22,39,37.000,-11.00,-21.00,-21.0,0.00,6.36
HR1955,HR1955,2000,05,41,05.6000,+00,20,16.000,15.00,28.00,-13.0,0.00,5.93
HR1956,alCol,2000,05,39,38.9000,-34,04,27.000,7.00,-26.00,35.0,1.00,2.64
HR1957,HR1957,2000,05,40,46.0000,-10,24,34.000,-30.00,-30.00,20.0,0.00,6.52
HR1958,HR1958,2000,05,39,49.8000,-32,37,45.000,-22.00,-29.00,-8.0,0.00,5.45
HR1959,HR1959,2000,05,41,40.3000,-02,53,46.000,41.00,30.00,30.0,0.00,6.42
HR1960,HR1960,2000,05,36,54.7000,-66,33,37.000,-22.00,10.00,20.0,0.00,6.31
HR1961,HR1961,2000,05,43,19.5000,+23,12,15.000,-1.00,-22.00,16.0,0.00,6.21
HR1962,HR1962,2000,05,41,41.5000,-16,43,32.000,-5.00,9.00,16.0,0.00,6.21
HR1963,51Ori,2000,05,42,28.6000,+01,28,29.000,-58.00,-15.00,88.0,15.00,4.91
HR1964,HR1964,2000,05,34,44.7000,-73,44,29.000,-3.00,33.00,-11.0,0.00,5.78
HR1965,HR1965,2000,05,42,14.3000,-17,31,49.000,-36.00,7.00,62.0,0.00,6.15
HR1966,HR1966,2000,05,41,27.0000,-33,24,02.000,14.00,-2.00,29.0,0.00,6.34
HR1967,HR1967,2000,05,42,53.8000,-06,47,46.000,-3.00,68.00,-7.0,19.00,6.02
HR1968,12Lep,2000,05,42,13.9000,-22,22,25.000,-4.00,18.00,28.0,0.00,5.87
HR1969,26Cam,2000,05,46,30.4000,+56,06,56.000,19.00,-56.00,21.0,0.00,5.94
HR1970,HR1970,2000,05,43,09.3000,-01,36,47.000,3.00,-26.00,30.0,0.00,6.31
HR1971,omiAur,2000,05,45,54.0000,+49,49,35.000,-10.00,1.00,-6.0,19.00,5.47
HR1972,HR1972,2000,05,42,11.6000,-30,32,08.000,2.00,7.00,27.0,0.00,6.19
HR1973,HR1973,2000,05,42,15.1000,-34,40,04.000,-8.00,51.00,35.0,0.00,5.29
HR1974,HR1974,2000,05,45,49.5000,+40,30,26.000,-31.00,-5.00,-4.0,0.00,6.58
HR1975,HR1975,2000,05,43,21.6000,-18,33,27.000,16.00,-15.00,25.0,0.00,5.73
HR1976,HR1976,2000,05,49,04.9000,+62,48,29.000,-7.00,-10.00,-4.0,10.00,6.13
HR1977,HR1977,2000,05,45,39.4000,+20,41,42.000,-1.00,0.00,17.0,0.00,6.95
HR1978,HR1978,2000,05,45,01.9000,+04,00,29.000,20.00,-19.00,8.0,0.00,6.09
HR1979,HR1979,2000,05,47,14.7000,+42,31,36.000,9.00,-88.00,-16.0,0.00,6.29
HR1980,HR1980,2000,05,44,28.4000,-20,07,35.000,-16.00,46.00,38.0,0.00,6.34
HR1981,HR1981,2000,05,43,30.2000,-39,24,25.000,51.00,-2.00,13.0,0.00,6.25
HR1982,HR1982,2000,05,44,26.5000,-22,25,18.000,-309.00,-353.00,-10.0,128.00,6.15
HR1983,gaLep,2000,05,44,27.8000,-22,26,54.000,-293.00,-370.00,-10.0,128.00,3.60
HR1984,HR1984,2000,05,43,41.1000,-45,49,59.000,29.00,91.00,11.0,0.00,6.39
HR1985,129Tau,2000,05,46,45.5000,+15,49,21.000,4.00,-4.00,19.0,0.00,6.00
HR1986,HR1986,2000,05,46,02.8000,-04,16,06.000,0.00,-68.00,-46.0,0.00,6.34
HR1987,HR1987,2000,05,46,52.1000,+09,31,20.000,-34.00,-65.00,-26.0,0.00,5.79
HR1988,HR1988,2000,05,46,35.0000,+01,10,05.000,-73.00,-148.00,29.0,27.00,5.95
HR1989,131Tau,2000,05,47,13.2000,+14,29,18.000,10.00,-39.00,21.0,21.00,5.72
HR1990,130Tau,2000,05,47,26.2000,+17,43,45.000,-5.00,-6.00,9.0,0.00,5.49
HR1991,ioMen,2000,05,35,36.3000,-78,49,15.000,8.00,17.00,13.0,0.00,6.05
HR1992,29Cam,2000,05,50,34.0000,+56,55,08.000,-9.00,-8.00,4.0,0.00,6.54
HR1993,133Tau,2000,05,47,42.9000,+13,53,59.000,2.00,-12.00,29.0,-2.00,5.29
HR1994,HR1994,2000,05,52,55.5000,+68,28,17.000,5.00,-51.00,-1.0,4.00,6.20
HR1995,taAur,2000,05,49,10.5000,+39,10,52.000,-25.00,-22.00,-20.0,7.00,4.52
HR1996,muCol,2000,05,45,59.9000,-32,18,23.000,9.00,-25.00,109.0,0.00,5.17
HR1997,HR1997,2000,05,48,22.4000,+20,52,10.000,14.00,-16.00,7.0,1.00,6.07
HR1998,zeLep,2000,05,46,57.3000,-14,49,19.000,-16.00,-1.00,20.0,49.00,3.55
HR1999,52Ori,2000,05,48,00.2000,+06,27,15.000,7.00,-19.00,43.0,23.00,5.27
HR2000,HR2000,2000,05,47,07.6000,-16,14,16.000,-34.00,3.00,7.0,0.00,6.17
HR2001,HR2001,2000,05,47,26.7000,-10,31,59.000,-29.00,-24.00,-1.0,0.00,6.03
HR2002,132Tau,2000,05,49,01.0000,+24,34,03.000,-4.00,-23.00,16.0,5.00,4.86
HR2003,HR2003,2000,05,50,56.4000,+51,30,53.000,167.00,-30.00,26.0,0.00,6.29
HR2004,kaOri,2000,05,47,45.4000,-09,40,11.000,2.00,-2.00,21.0,15.00,2.06
HR2005,HR2005,2000,05,47,04.7000,-28,38,21.000,6.00,6.00,18.0,0.00,6.22
HR2006,30Cam,2000,05,52,17.4000,+58,57,51.000,7.00,-23.00,12.0,0.00,6.14
HR2007,HR2007,2000,05,48,34.9000,-04,05,41.000,62.00,-225.00,29.0,0.00,5.97
HR2008,HR2008,2000,05,46,27.4000,-46,35,50.000,12.00,4.00,11.0,18.00,5.31
HR2009,HR2009,2000,05,47,18.6000,-35,40,29.000,-8.00,41.00,57.0,0.00,6.32
HR2010,134Tau,2000,05,49,32.9000,+12,39,04.000,-20.00,-24.00,18.0,0.00,4.91
HR2011,upAur,2000,05,51,02.4000,+37,18,20.000,35.00,-47.00,38.0,-2.00,4.74
HR2012,nuAur,2000,05,51,29.4000,+39,08,55.000,-5.00,7.00,10.0,17.00,3.97
HR2013,HR2013,2000,05,50,58.1000,+27,58,04.000,-9.00,12.00,8.0,0.00,5.56
HR2014,HR2014,2000,05,50,02.6000,+09,52,16.000,5.00,-10.00,44.0,0.00,5.80
HR2015,deDor,2000,05,44,46.4000,-65,44,08.000,-31.00,8.00,-3.0,27.00,4.35
HR2016,135Tau,2000,05,50,28.9000,+14,18,20.000,6.00,-35.00,46.0,0.00,5.52
HR2017,HR2017,2000,05,47,58.1000,-40,39,09.000,7.00,32.00,13.0,0.00,6.61
HR2018,HR2018,2000,05,51,25.7000,+32,07,30.000,1.00,7.00,103.0,0.00,6.25
HR2019,HR2019,2000,05,50,13.1000,+04,25,24.000,5.00,-39.00,27.0,0.00,5.97
HR2020,bePic,2000,05,47,17.1000,-51,03,59.000,11.00,85.00,20.0,61.00,3.85
HR2021,HR2021,2000,05,49,36.5000,-14,29,01.000,-25.00,-44.00,-2.0,9.00,5.49
HR2022,piMen,2000,05,37,09.8000,-80,28,09.000,305.00,1054.00,9.0,44.00,5.65
HR2023,HR2023,2000,05,47,13.0000,-54,21,39.000,-16.00,-9.00,-3.0,0.00,6.18
HR2024,HR2024,2000,05,50,30.0000,+02,01,28.000,1.00,-15.00,7.0,0.00,5.98
HR2025,HR2025,2000,05,52,39.5000,+39,34,28.000,-26.00,-16.00,-19.0,0.00,6.45
HR2026,HR2026,2000,05,49,53.5000,-22,58,18.000,-14.00,25.00,44.0,0.00,5.87
HR2027,31Cam,2000,05,54,57.8000,+59,53,18.000,1.00,-19.00,-3.0,9.00,5.20
HR2028,HR2028,2000,05,52,40.1000,+33,55,03.000,20.00,8.00,100.0,0.00,5.98
HR2029,xiAur,2000,05,54,50.8000,+55,42,25.000,-13.00,20.00,-12.0,12.00,4.99
HR2030,HR2030,2000,05,52,23.4000,+19,52,05.000,-2.00,3.00,-3.0,0.00,6.06
HR2031,55Ori,2000,05,51,22.0000,-07,31,05.000,-1.00,3.00,20.0,0.00,5.35
HR2032,HR2032,2000,05,49,34.1000,-44,52,31.000,-4.00,11.00,29.0,0.00,6.38
HR2033,137Tau,2000,05,52,22.3000,+14,10,18.000,-20.00,-5.00,-4.0,0.00,5.59
HR2034,136Tau,2000,05,53,19.6000,+27,36,44.000,3.00,-12.00,-16.0,21.00,4.58
HR2035,deLep,2000,05,51,19.3000,-20,52,45.000,227.00,-649.00,99.0,22.00,3.81
HR2036,HR2036,2000,05,51,28.6000,-22,55,34.000,-1.00,-18.00,26.0,0.00,6.17
HR2037,56Ori,2000,05,52,26.4000,+01,51,18.000,-7.00,-12.00,10.0,5.00,4.78
HR2038,HR2038,2000,05,53,19.1000,+20,17,57.000,5.00,-10.00,-6.0,0.00,6.71
HR2039,HR2039,2000,05,52,07.6000,-09,02,29.000,-27.00,52.00,39.0,0.00,5.97
HR2040,beCol,2000,05,50,57.6000,-35,46,06.000,59.00,401.00,89.0,23.00,3.12
HR2041,HR2041,2000,05,57,35.0000,+66,05,46.000,48.00,-16.00,-22.0,0.00,6.25
HR2042,gaPic,2000,05,49,49.7000,-56,10,00.000,83.00,-76.00,16.0,18.00,4.51
HR2043,HR2043,2000,05,51,59.5000,-29,26,55.000,-4.00,20.00,2.0,0.00,6.45
HR2044,HR2044,2000,05,50,28.6000,-52,46,04.000,-25.00,15.00,1.0,0.00,6.35
HR2045,HR2045,2000,05,56,14.4000,+51,48,14.000,-9.00,-8.00,-12.0,0.00,6.49
HR2046,HR2046,2000,05,54,59.0000,+31,42,06.000,-43.00,-176.00,-21.0,23.00,5.90
HR2047,ch1Ori,2000,05,54,22.9000,+20,16,34.000,-189.00,-84.00,-14.0,104.00,4.41
HR2048,HR2048,2000,05,54,13.4000,+10,35,13.000,6.00,8.00,13.0,0.00,6.12
HR2049,HR2049,2000,05,50,53.2000,-52,06,32.000,6.00,-78.00,1.0,23.00,5.17
HR2050,HR2050,2000,05,54,32.2000,+11,45,45.000,8.00,-68.00,28.0,0.00,6.59
HR2051,HR2051,2000,05,54,15.7000,+03,13,31.000,53.00,-61.00,-4.0,0.00,6.31
HR2052,57Ori,2000,05,54,56.7000,+19,44,59.000,-3.00,-4.00,7.0,0.00,5.92
HR2053,HR2053,2000,05,52,33.2000,-37,37,52.000,33.00,-31.00,32.0,0.00,5.63
HR2054,HR2054,2000,05,57,04.9000,+49,01,46.000,19.00,-16.00,-2.0,0.00,6.47
HR2055,HR2055,2000,05,52,47.7000,-38,31,33.000,4.00,-4.00,4.0,3.00,6.70
HR2056,laCol,2000,05,53,06.9000,-33,48,05.000,-4.00,33.00,30.0,35.00,4.87
HR2057,HR2057,2000,05,54,44.1000,+00,58,06.000,3.00,-3.00,22.0,0.00,6.00
HR2058,HR2058,2000,05,54,34.7000,-04,03,50.000,-1.00,20.00,25.0,0.00,6.57
HR2059,HR2059,2000,05,30,13.9000,-84,47,06.000,-8.00,46.00,-4.0,0.00,6.20
HR2060,HR2060,2000,05,53,57.4000,-19,38,18.000,-25.00,4.00,2.0,0.00,6.69
HR2061,alOri,2000,05,55,10.3000,+07,24,25.000,26.00,9.00,21.0,5.00,0.50
HR2062,laMen,2000,05,47,48.1000,-72,42,08.000,-11.00,22.00,15.0,0.00,6.53
HR2063,HR2063,2000,05,55,49.3000,+20,10,30.000,0.00,-14.00,-21.0,0.00,5.40
HR2064,epDor,2000,05,49,53.6000,-66,54,04.000,-16.00,16.00,16.0,12.00,5.11
HR2065,HR2065,2000,05,54,43.6000,-11,46,26.000,66.00,39.00,86.0,0.00,5.66
HR2066,HR2066,2000,05,56,33.8000,+28,56,32.000,3.00,-1.00,19.0,0.00,6.32
HR2067,HR2067,2000,05,56,03.5000,+13,55,31.000,384.00,-467.00,-2.0,47.00,6.60
HR2068,HR2068,2000,05,54,14.1000,-29,08,52.000,-20.00,-51.00,18.0,0.00,6.36
HR2069,HR2069,2000,05,53,22.9000,-42,55,17.000,12.00,9.00,-10.0,0.00,6.55
HR2070,HR2070,2000,05,55,30.3000,-04,36,59.000,40.00,-17.00,26.0,0.00,5.87
HR2071,HR2071,2000,05,55,35.4000,-04,47,18.000,-11.00,-19.00,-14.0,0.00,6.28
HR2072,HR2072,2000,05,52,20.3000,-57,09,22.000,24.00,-78.00,8.0,0.00,5.94
HR2073,HR2073,2000,05,51,23.0000,-64,02,01.000,-11.00,16.00,13.0,0.00,6.36
HR2074,HR2074,2000,05,56,56.1000,+24,14,59.000,2.00,0.00,1.0,0.00,6.02
HR2075,HR2075,2000,05,56,28.0000,+09,30,35.000,0.00,-1.00,13.0,0.00,5.99
HR2076,HR2076,2000,05,56,49.5000,+11,31,16.000,106.00,-58.00,21.0,0.00,5.87
HR2077,deAur,2000,05,59,31.6000,+54,17,05.000,81.00,-125.00,8.0,22.00,3.72
HR2078,HR2078,2000,06,05,09.3000,+75,35,09.000,9.00,-10.00,4.0,0.00,6.40
HR2079,HR2079,2000,05,59,45.7000,+55,19,15.000,-15.00,-88.00,45.0,0.00,6.44
HR2080,HR2080,2000,05,59,48.1000,+54,32,50.000,11.00,-35.00,-6.0,0.00,6.14
HR2081,HR2081,2000,05,59,21.8000,+49,55,28.000,-2.00,-9.00,-4.0,0.00,5.89
HR2082,HR2082,2000,05,54,52.5000,-39,57,29.000,-14.00,16.00,114.0,0.00,5.57
HR2083,HR2083,2000,05,54,10.7000,-50,21,43.000,86.00,569.00,2.0,34.00,6.52
HR2084,139Tau,2000,05,57,59.7000,+25,57,14.000,0.00,-2.00,8.0,0.00,4.82
HR2085,etLep,2000,05,56,24.3000,-14,10,04.000,-42.00,139.00,-2.0,66.00,3.71
HR2086,HR2086,2000,05,56,14.3000,-22,50,25.000,119.00,21.00,34.0,0.00,5.96
HR2087,xiCol,2000,05,55,29.9000,-37,07,15.000,32.00,-26.00,60.0,-11.00,4.97
HR2088,beAur,2000,05,59,31.7000,+44,56,51.000,-57.00,0.00,-18.0,41.00,1.90
HR2089,HR2089,2000,05,54,41.1000,-49,37,37.000,-9.00,16.00,12.0,0.00,6.10
HR2090,HR2090,2000,05,56,34.5000,-23,12,56.000,14.00,26.00,-5.0,0.00,6.36
HR2091,piAur,2000,05,59,56.1000,+45,56,13.000,0.00,-5.00,1.0,3.00,4.26
HR2092,siCol,2000,05,56,20.9000,-31,22,57.000,-2.00,6.00,19.0,0.00,5.50
HR2093,HR2093,2000,05,57,54.2000,+01,13,28.000,-69.00,8.00,37.0,0.00,6.22
HR2094,HR2094,2000,05,54,50.2000,-52,38,07.000,-5.00,248.00,27.0,34.00,5.29
HR2095,thAur,2000,05,59,43.3000,+37,12,45.000,48.00,-81.00,30.0,22.00,2.62
HR2096,HR2096,2000,06,00,19.0000,+44,35,31.000,-26.00,-41.00,2.0,0.00,6.22
HR2097,HR2097,2000,05,58,11.7000,-00,59,39.000,7.00,-25.00,61.0,0.00,6.22
HR2098,HR2098,2000,05,56,49.0000,-31,58,34.000,2.00,19.00,29.0,0.00,6.44
HR2099,HR2099,2000,05,58,53.2000,+12,48,31.000,-14.00,21.00,12.0,6.00,5.70
HR2100,59Ori,2000,05,58,24.4000,+01,50,13.000,5.00,-8.00,45.0,0.00,5.90
HR2101,36Aur,2000,06,00,58.6000,+47,54,07.000,6.00,-18.00,16.0,0.00,5.73
HR2102,HR2102,2000,05,54,06.1000,-63,05,24.000,138.00,537.00,25.0,48.00,4.65
HR2103,60Ori,2000,05,58,49.6000,+00,33,11.000,-13.00,2.00,35.0,4.00,5.22
HR2104,HR2104,2000,05,54,11.9000,-64,28,56.000,-3.00,64.00,13.0,0.00,6.63
HR2105,HR2105,2000,06,01,43.1000,+48,57,34.000,5.00,-15.00,11.0,0.00,5.96
HR2106,gaCol,2000,05,57,32.2000,-35,17,00.000,0.00,9.00,24.0,0.00,4.36
HR2107,1Mon,2000,05,59,01.0000,-09,22,56.000,14.00,12.00,12.0,0.00,6.12
HR2108,2Mon,2000,05,59,04.3000,-09,33,30.000,9.00,-50.00,22.0,10.00,5.03
HR2109,HR2109,2000,05,59,37.7000,-01,26,40.000,-9.00,-20.00,-4.0,0.00,6.63
HR2110,HR2110,2000,06,01,10.2000,+31,02,05.000,-1.00,9.00,-9.0,0.00,5.98
HR2111,HR2111,2000,06,01,00.4000,+27,34,20.000,-1.00,-4.00,17.0,0.00,6.05
HR2112,HR2112,2000,06,02,48.7000,+49,54,20.000,24.00,-46.00,25.0,0.00,6.05
HR2113,HR2113,2000,06,00,03.4000,-03,04,27.000,12.00,-76.00,26.0,22.00,4.53
HR2114,HR2114,2000,05,57,14.4000,-53,25,34.000,16.00,-14.00,73.0,0.00,6.45
HR2115,HR2115,2000,06,02,53.6000,+43,22,43.000,20.00,-24.00,-19.0,0.00,6.42
HR2116,HR2116,2000,06,01,41.6000,+22,24,03.000,-11.00,-20.00,24.0,0.00,6.37
HR2117,HR2117,2000,05,58,37.6000,-44,02,04.000,-1.00,14.00,12.0,0.00,5.81
HR2118,HR2118,2000,06,00,17.7000,-12,53,59.000,-7.00,-39.00,33.0,0.00,6.22
HR2119,38Aur,2000,06,03,18.0000,+42,54,42.000,112.00,-141.00,38.0,14.00,6.10
HR2120,etCol,2000,05,59,08.8000,-42,48,55.000,22.00,-14.00,17.0,19.00,3.96
HR2121,HR2121,2000,06,05,08.3000,+59,23,35.000,5.00,-51.00,31.0,0.00,6.34
HR2122,HR2122,2000,06,02,55.1000,+32,38,09.000,76.00,-209.00,34.0,28.00,6.24
HR2123,HR2123,2000,06,04,29.1000,+51,34,24.000,5.00,-42.00,20.0,0.00,6.45
HR2124,muOri,2000,06,02,23.0000,+09,38,51.000,15.00,-28.00,45.0,28.00,4.12
HR2125,kaMen,2000,05,50,16.7000,-79,21,41.000,-9.00,66.00,10.0,0.00,5.47
HR2126,HR2126,2000,06,06,39.2000,+63,27,13.000,-30.00,6.00,-15.0,0.00,6.39
HR2127,HR2127,2000,06,02,17.1000,+01,41,40.000,4.00,7.00,3.0,0.00,6.59
HR2128,3Mon,2000,06,01,50.4000,-10,35,53.000,-7.00,0.00,39.0,3.00,4.95
HR2129,HR2129,2000,06,01,13.1000,-25,25,04.000,-8.00,-18.00,12.0,0.00,6.05
HR2130,64Ori,2000,06,03,27.3000,+19,41,26.000,-1.00,-17.00,12.0,0.00,5.14
HR2131,HR2131,2000,06,01,16.4000,-33,54,42.000,15.00,-20.00,19.0,0.00,5.55
HR2132,39Aur,2000,06,05,03.4000,+42,58,54.000,-39.00,-143.00,34.0,0.00,5.87
HR2133,HR2133,2000,06,03,24.7000,+11,40,51.000,-16.00,-15.00,-13.0,0.00,6.08
HR2134,1Gem,2000,06,04,07.2000,+23,15,48.000,-8.00,-100.00,20.0,31.00,4.16
HR2135,ch2Ori,2000,06,03,55.2000,+20,08,18.000,2.00,-6.00,17.0,25.00,4.63
HR2136,HR2136,2000,06,02,33.8000,-14,29,50.000,11.00,12.00,45.0,0.00,6.20
HR2137,HR2137,2000,06,05,02.6000,+37,57,51.000,3.00,-7.00,5.0,0.00,6.34
HR2138,HR2138,2000,06,00,49.2000,-51,12,59.000,-21.00,94.00,5.0,0.00,5.67
HR2139,HR2139,2000,06,05,34.0000,+33,35,57.000,8.00,-13.00,25.0,0.00,6.23
HR2140,HR2140,2000,06,03,15.5000,-26,17,04.000,56.00,92.00,182.0,0.00,5.04
HR2141,HR2141,2000,06,06,08.5000,+35,23,15.000,-131.00,-302.00,-12.0,46.00,6.12
HR2142,HR2142,2000,06,04,13.5000,-06,42,33.000,-5.00,-3.00,25.0,0.00,5.21
HR2143,40Aur,2000,06,06,35.1000,+38,28,58.000,7.00,-49.00,18.0,4.00,5.36
HR2144,63Ori,2000,06,04,58.2000,+05,25,12.000,0.00,3.00,20.0,0.00,5.67
HR2145,66Ori,2000,06,04,58.4000,+04,09,31.000,-1.00,-5.00,33.0,0.00,5.63
HR2146,HR2146,2000,06,06,22.5000,+29,30,45.000,15.00,-6.00,-36.0,0.00,6.08
HR2147,HR2147,2000,06,07,26.9000,+41,51,15.000,7.00,-21.00,6.0,0.00,6.12
HR2148,17Lep,2000,06,04,59.1000,-16,29,04.000,-6.00,-1.00,20.0,32.00,4.93
HR2149,HR2149,2000,06,04,20.3000,-32,10,21.000,-15.00,119.00,93.0,0.00,5.65
HR2150,HR2150,2000,06,05,27.0000,-10,14,34.000,14.00,24.00,33.0,0.00,5.87
HR2151,HR2151,2000,06,02,09.2000,-60,05,49.000,10.00,4.00,-51.0,0.00,6.45
HR2152,37Cam,2000,06,09,59.1000,+58,56,09.000,24.00,23.00,31.0,11.00,5.36
HR2153,HR2153,2000,06,08,23.0000,+41,03,20.000,-16.00,-53.00,-87.0,0.00,6.36
HR2154,HR2154,2000,06,06,38.7000,-04,11,38.000,-7.00,-4.00,20.0,0.00,5.38
HR2155,thLep,2000,06,06,09.3000,-14,56,07.000,-18.00,14.00,32.0,12.00,4.67
HR2156,HR2156,2000,06,05,45.7000,-24,11,44.000,24.00,-18.00,12.0,0.00,6.95
HR2157,HR2157,2000,06,04,28.4000,-45,02,12.000,-80.00,244.00,26.0,42.00,6.35
HR2158,HR2158,2000,06,04,40.2000,-45,04,44.000,-70.00,255.00,27.0,33.00,5.93
HR2159,nuOri,2000,06,07,34.3000,+14,46,06.000,6.00,-21.00,24.0,-32.00,4.42
HR2160,HR2160,2000,06,05,27.1000,-35,30,49.000,7.00,18.00,24.0,0.00,5.80
HR2161,HR2161,2000,06,06,51.9000,-11,10,25.000,-2.00,1.00,13.0,0.00,6.66
HR2162,HR2162,2000,06,04,46.9000,-48,27,31.000,-92.00,-38.00,23.0,19.00,6.58
HR2163,HR2163,2000,06,06,32.0000,-23,06,38.000,-23.00,-23.00,-15.0,14.00,5.47
HR2164,HR2164,2000,06,06,05.5000,-29,45,31.000,13.00,-41.00,7.0,0.00,5.81
HR2165,36Cam,2000,06,12,51.1000,+65,43,06.000,6.00,-33.00,7.0,4.00,5.32
HR2166,HR2166,2000,06,06,57.6000,-21,48,46.000,4.00,-16.00,8.0,0.00,5.78
HR2167,HR2167,2000,06,08,47.2000,+08,40,12.000,32.00,5.00,35.0,0.00,6.55
HR2168,19Lep,2000,06,07,41.6000,-19,09,57.000,13.00,54.00,29.0,0.00,5.31
HR2169,HR2169,2000,06,09,32.4000,+22,11,24.000,-18.00,-13.00,8.0,0.00,5.93
HR2170,HR2170,2000,06,07,03.7000,-34,18,43.000,3.00,3.00,18.0,0.00,5.83
HR2171,pi1Col,2000,06,06,41.0000,-42,17,55.000,-33.00,3.00,2.0,0.00,6.12
HR2172,HR2172,2000,06,11,46.0000,+52,38,50.000,11.00,-70.00,11.0,0.00,6.30
HR2173,3Gem,2000,06,09,44.0000,+23,06,48.000,7.00,-1.00,16.0,0.00,5.75
HR2174,HR2174,2000,06,08,57.9000,+02,29,58.000,4.00,-20.00,34.0,0.00,5.73
HR2175,41Aur,2000,06,11,36.5000,+48,42,47.000,12.00,-66.00,29.0,10.00,6.82
HR2176,41Aur,2000,06,11,36.6000,+48,42,40.000,19.00,-50.00,31.0,10.00,6.09
HR2177,thCol,2000,06,07,31.6000,-37,15,11.000,2.00,-5.00,45.0,0.00,5.02
HR2178,HR2178,2000,06,07,01.9000,-45,05,29.000,85.00,44.00,82.0,0.00,6.51
HR2179,HR2179,2000,06,09,36.2000,-05,42,40.000,58.00,14.00,-1.0,0.00,6.17
HR2180,HR2180,2000,06,08,57.9000,-22,25,39.000,2.00,-39.00,44.0,12.00,5.50
HR2181,pi2Col,2000,06,07,52.9000,-42,09,14.000,1.00,-14.00,31.0,16.00,5.50
HR2182,HR2182,2000,06,09,20.3000,-18,07,34.000,13.00,-15.00,33.0,0.00,6.35
HR2183,HR2183,2000,06,09,34.3000,-14,35,03.000,-47.00,45.00,31.0,0.00,5.56
HR2184,HR2184,2000,06,11,01.8000,+18,07,46.000,-2.00,-47.00,-3.0,0.00,6.33
HR2185,5Gem,2000,06,11,32.3000,+24,25,13.000,-4.00,-54.00,22.0,0.00,5.80
HR2186,HR2186,2000,06,09,47.9000,-22,46,27.000,80.00,67.00,22.0,19.00,5.71
HR2187,HR2187,2000,06,08,34.6000,-44,21,22.000,-13.00,10.00,17.0,0.00,6.27
HR2188,HR2188,2000,06,13,45.3000,+51,10,21.000,-7.00,-65.00,11.0,0.00,6.04
HR2189,HR2189,2000,06,12,20.1000,+32,41,36.000,-8.00,-1.00,-51.0,0.00,5.78
HR2190,HR2190,2000,06,11,51.4000,+21,52,07.000,2.00,15.00,17.0,0.00,6.56
HR2191,HR2191,2000,06,11,27.9000,+13,38,19.000,-5.00,-17.00,13.0,0.00,6.04
HR2192,HR2192,2000,06,09,47.2000,-26,42,03.000,-7.00,21.00,-14.0,0.00,6.27
HR2193,68Ori,2000,06,12,01.3000,+19,47,26.000,-1.00,-12.00,31.0,0.00,5.75
HR2194,et1Dor,2000,06,06,09.4000,-66,02,23.000,17.00,27.00,18.0,0.00,5.71
HR2195,HR2195,2000,06,11,01.3000,-06,45,15.000,4.00,-3.00,5.0,0.00,6.15
HR2196,HR2196,2000,06,07,03.4000,-62,09,17.000,18.00,-72.00,22.0,13.00,5.05
HR2197,6Gem,2000,06,12,19.1000,+22,54,30.000,2.00,-4.00,22.0,3.00,6.39
HR2198,69Ori,2000,06,12,03.3000,+16,07,50.000,9.00,-14.00,22.0,0.00,4.95
HR2199,xiOri,2000,06,11,56.4000,+14,12,32.000,3.00,-20.00,24.0,-1.00,4.48
HR2200,HR2200,2000,06,10,34.6000,-27,09,15.000,-16.00,-46.00,1.0,0.00,5.72
HR2201,40Cam,2000,06,15,40.6000,+59,59,57.000,33.00,-21.00,12.0,0.00,5.35
HR2202,HR2202,2000,06,11,43.7000,-04,39,56.000,-11.00,-9.00,23.0,0.00,6.18
HR2203,HR2203,2000,06,10,10.3000,-40,21,13.000,-26.00,76.00,-19.0,0.00,5.58
HR2204,HR2204,2000,06,09,23.3000,-49,33,46.000,-24.00,80.00,60.0,0.00,6.49
HR2205,HR2205,2000,06,11,51.8000,-06,33,01.000,-5.00,-5.00,29.0,0.00,5.05
HR2206,HR2206,2000,06,11,13.5000,-26,28,56.000,-17.00,3.00,24.0,0.00,6.09
HR2207,HR2207,2000,06,13,33.4000,+18,40,49.000,23.00,-17.00,20.0,0.00,6.58
HR2208,HR2208,2000,06,13,12.6000,+10,37,39.000,92.00,-285.00,3.0,55.00,6.45
HR2209,HR2209,2000,06,18,50.8000,+69,19,11.000,2.00,-107.00,-7.0,8.00,4.80
HR2210,HR2210,2000,06,12,44.4000,-02,30,16.000,-45.00,12.00,-4.0,0.00,6.62
HR2211,HR2211,2000,06,10,39.9000,-45,16,55.000,5.00,5.00,20.0,0.00,6.31
HR2212,dePic,2000,06,10,17.9000,-54,58,07.000,-3.00,5.00,31.0,0.00,4.81
HR2213,HR2213,2000,06,12,46.3000,-17,45,47.000,-8.00,17.00,8.0,0.00,6.52
HR2214,HR2214,2000,06,14,28.6000,+17,54,23.000,-9.00,-12.00,29.0,0.00,5.88
HR2215,1Lyn,2000,06,17,54.8000,+61,30,55.000,-14.00,-6.00,11.0,6.00,4.98
HR2216,etGem,2000,06,14,52.6000,+22,30,24.000,-68.00,-12.00,19.0,14.00,3.28
HR2217,HR2217,2000,06,15,39.0000,+36,08,55.000,-65.00,3.00,7.0,0.00,6.92
HR2218,HR2218,2000,06,13,54.3000,-03,44,29.000,-11.00,25.00,50.0,0.00,5.83
HR2219,kaAur,2000,06,15,22.7000,+29,29,53.000,-73.00,-262.00,20.0,18.00,4.35
HR2220,71Ori,2000,06,14,50.9000,+19,09,23.000,-98.00,-188.00,36.0,41.00,5.20
HR2221,nuDor,2000,06,08,44.2000,-68,50,36.000,-52.00,18.00,18.0,0.00,5.06
HR2222,HR2222,2000,06,15,08.5000,+13,51,04.000,23.00,6.00,36.0,0.00,5.91
HR2223,72Ori,2000,06,15,25.1000,+16,08,35.000,3.00,-12.00,22.0,0.00,5.30
HR2224,HR2224,2000,06,14,36.7000,-04,34,06.000,-8.00,6.00,20.0,0.00,5.83
HR2225,HR2225,2000,06,13,45.1000,-23,51,43.000,-69.00,118.00,22.0,0.00,6.39
HR2226,HR2226,2000,06,13,33.3000,-29,23,46.000,-25.00,-13.00,18.0,0.00,6.54
HR2227,gaMon,2000,06,14,51.3000,-06,16,29.000,-8.00,-19.00,-5.0,13.00,3.98
HR2228,42Aur,2000,06,17,34.7000,+46,25,27.000,-43.00,19.00,-8.0,0.00,6.52
HR2229,73Ori,2000,06,15,45.0000,+12,33,04.000,-1.00,1.00,13.0,0.00,5.33
HR2230,8Gem,2000,06,16,19.0000,+23,58,12.000,-15.00,-9.00,-21.0,0.00,6.08
HR2231,HR2231,2000,06,15,40.1000,+06,03,58.000,-8.00,-24.00,26.0,0.00,6.07
HR2232,HR2232,2000,06,15,47.0000,+04,17,01.000,-1.00,-4.00,13.0,0.00,6.64
HR2233,HR2233,2000,06,15,34.3000,-00,30,44.000,-158.00,-219.00,-37.0,36.00,5.65
HR2234,HR2234,2000,06,15,29.7000,-04,54,55.000,25.00,-45.00,31.0,0.00,5.99
HR2235,HR2235,2000,06,16,23.8000,+17,10,53.000,-2.00,-14.00,39.0,0.00,6.39
HR2236,HR2236,2000,06,15,54.0000,+01,10,09.000,-5.00,34.00,3.0,0.00,6.37
HR2237,HR2237,2000,06,15,26.0000,-09,02,07.000,-35.00,15.00,19.0,-3.00,6.10
HR2238,2Lyn,2000,06,19,37.4000,+59,00,39.000,-8.00,26.00,-4.0,35.00,4.48
HR2239,43Aur,2000,06,18,16.9000,+46,21,38.000,12.00,-126.00,0.0,0.00,6.38
HR2240,9Gem,2000,06,16,58.7000,+23,44,27.000,0.00,-1.00,13.0,0.00,6.25
HR2241,74Ori,2000,06,16,26.6000,+12,16,20.000,82.00,186.00,9.0,41.00,5.04
HR2242,HR2242,2000,06,15,08.4000,-20,16,20.000,5.00,30.00,52.0,0.00,5.91
HR2243,HR2243,2000,06,15,17.5000,-18,28,36.000,16.00,-48.00,65.0,0.00,5.99
HR2244,HR2244,2000,06,15,44.9000,-13,43,06.000,11.00,-9.00,38.0,0.00,5.01
HR2245,et2Dor,2000,06,11,15.0000,-65,35,22.000,-26.00,112.00,35.0,9.00,5.01
HR2246,HR2246,2000,06,16,21.2000,+01,04,49.000,16.00,-8.00,22.0,0.00,6.63
HR2247,75Ori,2000,06,17,06.6000,+09,56,33.000,7.00,-61.00,12.0,13.00,5.39
HR2248,HR2248,2000,06,16,58.4000,+07,03,11.000,-11.00,9.00,41.0,0.00,6.57
HR2249,HR2249,2000,06,16,07.7000,-16,37,04.000,-2.00,8.00,14.0,0.00,5.92
HR2250,HR2250,2000,06,17,33.3000,+14,03,30.000,0.00,-12.00,3.0,0.00,6.59
HR2251,HR2251,2000,06,17,16.1000,+05,06,01.000,-216.00,159.00,13.0,50.00,5.71
HR2252,HR2252,2000,06,15,57.2000,-29,47,18.000,4.00,8.00,36.0,0.00,6.67
HR2253,HR2253,2000,06,18,05.6000,+14,22,58.000,-7.00,4.00,8.0,0.00,6.16
HR2254,HR2254,2000,06,17,03.5000,-22,42,54.000,119.00,-251.00,-4.0,18.00,6.07
HR2255,6Mon,2000,06,17,35.2000,-10,43,31.000,-2.00,-7.00,27.0,0.00,6.75
HR2256,kaCol,2000,06,16,33.1000,-35,08,26.000,0.00,86.00,24.0,25.00,4.37
HR2257,4Lyn,2000,06,22,03.6000,+59,22,20.000,-1.00,4.00,-24.0,5.00,5.94
HR2258,HR2258,2000,06,19,01.8000,+17,19,30.000,-9.00,-9.00,0.0,0.00,6.32
HR2259,HR2259,2000,06,18,40.5000,+09,02,50.000,30.00,-44.00,-14.0,0.00,6.24
HR2260,HR2260,2000,06,17,41.7000,-16,48,57.000,-11.00,8.00,-8.0,17.00,5.14
HR2261,alMen,2000,06,10,14.4000,-74,45,11.000,118.00,-213.00,35.0,115.00,5.09
HR2262,HR2262,2000,06,16,35.6000,-39,15,52.000,-13.00,-22.00,-4.0,0.00,6.00
HR2263,HR2263,2000,06,17,01.2000,-37,44,15.000,2.00,81.00,67.0,0.00,5.53
HR2264,45Aur,2000,06,21,46.1000,+53,27,08.000,20.00,-84.00,-1.0,22.00,5.36
HR2265,HR2265,2000,06,17,09.5000,-37,15,11.000,-11.00,-10.00,21.0,0.00,5.87
HR2266,HR2266,2000,06,18,13.7000,-19,58,01.000,-5.00,7.00,23.0,0.00,5.52
HR2267,HR2267,2000,06,18,50.6000,-09,23,25.000,3.00,-33.00,7.0,0.00,5.36
HR2268,HR2268,2000,06,18,48.8000,-15,01,29.000,-3.00,22.00,51.0,0.00,6.06
HR2269,HR2269,2000,06,20,04.2000,+14,39,04.000,-3.00,-14.00,36.0,0.00,5.69
HR2270,HR2270,2000,06,19,07.9000,-08,35,11.000,-22.00,-10.00,4.0,0.00,6.22
HR2271,HR2271,2000,06,18,59.0000,-20,55,34.000,-9.00,-9.00,31.0,0.00,5.81
HR2272,HR2272,2000,06,21,12.1000,+29,32,28.000,35.00,-39.00,21.0,0.00,6.43
HR2273,7Mon,2000,06,19,42.8000,-07,49,23.000,-4.00,0.00,29.0,0.00,5.27
HR2274,HR2274,2000,06,16,18.5000,-59,12,49.000,-57.00,-325.00,-3.0,43.00,6.43
HR2275,HR2275,2000,06,19,59.6000,-02,56,40.000,-13.00,4.00,47.0,-1.00,4.90
HR2276,HR2276,2000,06,20,52.3000,+11,45,23.000,23.00,3.00,19.0,0.00,6.54
HR2277,HR2277,2000,06,21,25.9000,+17,45,49.000,19.00,-39.00,10.0,0.00,6.35
HR2278,HR2278,2000,06,17,51.7000,-52,43,59.000,3.00,-6.00,-5.0,0.00,6.41
HR2279,HR2279,2000,06,19,41.0000,-34,23,48.000,14.00,1.00,26.0,0.00,5.78
HR2280,HR2280,2000,06,21,25.8000,+02,16,07.000,-16.00,-26.00,-28.0,12.00,6.31
HR2281,HR2281,2000,06,18,46.8000,-50,21,33.000,6.00,3.00,17.0,0.00,7.04
HR2282,zeCMa,2000,06,20,18.8000,-30,03,48.000,9.00,3.00,32.0,4.00,3.02
HR2283,HR2283,2000,06,15,05.9000,-71,42,10.000,-25.00,61.00,14.0,0.00,6.64
HR2284,HR2284,2000,06,21,24.7000,-11,46,24.000,-9.00,-5.00,16.0,0.00,5.64
HR2285,HR2285,2000,06,28,14.6000,+70,32,08.000,2.00,23.00,-30.0,0.00,5.97
HR2286,muGem,2000,06,22,57.6000,+22,30,49.000,54.00,-111.00,55.0,20.00,2.88
HR2287,HR2287,2000,06,22,36.5000,+12,34,12.000,-33.00,-37.00,21.0,0.00,6.00
HR2288,HR2288,2000,06,20,36.3000,-34,08,38.000,5.00,28.00,54.0,0.00,5.53
HR2289,ps1Aur,2000,06,24,53.9000,+49,17,17.000,-2.00,-1.00,5.0,7.00,4.91
HR2290,HR2290,2000,06,20,06.1000,-48,44,28.000,231.00,-271.00,60.0,41.00,6.60
HR2291,HR2291,2000,06,26,25.8000,+56,17,06.000,-26.00,22.00,-10.0,23.00,5.64
HR2292,HR2292,2000,06,23,18.5000,+03,45,52.000,6.00,-13.00,30.0,0.00,6.40
HR2293,5Lyn,2000,06,26,48.9000,+58,25,02.000,-5.00,-9.00,-3.0,5.00,5.21
HR2294,beCMa,2000,06,22,42.0000,-17,57,21.000,-6.00,0.00,34.0,19.00,1.98
HR2295,HR2295,2000,06,23,22.7000,-04,41,14.000,-13.00,-7.00,17.0,0.00,6.67
HR2296,deCol,2000,06,22,06.8000,-33,26,11.000,-24.00,-55.00,-3.0,19.00,3.85
HR2297,HR2297,2000,06,24,52.6000,+29,42,26.000,-32.00,-9.00,29.0,0.00,6.71
HR2298,epMon,2000,06,23,46.1000,+04,35,34.000,-18.00,11.00,15.0,25.00,4.44
HR2299,HR2299,2000,06,23,46.5000,+04,35,44.000,-21.00,-10.00,16.0,25.00,6.72
HR2300,HR2300,2000,06,24,02.3000,+08,53,05.000,-5.00,-18.00,3.0,0.00,6.26
HR2301,HR2301,2000,06,23,36.0000,-09,52,28.000,8.00,18.00,29.0,0.00,6.19
HR2302,HR2302,2000,06,24,52.9000,+16,03,25.000,40.00,-46.00,77.0,0.00,6.33
HR2303,HR2303,2000,06,23,46.0000,-15,04,18.000,-15.00,-7.00,37.0,0.00,6.24
HR2304,HR2304,2000,06,25,32.9000,+23,19,37.000,-10.00,-23.00,-27.0,0.00,6.06
HR2305,HR2305,2000,06,24,10.3000,-11,31,49.000,-54.00,-35.00,-26.0,16.00,5.22
HR2306,HR2306,2000,06,23,47.6000,-19,47,07.000,-17.00,14.00,24.0,3.00,6.60
HR2307,HR2307,2000,06,23,14.4000,-31,47,24.000,-56.00,13.00,15.0,0.00,6.34
HR2308,HR2308,2000,06,25,28.1000,+14,43,19.000,-14.00,-2.00,13.0,0.00,6.24
HR2309,HR2309,2000,06,24,20.5000,-12,57,45.000,-12.00,-12.00,8.0,0.00,6.12
HR2310,HR2310,2000,06,25,13.1000,+07,05,09.000,17.00,4.00,32.0,5.00,5.98
HR2311,HR2311,2000,06,23,55.9000,-25,34,40.000,8.00,-42.00,34.0,0.00,5.63
HR2312,HR2312,2000,06,25,18.4000,+01,30,04.000,-17.00,-11.00,7.0,0.00,6.66
HR2313,HR2313,2000,06,25,16.4000,-00,56,46.000,224.00,-225.00,44.0,27.00,5.87
HR2314,HR2314,2000,06,27,51.1000,+47,24,19.000,-4.00,20.00,-12.0,0.00,6.56
HR2315,HR2315,2000,06,25,46.6000,+02,16,20.000,5.00,-2.00,24.0,0.00,6.51
HR2316,HR2316,2000,06,24,01.0000,-36,42,28.000,-15.00,55.00,53.0,0.00,5.62
HR2317,HR2317,2000,06,25,47.1000,-03,53,21.000,-20.00,-5.00,12.0,0.00,6.35
HR2318,HR2318,2000,06,24,43.9000,-28,46,48.000,-159.00,-115.00,-5.0,0.00,6.39
HR2319,HR2319,2000,06,27,35.5000,+32,33,47.000,-2.00,-58.00,57.0,0.00,6.43
HR2320,nuPic,2000,06,22,55.8000,-56,22,12.000,-34.00,-24.00,7.0,0.00,5.61
HR2321,HR2321,2000,06,25,58.8000,-07,53,39.000,-4.00,19.00,31.0,0.00,6.40
HR2322,HR2322,2000,06,23,37.7000,-52,10,52.000,-25.00,-23.00,11.0,0.00,5.98
HR2323,HR2323,2000,06,24,44.5000,-40,17,03.000,-3.00,-9.00,23.0,0.00,6.31
HR2324,HR2324,2000,06,26,39.6000,-01,30,26.000,-7.00,-26.00,10.0,0.00,5.87
HR2325,HR2325,2000,06,26,34.5000,-04,35,50.000,7.00,-2.00,10.0,0.00,6.15
HR2326,alCar,2000,06,23,57.1000,-52,41,45.000,22.00,21.00,21.0,28.00,-0.72
HR2327,HR2327,2000,06,26,58.7000,+00,50,27.000,-20.00,-4.00,10.0,0.00,6.71
HR2328,HR2328,2000,06,26,44.9000,-07,30,41.000,6.00,-1.00,20.0,0.00,6.27
HR2329,HR2329,2000,06,25,29.9000,-35,03,50.000,-5.00,-35.00,19.0,0.00,6.25
HR2330,16Gem,2000,06,27,56.6000,+20,29,46.000,-35.00,7.00,39.0,0.00,6.22
HR2331,6Lyn,2000,06,30,47.2000,+58,09,46.000,-26.00,-335.00,36.0,25.00,5.88
HR2332,48Aur,2000,06,28,34.1000,+30,29,35.000,2.00,-13.00,22.0,5.00,5.55
HR2333,HR2333,2000,06,27,20.4000,+02,54,29.000,-46.00,8.00,53.0,0.00,5.55
HR2334,HR2334,2000,06,27,13.8000,+00,17,57.000,7.00,-8.00,33.0,5.00,5.20
HR2335,HR2335,2000,06,27,15.6000,-00,16,34.000,0.00,-8.00,39.0,0.00,5.55
HR2336,HR2336,2000,06,23,46.9000,-58,32,38.000,10.00,21.00,23.0,0.00,6.48
HR2337,HR2337,2000,06,23,01.3000,-63,40,59.000,-24.00,13.00,-14.0,0.00,6.27
HR2338,47Aur,2000,06,30,03.0000,+46,41,08.000,-6.00,3.00,-47.0,17.00,5.90
HR2339,HR2339,2000,06,28,56.6000,+26,58,04.000,116.00,-67.00,-70.0,0.00,6.47
HR2340,HR2340,2000,06,28,28.0000,+16,14,18.000,-95.00,-47.00,41.0,0.00,6.23
HR2341,HR2341,2000,06,24,48.2000,-52,48,23.000,-7.00,2.00,36.0,0.00,6.51
HR2342,HR2342,2000,06,28,18.8000,+10,18,14.000,26.00,-39.00,-20.0,0.00,6.15
HR2343,nuGem,2000,06,28,57.8000,+20,12,44.000,-7.00,-14.00,39.0,9.00,4.15
HR2344,10Mon,2000,06,27,57.6000,-04,45,44.000,-5.00,-1.00,25.0,0.00,5.06
HR2345,HR2345,2000,06,24,13.7000,-60,16,52.000,-41.00,36.00,10.0,0.00,5.80
HR2346,HR2346,2000,06,40,16.8000,+79,35,58.000,1.00,17.00,-7.0,0.00,6.54
HR2347,HR2347,2000,06,28,16.8000,+01,54,44.000,-2.00,-27.00,42.0,0.00,6.48
HR2348,HR2348,2000,06,25,43.6000,-48,10,38.000,-5.00,-32.00,6.0,3.00,5.76
HR2349,HR2349,2000,06,27,11.2000,-25,51,24.000,-186.00,-218.00,36.0,45.00,6.07
HR2350,HR2350,2000,06,44,30.2000,+82,06,55.000,10.00,-52.00,6.0,0.00,6.65
HR2351,HR2351,2000,06,29,00.0000,+11,01,10.000,-27.00,-10.00,41.0,0.00,6.59
HR2352,pi1Dor,2000,06,22,38.2000,-69,59,03.000,20.00,29.00,16.0,0.00,5.56
HR2353,HR2353,2000,06,27,07.5000,-37,53,44.000,-11.00,42.00,30.0,0.00,6.48
HR2354,HR2354,2000,06,24,26.3000,-63,25,44.000,-7.00,-103.00,23.0,0.00,6.46
HR2355,HR2355,2000,06,29,14.9000,+02,38,46.000,9.00,-40.00,9.0,0.00,6.16
HR2356,beMon,2000,06,28,49.0000,-07,01,58.000,-17.00,0.00,20.0,21.00,4.60
HR2357,beMon,2000,06,28,49.5000,-07,02,04.000,-17.00,5.00,18.0,21.00,5.40
HR2358,beMon,2000,06,28,49.5000,-07,02,04.000,-16.00,5.00,23.0,21.00,5.60
HR2359,HR2359,2000,06,28,37.3000,-17,27,58.000,-7.00,4.00,18.0,0.00,5.77
HR2360,HR2360,2000,06,24,55.6000,-63,49,40.000,-14.00,26.00,-1.0,0.00,6.27
HR2361,laCMa,2000,06,28,10.1000,-32,34,48.000,-18.00,24.00,41.0,13.00,4.48
HR2362,HR2362,2000,06,30,05.5000,+09,01,45.000,-17.00,-26.00,14.0,0.00,6.57
HR2363,HR2363,2000,06,40,28.8000,+77,59,45.000,9.00,-12.00,-14.0,18.00,5.73
HR2364,HR2364,2000,06,28,39.2000,-32,22,16.000,-3.00,17.00,23.0,6.00,5.74
HR2365,HR2365,2000,06,37,54.9000,+73,41,44.000,-155.00,-18.00,6.0,39.00,6.24
HR2366,HR2366,2000,06,31,10.1000,+16,56,19.000,1.00,-49.00,27.0,0.00,6.20
HR2367,HR2367,2000,06,30,11.3000,-10,04,53.000,-11.00,2.00,20.0,0.00,5.93
HR2368,HR2368,2000,06,28,42.3000,-41,04,28.000,30.00,28.00,17.0,0.00,6.32
HR2369,HR2369,2000,06,27,04.0000,-58,00,08.000,-15.00,-14.00,13.0,0.00,5.82
HR2370,HR2370,2000,06,31,09.5000,+11,15,03.000,-5.00,-16.00,20.0,9.00,6.14
HR2371,19Gem,2000,06,31,37.4000,+15,54,12.000,-16.00,-15.00,21.0,0.00,6.40
HR2372,HR2372,2000,06,32,27.2000,+32,27,17.000,-31.00,-22.00,-9.0,0.00,5.87
HR2373,HR2373,2000,06,30,34.7000,-13,08,53.000,-24.00,2.00,2.0,0.00,6.16
HR2374,HR2374,2000,06,31,39.2000,+11,47,32.000,-30.00,-12.00,10.0,0.00,6.65
HR2375,HR2375,2000,06,31,48.3000,+11,32,40.000,13.00,32.00,-3.0,10.00,5.23
HR2376,7Lyn,2000,06,34,32.8000,+55,21,11.000,2.00,4.00,-20.0,0.00,6.45
HR2377,pi2Dor,2000,06,25,28.6000,-69,41,25.000,-16.00,195.00,9.0,7.00,5.38
HR2378,HR2378,2000,06,32,23.3000,+11,40,25.000,10.00,-31.00,-21.0,0.00,6.03
HR2379,HR2379,2000,06,31,23.0000,-12,23,30.000,40.00,-16.00,17.0,22.00,5.15
HR2380,HR2380,2000,06,30,46.3000,-27,46,10.000,-7.00,11.00,20.0,0.00,5.93
HR2381,HR2381,2000,06,31,50.1000,-08,09,29.000,-12.00,-8.00,3.0,0.00,5.43
HR2382,12Mon,2000,06,32,19.2000,+04,51,21.000,-37.00,-6.00,21.0,0.00,5.84
HR2383,HR2383,2000,06,33,42.7000,+33,01,27.000,11.00,10.00,-9.0,0.00,6.42
HR2384,HR2384,2000,06,29,49.1000,-50,14,21.000,-54.00,-58.00,2.0,27.00,5.27
HR2385,13Mon,2000,06,32,54.2000,+07,19,59.000,-1.00,-6.00,12.0,7.00,4.50
HR2386,HR2386,2000,06,32,23.1000,-05,52,08.000,-1.00,-42.00,-21.0,0.00,5.60
HR2387,xi1CMa,2000,06,31,51.3000,-23,25,06.000,-6.00,12.00,27.0,0.00,4.33
HR2388,HR2388,2000,06,31,13.0000,-35,15,33.000,-11.00,0.00,14.0,0.00,5.84
HR2389,HR2389,2000,06,29,28.5000,-56,51,10.000,-40.00,31.00,13.0,10.00,5.22
HR2390,HR2390,2000,06,30,59.8000,-40,54,59.000,-17.00,0.00,51.0,0.00,6.20
HR2391,HR2391,2000,06,33,36.1000,+14,09,19.000,-19.00,-85.00,-12.0,0.00,5.53
HR2392,HR2392,2000,06,32,46.9000,-11,09,59.000,-7.00,1.00,-11.0,0.00,6.24
HR2393,HR2393,2000,06,31,35.0000,-36,56,24.000,5.00,72.00,54.0,0.00,6.34
HR2394,8Lyn,2000,06,37,41.4000,+61,28,52.000,-209.00,-274.00,-46.0,27.00,5.94
HR2395,HR2395,2000,06,33,37.9000,-01,13,13.000,-3.00,-21.00,25.0,0.00,5.10
HR2396,HR2396,2000,06,40,32.2000,+71,44,56.000,-2.00,15.00,-23.0,0.00,5.92
HR2397,HR2397,2000,06,32,39.0000,-32,01,50.000,-1.00,-2.00,20.0,0.00,5.69
HR2398,49Aur,2000,06,35,12.1000,+28,01,20.000,-2.00,-15.00,17.0,0.00,5.27
HR2399,HR2399,2000,06,32,21.3000,-37,41,48.000,65.00,-77.00,39.0,16.00,5.24
HR2400,HR2400,2000,06,31,18.3000,-51,49,34.000,105.00,94.00,16.0,0.00,5.60
HR2401,HR2401,2000,06,46,14.1000,+79,33,53.000,-102.00,-604.00,13.0,49.00,5.45
HR2402,11Lyn,2000,06,37,38.5000,+56,51,27.000,0.00,12.00,0.0,0.00,5.85
HR2403,HR2403,2000,06,33,26.6000,-20,55,26.000,-30.00,-26.00,-2.0,0.00,6.40
HR2404,14Mon,2000,06,34,46.4000,+07,34,21.000,-10.00,-4.00,38.0,0.00,6.45
HR2405,HR2405,2000,06,36,32.9000,+38,26,43.000,5.00,-26.00,12.0,5.00,5.29
HR2406,HR2406,2000,06,35,17.6000,+09,59,18.000,-1.00,-10.00,39.0,0.00,5.88
HR2407,HR2407,2000,06,33,10.3000,-38,37,31.000,6.00,-22.00,29.0,0.00,6.44
HR2408,HR2408,2000,06,30,03.0000,-65,34,06.000,2.00,58.00,6.0,0.00,6.29
HR2409,HR2409,2000,06,35,15.8000,+00,53,24.000,-1.00,-6.00,10.0,0.00,5.80
HR2410,HR2410,2000,06,31,10.6000,-61,52,47.000,-13.00,8.00,34.0,0.00,6.15
HR2411,HR2411,2000,06,33,49.5000,-36,13,56.000,-14.00,94.00,32.0,30.00,5.42
HR2412,muPic,2000,06,31,58.4000,-58,45,15.000,4.00,-11.00,2.0,0.00,5.70
HR2413,HR2413,2000,06,36,00.0000,+04,29,51.000,-21.00,-5.00,13.0,0.00,6.55
HR2414,xi2CMa,2000,06,35,03.4000,-22,57,53.000,11.00,16.00,26.0,25.00,4.54
HR2415,HR2415,2000,06,34,35.3000,-32,42,59.000,5.00,-1.00,28.0,0.00,5.62
HR2416,HR2416,2000,06,33,26.1000,-52,19,44.000,-44.00,40.00,6.0,0.00,6.19
HR2417,HR2417,2000,06,37,27.2000,+24,35,27.000,-16.00,8.00,-2.0,0.00,6.44
HR2418,HR2418,2000,06,36,35.3000,-05,12,40.000,0.00,-17.00,27.0,0.00,5.52
HR2419,51Aur,2000,06,38,39.5000,+39,23,27.000,-23.00,-109.00,33.0,0.00,5.69
HR2420,ps3Aur,2000,06,38,49.2000,+39,54,09.000,-9.00,-12.00,9.0,0.00,5.20
HR2421,gaGem,2000,06,37,42.7000,+16,23,57.000,42.00,-42.00,-13.0,33.00,1.93
HR2422,HR2422,2000,06,37,24.1000,+06,08,07.000,6.00,-1.00,25.0,0.00,6.06
HR2423,nu1CMa,2000,06,36,22.8000,-18,39,36.000,-11.00,17.00,25.0,0.00,5.70
HR2424,HR2424,2000,06,35,24.1000,-36,46,48.000,-11.00,18.00,23.0,11.00,5.59
HR2425,53Aur,2000,06,38,23.0000,+28,59,03.000,-21.00,-21.00,18.0,0.00,5.79
HR2426,HR2426,2000,06,37,36.9000,+10,51,11.000,-39.00,-39.00,2.0,0.00,6.38
HR2427,ps2Aur,2000,06,39,19.9000,+42,29,20.000,6.00,-58.00,17.0,4.00,4.79
HR2428,HR2428,2000,06,36,46.7000,-13,19,15.000,11.00,-23.00,-12.0,0.00,5.97
HR2429,nu2CMa,2000,06,36,41.0000,-19,15,21.000,59.00,-62.00,3.0,58.00,3.95
HR2430,HR2430,2000,06,37,40.3000,+02,42,15.000,-38.00,-49.00,-8.0,0.00,6.17
HR2431,HR2431,2000,06,35,54.0000,-36,05,20.000,-58.00,-95.00,28.0,28.00,6.35
HR2432,HR2432,2000,06,37,52.7000,+04,57,26.000,-4.00,20.00,33.0,0.00,6.15
HR2433,HR2433,2000,06,36,40.9000,-22,36,54.000,-31.00,-6.00,34.0,12.00,6.35
HR2434,HR2434,2000,06,39,58.0000,+44,00,50.000,33.00,-3.00,-30.0,0.00,6.41
HR2435,HR2435,2000,06,34,58.6000,-52,58,32.000,-3.00,7.00,23.0,0.00,4.39
HR2436,HR2436,2000,06,39,05.3000,+22,01,51.000,11.00,-25.00,-9.0,0.00,6.04
HR2437,HR2437,2000,06,37,40.9000,-12,59,06.000,30.00,-124.00,9.0,0.00,6.12
HR2438,54Aur,2000,06,39,33.1000,+28,15,47.000,-6.00,-14.00,19.0,2.00,6.03
HR2439,HR2439,2000,06,39,31.4000,+24,36,00.000,6.00,84.00,18.0,0.00,6.38
HR2440,HR2440,2000,06,38,20.5000,-02,32,37.000,-18.00,15.00,27.0,0.00,6.14
HR2441,HR2441,2000,06,38,49.5000,+04,42,02.000,12.00,-8.00,33.0,0.00,6.57
HR2442,HR2442,2000,06,38,38.1000,+01,36,49.000,-7.00,-5.00,58.0,0.00,6.21
HR2443,nu3CMa,2000,06,37,53.4000,-18,14,15.000,-10.00,-7.00,-2.0,13.00,4.43
HR2444,HR2444,2000,06,37,01.9000,-38,08,48.000,6.00,40.00,29.0,0.00,6.04
HR2445,HR2445,2000,06,36,51.3000,-41,33,25.000,8.00,8.00,14.0,0.00,6.34
HR2446,HR2446,2000,06,37,13.8000,-36,59,26.000,-14.00,17.00,21.0,0.00,5.71
HR2447,HR2447,2000,06,37,47.6000,-32,20,23.000,105.00,68.00,79.0,17.00,5.27
HR2448,HR2448,2000,06,38,35.4000,-16,52,25.000,-8.00,-23.00,10.0,0.00,6.03
HR2449,HR2449,2000,06,39,47.6000,+12,58,59.000,-34.00,-1.00,-20.0,0.00,5.97
HR2450,HR2450,2000,06,39,16.7000,-14,08,45.000,4.00,-4.00,29.0,-3.00,4.82
HR2451,nuPup,2000,06,37,45.7000,-43,11,46.000,2.00,-6.00,28.0,0.00,3.17
HR2452,HR2452,2000,06,41,37.7000,+35,55,55.000,-17.00,-22.00,86.0,0.00,6.46
HR2453,25Gem,2000,06,41,21.0000,+28,11,47.000,8.00,-9.00,-6.0,0.00,6.42
HR2454,HR2454,2000,06,40,31.8000,+06,22,18.000,-29.00,12.00,35.0,0.00,6.51
HR2455,HR2455,2000,06,39,36.3000,-23,41,44.000,13.00,-2.00,26.0,0.00,6.05
HR2456,15Mon,2000,06,40,58.7000,+09,53,44.000,3.00,-6.00,33.0,-4.00,4.66
HR2457,HR2457,2000,06,41,21.8000,+16,23,51.000,-22.00,-8.00,22.0,0.00,6.28
HR2458,HR2458,2000,06,41,17.2000,+11,00,12.000,-2.00,9.00,16.0,0.00,6.11
HR2459,ps4Aur,2000,06,43,05.0000,+44,31,28.000,-42.00,-28.00,-73.0,19.00,5.02
HR2460,HR2460,2000,06,39,42.7000,-30,28,13.000,-6.00,-182.00,-24.0,19.00,5.71
HR2461,HR2461,2000,06,41,05.4000,+00,29,43.000,-16.00,-3.00,23.0,0.00,5.79
HR2462,HR2462,2000,06,38,37.6000,-48,13,13.000,8.00,12.00,28.0,12.00,4.93
HR2463,HR2463,2000,06,44,11.6000,+53,17,47.000,50.00,-177.00,19.0,0.00,6.27
HR2464,HR2464,2000,06,43,13.8000,+37,08,49.000,36.00,-41.00,-41.0,0.00,6.19
HR2465,HR2465,2000,06,39,56.9000,-38,09,32.000,56.00,-27.00,18.0,0.00,6.58
HR2466,26Gem,2000,06,42,24.3000,+17,38,43.000,5.00,-87.00,15.0,0.00,5.21
HR2467,HR2467,2000,06,41,59.3000,+06,20,42.000,10.00,-6.00,31.0,0.00,6.37
HR2468,HR2468,2000,06,38,00.6000,-61,31,59.000,-11.00,84.00,32.0,0.00,6.18
HR2469,HR2469,2000,06,41,56.4000,-09,10,02.000,43.00,-40.00,1.0,31.00,5.19
HR2470,12Lyn,2000,06,46,14.1000,+59,26,30.000,-23.00,-2.00,-3.0,11.00,4.87
HR2471,HR2471,2000,06,44,12.6000,+36,06,35.000,14.00,14.00,-15.0,0.00,6.31
HR2473,epGem,2000,06,43,55.9000,+25,07,52.000,-6.00,-13.00,10.0,17.00,2.98
HR2474,HR2474,2000,06,43,06.5000,+03,02,00.000,-1.00,-21.00,31.0,0.00,6.19
HR2475,HR2475,2000,06,41,14.1000,-40,20,59.000,-14.00,15.00,17.0,0.00,6.12
HR2476,HR2476,2000,06,40,49.3000,-47,40,29.000,-8.00,-9.00,21.0,0.00,6.65
HR2477,13Lyn,2000,06,46,49.5000,+57,10,09.000,12.00,-38.00,19.0,0.00,5.35
HR2478,30Gem,2000,06,43,59.3000,+13,13,40.000,-3.00,-58.00,14.0,7.00,4.49
HR2479,HR2479,2000,06,43,38.7000,+03,55,56.000,6.00,-6.00,35.0,0.00,5.90
HR2480,28Gem,2000,06,44,45.5000,+28,58,15.000,-4.00,-26.00,16.0,0.00,5.44
HR2481,HR2481,2000,06,42,45.8000,-22,26,57.000,-85.00,78.00,44.0,0.00,6.13
HR2482,HR2482,2000,06,42,16.4000,-38,23,55.000,-15.00,5.00,63.0,3.00,6.29
HR2483,ps5Aur,2000,06,46,44.3000,+43,34,39.000,-2.00,165.00,-24.0,68.00,5.25
HR2484,xiGem,2000,06,45,17.4000,+12,53,44.000,-116.00,-191.00,25.0,55.00,3.36
HR2485,HR2485,2000,06,48,12.9000,+55,42,16.000,57.00,-101.00,12.0,32.00,6.33
HR2486,HR2486,2000,06,48,12.3000,+55,42,16.000,58.00,-101.00,9.0,32.00,6.28
HR2487,ps6Aur,2000,06,47,39.6000,+48,47,22.000,-1.00,6.00,-8.0,0.00,5.22
HR2488,HR2488,2000,06,43,23.3000,-39,11,36.000,-1.00,-19.00,10.0,0.00,6.30
HR2489,32Gem,2000,06,45,54.2000,+12,41,37.000,1.00,2.00,9.0,0.00,6.46
HR2490,42Cam,2000,06,50,57.1000,+67,34,19.000,2.00,2.00,5.0,10.00,5.14
HR2491,alCMa,2000,06,45,08.9000,-16,42,58.000,-553.00,-1205.00,-8.0,375.00,-1.46
HR2492,10CMa,2000,06,44,28.4000,-31,04,14.000,-15.00,8.00,34.0,0.00,5.20
HR2493,HR2493,2000,06,44,51.9000,-27,20,29.000,-11.00,308.00,-12.0,62.00,6.45
HR2494,16Mon,2000,06,46,32.4000,+08,35,14.000,-6.00,-7.00,10.0,0.00,5.93
HR2495,HR2495,2000,06,45,23.3000,-23,27,43.000,-38.00,42.00,34.0,0.00,6.05
HR2497,HR2497,2000,06,45,02.4000,-30,35,10.000,-26.00,17.00,18.0,0.00,6.54
HR2498,HR2498,2000,06,45,59.3000,-14,47,46.000,-25.00,-17.00,-19.0,24.00,5.32
HR2499,HR2499,2000,06,47,23.5000,+18,11,36.000,3.00,-43.00,21.0,16.00,6.20
HR2500,HR2500,2000,06,45,22.8000,-31,47,37.000,-220.00,-320.00,32.0,51.00,5.92
HR2501,HR2501,2000,06,45,31.3000,-30,56,56.000,10.00,2.00,7.0,5.00,5.80
HR2502,HR2502,2000,06,46,39.0000,-10,06,26.000,-17.00,3.00,17.0,0.00,5.66
HR2503,17Mon,2000,06,47,19.8000,+08,02,14.000,-26.00,-13.00,47.0,13.00,4.77
HR2504,11CMa,2000,06,46,51.1000,-14,25,33.000,-2.00,12.00,15.0,0.00,5.29
HR2505,HR2505,2000,06,40,57.8000,-71,46,32.000,31.00,-51.00,21.0,0.00,6.51
HR2506,18Mon,2000,06,47,51.6000,+02,24,44.000,-18.00,-12.00,11.0,17.00,4.47
HR2507,HR2507,2000,06,46,03.3000,-39,32,24.000,3.00,14.00,16.0,0.00,6.62
HR2508,HR2508,2000,06,47,37.1000,-08,59,54.000,-16.00,5.00,24.0,2.00,5.07
HR2509,12CMa,2000,06,47,01.5000,-21,00,56.000,-14.00,5.00,15.0,0.00,6.08
HR2510,HR2510,2000,06,46,12.1000,-37,46,32.000,-8.00,2.00,15.0,0.00,6.21
HR2511,43Cam,2000,06,53,42.2000,+68,53,18.000,3.00,8.00,-21.0,2.00,5.12
HR2512,HR2512,2000,06,49,41.3000,+32,36,24.000,-36.00,-47.00,-16.0,0.00,5.71
HR2513,HR2513,2000,06,45,26.1000,-52,12,04.000,7.00,-7.00,17.0,0.00,6.57
HR2514,HR2514,2000,06,48,19.0000,-01,19,09.000,-41.00,-42.00,-14.0,0.00,5.75
HR2515,HR2515,2000,06,45,53.7000,-52,24,36.000,-4.00,-3.00,23.0,0.00,5.80
HR2516,ps7Aur,2000,06,50,45.9000,+41,46,53.000,-24.00,-136.00,61.0,-3.00,5.02
HR2517,HR2517,2000,06,49,03.7000,+01,00,07.000,7.00,-4.00,23.0,0.00,6.15
HR2518,HR2518,2000,06,47,21.4000,-37,55,47.000,-7.00,-15.00,47.0,0.00,5.26
HR2519,33Gem,2000,06,49,49.8000,+16,12,10.000,-17.00,-12.00,13.0,0.00,5.85
HR2520,14Lyn,2000,06,53,05.1000,+59,26,55.000,-6.00,-39.00,13.0,5.00,5.33
HR2521,HR2521,2000,06,49,16.4000,-02,16,19.000,-9.00,-4.00,10.0,0.00,5.74
HR2522,HR2522,2000,06,48,57.8000,-15,08,41.000,2.00,-4.00,23.0,4.00,5.39
HR2523,HR2523,2000,06,46,52.8000,-51,15,57.000,-3.00,-97.00,-5.0,18.00,5.40
HR2524,HR2524,2000,06,46,41.5000,-54,41,41.000,-50.00,24.00,3.0,4.00,6.46
HR2525,35Gem,2000,06,50,25.5000,+13,24,48.000,-2.00,-2.00,26.0,0.00,5.65
HR2526,HR2526,2000,06,47,18.7000,-55,32,24.000,3.00,23.00,35.0,0.00,5.61
HR2527,HR2527,2000,07,00,04.0000,+76,58,39.000,71.00,-13.00,-26.0,23.00,4.55
HR2528,HR2528,2000,06,49,44.0000,-24,04,33.000,2.00,-3.00,-2.0,2.00,6.33
HR2529,36Gem,2000,06,51,33.0000,+21,45,40.000,-8.00,-38.00,34.0,10.00,5.27
HR2530,HR2530,2000,06,50,49.9000,-00,32,27.000,30.00,-185.00,-15.0,36.00,5.77
HR2531,HR2531,2000,06,43,36.8000,-73,07,05.000,12.00,-93.00,16.0,0.00,6.37
HR2532,HR2532,2000,06,53,07.6000,+44,50,22.000,8.00,-81.00,6.0,0.00,6.26
HR2533,HR2533,2000,06,52,00.0000,+23,36,06.000,-40.00,-9.00,40.0,0.00,5.65
HR2534,HR2534,2000,06,50,42.3000,-08,02,28.000,-6.00,0.00,22.0,0.00,6.29
HR2535,HR2535,2000,06,50,21.9000,-17,05,02.000,13.00,15.00,23.0,0.00,5.79
HR2536,HR2536,2000,06,44,56.1000,-70,26,02.000,7.00,7.00,5.0,0.00,6.11
HR2537,HR2537,2000,06,50,06.0000,-27,20,02.000,-4.00,2.00,33.0,0.00,7.04
HR2538,kaCMa,2000,06,49,50.5000,-32,30,31.000,-7.00,4.00,14.0,0.00,3.96
HR2539,59Aur,2000,06,53,01.5000,+38,52,09.000,5.00,8.00,1.0,0.00,6.12
HR2540,thGem,2000,06,52,47.3000,+33,57,40.000,-2.00,-48.00,21.0,21.00,3.60
HR2541,60Aur,2000,06,53,13.4000,+38,26,17.000,34.00,-176.00,32.0,5.00,6.30
HR2542,HR2542,2000,06,53,03.4000,+35,47,19.000,-20.00,15.00,6.0,0.00,6.01
HR2543,HR2543,2000,06,51,39.3000,+03,02,30.000,-10.00,-42.00,24.0,0.00,6.38
HR2544,HR2544,2000,06,50,36.9000,-25,46,41.000,-6.00,14.00,21.0,0.00,6.33
HR2545,HR2545,2000,06,50,23.3000,-31,42,22.000,-2.00,12.00,20.0,0.00,5.70
HR2546,HR2546,2000,06,49,57.8000,-45,27,00.000,19.00,-44.00,15.0,0.00,6.55
HR2547,ps8Aur,2000,06,53,57.0000,+38,30,18.000,-10.00,-26.00,27.0,0.00,6.48
HR2548,HR2548,2000,06,49,54.6000,-46,36,53.000,4.00,370.00,20.0,49.00,5.14
HR2549,HR2549,2000,06,50,52.4000,-34,22,02.000,7.00,6.00,30.0,-13.00,4.99
HR2550,alPic,2000,06,48,11.4000,-61,56,29.000,-69.00,269.00,21.0,52.00,3.27
HR2551,HR2551,2000,06,52,49.4000,+08,22,49.000,-50.00,-32.00,27.0,0.00,5.77
HR2552,HR2552,2000,06,52,22.9000,-05,18,58.000,-20.00,-8.00,31.0,0.00,6.30
HR2553,taPup,2000,06,49,56.2000,-50,36,53.000,36.00,-70.00,36.0,0.00,2.93
HR2554,HR2554,2000,06,49,51.3000,-53,37,20.000,0.00,30.00,26.0,25.00,4.40
HR2555,HR2555,2000,06,53,22.5000,+10,59,47.000,11.00,-136.00,-34.0,0.00,6.24
HR2556,HR2556,2000,06,55,15.2000,+45,49,35.000,-37.00,-67.00,31.0,0.00,6.34
HR2557,HR2557,2000,06,55,14.7000,+43,54,36.000,10.00,-9.00,-7.0,0.00,6.13
HR2558,HR2558,2000,06,51,42.3000,-36,13,49.000,-48.00,-64.00,4.0,0.00,5.96
HR2559,zeMen,2000,06,40,02.7000,-80,48,49.000,-16.00,55.00,7.0,0.00,5.64
HR2560,15Lyn,2000,06,57,16.5000,+58,25,21.000,-5.00,-135.00,9.0,14.00,4.35
HR2561,HR2561,2000,06,57,13.2000,+57,33,48.000,18.00,22.00,-54.0,0.00,6.05
HR2562,HR2562,2000,06,50,01.1000,-60,14,57.000,9.00,109.00,23.0,0.00,6.11
HR2563,HR2563,2000,06,51,32.8000,-48,17,33.000,39.00,-9.00,-9.0,0.00,6.42
HR2564,38Gem,2000,06,54,38.7000,+13,10,40.000,78.00,-83.00,24.0,43.00,4.65
HR2565,HR2565,2000,06,53,18.8000,-19,01,58.000,-49.00,3.00,30.0,0.00,5.64
HR2566,HR2566,2000,06,53,21.7000,-18,56,00.000,-28.00,23.00,41.0,0.00,6.14
HR2567,HR2567,2000,06,53,00.1000,-26,57,27.000,-31.00,-61.00,-13.0,0.00,6.40
HR2568,ps9Aur,2000,06,56,32.3000,+46,16,27.000,18.00,13.00,-41.0,0.00,5.87
HR2569,37Gem,2000,06,55,18.6000,+25,22,32.000,-42.00,22.00,-11.0,55.00,5.73
HR2570,HR2570,2000,06,54,08.5000,-05,51,09.000,-20.00,-1.00,17.0,3.00,6.41
HR2571,15CMa,2000,06,53,32.9000,-20,13,27.000,-9.00,4.00,28.0,0.00,4.83
HR2572,HR2572,2000,06,54,24.6000,-01,07,37.000,3.00,-12.00,-9.0,9.00,5.45
HR2573,HR2573,2000,06,56,56.0000,+46,42,18.000,-102.00,-90.00,39.0,0.00,5.86
HR2574,thCMa,2000,06,54,11.4000,-12,02,19.000,-137.00,-13.00,97.0,22.00,4.07
HR2575,HR2575,2000,06,52,39.7000,-42,30,16.000,-2.00,-8.00,41.0,0.00,6.52
HR2576,HR2576,2000,06,53,33.9000,-28,32,23.000,274.00,-438.00,72.0,42.00,6.04
HR2577,HR2577,2000,06,54,42.1000,-01,45,23.000,6.00,6.00,9.0,0.00,6.21
HR2578,HR2578,2000,06,53,55.3000,-24,32,21.000,-27.00,-12.00,27.0,0.00,6.21
HR2579,HR2579,2000,06,52,47.1000,-43,58,33.000,-5.00,1.00,26.0,0.00,6.46
HR2580,omi1CMa,2000,06,54,07.9000,-24,11,02.000,-8.00,13.00,36.0,2.00,3.87
HR2581,HR2581,2000,07,01,21.5000,+70,48,29.000,17.00,-19.00,-17.0,0.00,5.68
HR2582,HR2582,2000,06,54,58.8000,-02,48,13.000,-16.00,2.00,20.0,0.00,6.04
HR2583,HR2583,2000,06,54,13.0000,-23,55,42.000,-9.00,3.00,130.0,0.00,6.91
HR2584,HR2584,2000,06,55,34.6000,+08,19,29.000,-19.00,17.00,20.0,0.00,6.29
HR2585,16Lyn,2000,06,57,37.1000,+45,05,39.000,-21.00,-4.00,-8.0,6.00,4.90
HR2586,HR2586,2000,06,57,00.5000,+33,40,52.000,-19.00,0.00,-10.0,0.00,5.89
HR2587,HR2587,2000,06,52,46.9000,-54,05,24.000,-19.00,16.00,14.0,0.00,6.57
HR2588,17CMa,2000,06,55,02.7000,-20,24,17.000,-3.00,-4.00,-15.0,0.00,5.74
HR2589,HR2589,2000,06,56,25.8000,+09,57,23.000,-15.00,-14.00,33.0,0.00,5.92
HR2590,piCMa,2000,06,55,37.4000,-20,08,11.000,47.00,43.00,8.0,34.00,4.68
HR2591,HR2591,2000,06,54,26.7000,-42,21,56.000,2.00,14.00,32.0,0.00,6.32
HR2592,HR2592,2000,06,52,45.4000,-59,20,28.000,-12.00,39.00,-2.0,0.00,6.41
HR2593,muCMa,2000,06,56,06.6000,-14,02,37.000,-1.00,5.00,19.0,-2.00,5.00
HR2594,HR2594,2000,06,54,02.3000,-50,36,42.000,-49.00,218.00,44.0,-3.00,6.26
HR2595,HR2595,2000,06,55,46.8000,-22,56,29.000,-17.00,3.00,38.0,0.00,5.30
HR2596,ioCMa,2000,06,56,08.2000,-17,03,15.000,-3.00,2.00,41.0,5.00,4.37
HR2597,HR2597,2000,06,57,25.7000,+11,54,27.000,19.00,0.00,9.0,0.00,6.27
HR2598,HR2598,2000,06,55,54.8000,-31,47,24.000,-6.00,13.00,21.0,0.00,6.36
HR2599,HR2599,2000,06,57,00.1000,-08,10,44.000,-7.00,2.00,-5.0,0.00,6.34
HR2600,62Aur,2000,06,59,02.8000,+38,03,08.000,-43.00,-122.00,25.0,0.00,6.00
HR2601,39Gem,2000,06,58,47.4000,+26,04,52.000,-168.00,93.00,6.0,25.00,6.10
HR2602,ioVol,2000,06,51,27.0000,-70,57,48.000,1.00,23.00,19.0,0.00,5.40
HR2603,HR2603,2000,06,57,14.8000,-22,12,12.000,-6.00,-15.00,32.0,0.00,6.61
HR2604,HR2604,2000,06,56,45.7000,-35,20,30.000,-1.00,-3.00,18.0,0.00,6.29
HR2605,40Gem,2000,06,59,27.9000,+25,54,51.000,-11.00,-8.00,12.0,0.00,6.40
HR2606,HR2606,2000,06,58,39.0000,+07,37,19.000,-16.00,-30.00,-12.0,0.00,6.27
HR2607,HR2607,2000,06,57,33.9000,-24,37,50.000,-58.00,106.00,20.0,16.00,5.46
HR2608,HR2608,2000,06,56,16.0000,-48,43,16.000,6.00,10.00,22.0,-3.00,4.95
HR2609,HR2609,2000,07,40,30.5000,+87,01,12.000,-45.00,-28.00,-25.0,3.00,5.07
HR2610,HR2610,2000,06,58,57.0000,+03,36,08.000,-2.00,-4.00,17.0,0.00,5.97
HR2611,HR2611,2000,06,57,42.4000,-27,32,15.000,-34.00,5.00,24.0,0.00,6.23
HR2612,HR2612,2000,06,57,17.6000,-35,30,27.000,-37.00,8.00,10.0,69.00,6.23
HR2613,HR2613,2000,06,59,20.1000,+07,19,01.000,-19.00,-11.00,5.0,0.00,6.35
HR2614,HR2614,2000,06,58,07.6000,-27,09,53.000,6.00,-8.00,18.0,0.00,6.37
HR2615,41Gem,2000,07,00,15.8000,+16,04,44.000,-7.00,-5.00,22.0,0.00,5.68
HR2616,HR2616,2000,06,58,35.9000,-25,24,50.000,-10.00,15.00,28.0,0.00,5.59
HR2617,HR2617,2000,07,05,51.8000,+70,43,55.000,37.00,-8.00,20.0,0.00,6.50
HR2618,epCMa,2000,06,58,37.5000,-28,58,20.000,4.00,3.00,27.0,1.00,1.50
HR2619,HR2619,2000,06,58,25.1000,-34,06,42.000,-6.00,5.00,19.0,0.00,5.06
HR2620,HR2620,2000,07,01,17.2000,+32,24,52.000,11.00,-20.00,-28.0,0.00,6.59
HR2621,HR2621,2000,06,58,43.8000,-30,59,52.000,4.00,21.00,14.0,0.00,6.42
HR2622,HR2622,2000,07,00,18.0000,-05,22,01.000,-118.00,88.00,54.0,0.00,6.30
HR2623,HR2623,2000,06,59,39.3000,-21,36,12.000,-2.00,-10.00,33.0,0.00,6.26
HR2624,HR2624,2000,07,00,23.7000,-08,24,25.000,-9.00,1.00,10.0,0.00,5.96
HR2625,HR2625,2000,07,00,08.1000,-20,09,32.000,-28.00,-8.00,32.0,0.00,6.31
HR2626,HR2626,2000,06,58,41.8000,-45,46,05.000,-5.00,-21.00,34.0,0.00,6.22
HR2627,HR2627,2000,07,00,39.3000,-09,12,11.000,-7.00,-6.00,51.0,0.00,6.49
HR2628,HR2628,2000,07,00,19.3000,-22,07,10.000,-6.00,-18.00,9.0,0.00,6.53
HR2629,HR2629,2000,07,01,41.4000,+04,49,05.000,-6.00,-1.00,-11.0,0.00,6.63
HR2630,omeGem,2000,07,02,24.8000,+24,12,55.000,-9.00,-1.00,-9.0,12.00,5.18
HR2631,HR2631,2000,07,02,25.5000,+17,45,20.000,16.00,31.00,23.0,0.00,5.94
HR2632,HR2632,2000,07,02,17.4000,+15,20,10.000,0.00,-16.00,-14.0,0.00,5.74
HR2633,HR2633,2000,07,01,55.0000,+05,33,27.000,-41.00,10.00,34.0,0.00,6.59
HR2634,HR2634,2000,06,58,39.6000,-55,43,46.000,-73.00,-90.00,-1.0,0.00,6.27
HR2635,HR2635,2000,07,02,33.5000,+16,40,27.000,17.00,-15.00,35.0,0.00,5.82
HR2636,HR2636,2000,07,01,52.9000,-01,20,44.000,10.00,-27.00,-45.0,0.00,6.17
HR2637,HR2637,2000,07,00,42.6000,-28,29,22.000,-6.00,-34.00,10.0,0.00,6.27
HR2638,HR2638,2000,06,58,36.2000,-56,23,41.000,-30.00,-28.00,-3.0,0.00,6.45
HR2639,HR2639,2000,07,01,56.4000,-05,43,20.000,-16.00,1.00,3.0,-3.00,5.20
HR2640,HR2640,2000,07,01,05.9000,-25,12,55.000,-8.00,21.00,6.0,0.00,5.63
HR2641,HR2641,2000,07,00,49.8000,-33,27,55.000,19.00,91.00,28.0,0.00,6.40
HR2642,HR2642,2000,07,06,01.3000,+59,48,07.000,26.00,1.00,22.0,0.00,6.44
HR2643,HR2643,2000,07,03,30.4000,+29,20,14.000,153.00,-826.00,22.0,59.00,5.93
HR2644,HR2644,2000,07,05,39.8000,+52,45,29.000,-24.00,-72.00,27.0,11.00,6.12
HR2645,HR2645,2000,07,05,09.0000,+47,46,30.000,-1.00,-4.00,-17.0,0.00,6.38
HR2646,siCMa,2000,07,01,43.1000,-27,56,05.000,-5.00,5.00,22.0,24.00,3.47
HR2647,HR2647,2000,07,03,17.9000,+09,08,18.000,-23.00,6.00,-12.0,0.00,5.97
HR2648,19Mon,2000,07,02,54.8000,-04,14,21.000,-3.00,3.00,25.0,0.00,4.99
HR2649,HR2649,2000,07,03,38.0000,+10,57,06.000,-8.00,-19.00,21.0,11.00,5.13
HR2650,zeGem,2000,07,04,06.5000,+20,34,13.000,-9.00,0.00,7.0,-6.00,3.79
HR2651,HR2651,2000,07,03,51.6000,+12,35,40.000,2.00,1.00,-16.0,0.00,5.98
HR2652,HR2652,2000,07,00,51.5000,-51,24,09.000,-15.00,16.00,5.0,-14.00,5.14
HR2653,omi2CMa,2000,07,03,01.5000,-23,50,00.000,-4.00,3.00,48.0,0.00,3.02
HR2654,HR2654,2000,07,04,20.2000,+01,29,18.000,2.00,-12.00,7.0,0.00,6.57
HR2655,HR2655,2000,07,04,05.2000,-05,19,25.000,-7.00,9.00,40.0,0.00,5.62
HR2656,HR2656,2000,07,03,57.3000,-10,07,27.000,-25.00,-11.00,24.0,0.00,6.45
HR2657,gaCMa,2000,07,03,45.5000,-15,38,00.000,-2.00,-8.00,32.0,0.00,4.12
HR2658,HR2658,2000,07,02,15.6000,-43,24,15.000,15.00,-12.00,31.0,0.00,6.43
HR2659,44Gem,2000,07,05,18.4000,+22,38,14.000,-6.00,-13.00,-11.0,0.00,6.02
HR2660,HR2660,2000,07,06,11.6000,+34,28,26.000,-55.00,-48.00,5.0,36.00,5.55
HR2661,HR2661,2000,07,01,05.1000,-58,56,24.000,-58.00,144.00,10.0,0.00,6.02
HR2662,HR2662,2000,06,59,50.5000,-67,54,58.000,-33.00,241.00,39.0,37.00,5.17
HR2663,HR2663,2000,07,05,39.1000,+09,11,09.000,48.00,-20.00,46.0,0.00,5.78
HR2664,HR2664,2000,07,04,47.1000,-22,01,56.000,20.00,-58.00,77.0,0.00,6.09
HR2665,HR2665,2000,07,07,22.3000,+34,00,34.000,-28.00,-25.00,14.0,0.00,5.91
HR2666,HR2666,2000,07,04,02.8000,-42,20,14.000,-8.00,72.00,28.0,25.00,5.20
HR2667,HR2667,2000,07,03,57.3000,-43,36,29.000,-105.00,386.00,86.0,52.00,5.54
HR2668,HR2668,2000,07,03,58.8000,-43,36,42.000,-109.00,371.00,90.0,52.00,6.79
HR2669,HR2669,2000,07,07,25.0000,+28,10,38.000,6.00,20.00,-16.0,0.00,6.48
HR2670,HR2670,2000,07,05,49.7000,-10,39,40.000,0.00,-29.00,16.0,0.00,6.49
HR2671,HR2671,2000,07,07,21.4000,+22,42,13.000,3.00,-2.00,-41.0,0.00,7.68
HR2672,HR2672,2000,07,03,53.7000,-49,35,02.000,-45.00,146.00,27.0,20.00,4.93
HR2673,HR2673,2000,07,08,13.3000,+33,49,56.000,-10.00,-30.00,-3.0,0.00,6.28
HR2674,HR2674,2000,07,03,15.6000,-59,10,41.000,22.00,9.00,7.0,14.00,5.50
HR2675,HR2675,2000,07,08,36.3000,+37,26,42.000,-8.00,-13.00,10.0,0.00,6.16
HR2676,HR2676,2000,07,07,06.4000,+04,54,37.000,-33.00,-20.00,6.0,0.00,6.11
HR2677,HR2677,2000,07,05,32.0000,-34,46,40.000,-43.00,41.00,19.0,34.00,6.14
HR2678,HR2678,2000,07,06,40.7000,-11,17,39.000,-11.00,-5.00,31.0,0.00,5.39
HR2679,HR2679,2000,07,06,35.9000,-12,23,38.000,-18.00,7.00,33.0,0.00,6.48
HR2680,HR2680,2000,07,06,00.6000,-30,39,20.000,0.00,9.00,5.0,0.00,6.34
HR2681,HR2681,2000,07,13,58.1000,+71,49,00.000,25.00,20.00,-68.0,0.00,6.35
HR2682,HR2682,2000,07,07,49.5000,+07,28,16.000,7.00,-36.00,24.0,0.00,5.75
HR2683,HR2683,2000,07,04,18.3000,-56,44,59.000,5.00,-1.00,30.0,-15.00,5.17
HR2684,45Gem,2000,07,08,22.0000,+15,55,51.000,-8.00,-99.00,-17.0,7.00,5.44
HR2685,HR2685,2000,07,06,02.3000,-38,22,58.000,14.00,17.00,22.0,0.00,6.11
HR2686,HR2686,2000,07,06,52.3000,-24,57,38.000,-31.00,7.00,19.0,0.00,6.08
HR2687,HR2687,2000,07,05,16.5000,-50,21,37.000,-11.00,32.00,13.0,0.00,6.46
HR2688,HR2688,2000,07,07,00.1000,-26,39,28.000,16.00,-32.00,4.0,0.00,6.62
HR2689,thMen,2000,06,56,34.4000,-79,25,13.000,-7.00,0.00,6.0,0.00,5.45
HR2690,HR2690,2000,07,07,22.6000,-23,50,25.000,-5.00,23.00,29.0,0.00,5.71
HR2691,HR2691,2000,07,07,07.1000,-40,53,36.000,-7.00,4.00,6.0,0.00,5.79
HR2692,HR2692,2000,07,10,06.7000,+21,14,49.000,-167.00,-478.00,-15.0,29.00,6.43
HR2693,deCMa,2000,07,08,23.5000,-26,23,36.000,-3.00,4.00,34.0,-11.00,1.84
HR2694,HR2694,2000,07,09,20.3000,-10,20,50.000,5.00,-20.00,58.0,0.00,6.21
HR2695,HR2695,2000,07,08,49.3000,-24,02,39.000,-13.00,-9.00,57.0,0.00,6.65
HR2696,63Aur,2000,07,11,39.3000,+39,19,14.000,44.00,3.00,-27.0,23.00,4.90
HR2697,taGem,2000,07,11,08.4000,+30,14,43.000,-30.00,-45.00,22.0,7.00,4.41
HR2698,HR2698,2000,07,07,13.3000,-51,58,04.000,-8.00,57.00,29.0,0.00,5.96
HR2699,HR2699,2000,07,09,33.2000,-16,14,05.000,-22.00,-9.00,6.0,0.00,6.03
HR2700,47Gem,2000,07,11,23.1000,+26,51,24.000,-23.00,-36.00,39.0,0.00,5.78
HR2701,20Mon,2000,07,10,13.7000,-04,14,14.000,0.00,215.00,79.0,30.00,4.92
HR2702,HR2702,2000,07,08,51.1000,-39,39,21.000,-9.00,2.00,20.0,0.00,4.83
HR2703,HR2703,2000,07,13,23.4000,+51,25,44.000,6.00,14.00,-51.0,3.00,5.47
HR2704,HR2704,2000,07,09,42.9000,-25,13,52.000,-12.00,6.00,27.0,0.00,5.69
HR2705,HR2705,2000,07,10,09.3000,-18,41,07.000,-10.00,16.00,33.0,0.00,6.23
HR2706,48Gem,2000,07,12,26.4000,+24,07,42.000,-22.00,-48.00,13.0,0.00,5.85
HR2707,21Mon,2000,07,11,23.6000,-00,18,07.000,-31.00,-11.00,30.0,21.00,5.45
HR2708,HR2708,2000,07,10,19.4000,-27,29,29.000,-3.00,9.00,15.0,0.00,5.46
HR2709,HR2709,2000,07,25,21.9000,+81,15,27.000,-5.00,-26.00,-8.0,0.00,6.31
HR2710,HR2710,2000,07,11,51.3000,+05,39,17.000,-17.00,-8.00,42.0,0.00,6.09
HR2711,HR2711,2000,07,12,49.0000,+27,13,29.000,10.00,-104.00,-13.0,27.00,6.43
HR2712,HR2712,2000,07,06,14.1000,-68,50,14.000,-4.00,8.00,-14.0,0.00,6.47
HR2713,HR2713,2000,07,12,07.4000,+05,28,29.000,-36.00,5.00,20.0,0.00,6.16
HR2714,deMon,2000,07,11,51.9000,-00,29,34.000,-1.00,5.00,15.0,16.00,4.15
HR2715,18Lyn,2000,07,15,54.9000,+59,38,15.000,-101.00,-259.00,24.0,42.00,5.20
HR2716,HR2716,2000,07,11,41.6000,-20,52,59.000,-3.00,22.00,18.0,0.00,5.84
HR2717,51Gem,2000,07,13,22.3000,+16,09,32.000,13.00,-42.00,-9.0,11.00,5.00
HR2718,26CMa,2000,07,12,12.2000,-25,56,33.000,-9.00,11.00,22.0,0.00,5.92
HR2719,HR2719,2000,07,10,47.5000,-48,55,56.000,-12.00,192.00,64.0,31.00,5.14
HR2720,HR2720,2000,07,12,04.1000,-30,49,18.000,-39.00,15.00,6.0,0.00,6.10
HR2721,HR2721,2000,07,15,50.1000,+47,14,24.000,30.00,-183.00,85.0,37.00,5.58
HR2722,HR2722,2000,07,14,26.6000,+24,42,39.000,3.00,-16.00,3.0,0.00,6.89
HR2723,HR2723,2000,07,13,07.2000,-11,15,05.000,-3.00,8.00,9.0,0.00,5.78
HR2724,HR2724,2000,07,12,24.1000,-27,28,27.000,-25.00,8.00,-8.0,0.00,6.59
HR2725,52Gem,2000,07,14,41.9000,+24,53,06.000,47.00,-92.00,47.0,0.00,5.82
HR2726,HR2726,2000,07,12,25.7000,-36,32,40.000,-22.00,4.00,17.0,4.00,5.96
HR2727,HR2727,2000,07,12,15.8000,-40,29,56.000,-18.00,-15.00,17.0,9.00,5.31
HR2728,HR2728,2000,07,14,32.6000,+12,06,57.000,-50.00,-20.00,30.0,0.00,5.62
HR2729,HR2729,2000,07,14,20.0000,+03,06,41.000,-6.00,-2.00,37.0,0.00,5.35
HR2730,HR2730,2000,07,13,23.9000,-22,40,24.000,6.00,-8.00,-5.0,0.00,6.01
HR2731,HR2731,2000,07,14,11.0000,-03,54,05.000,-15.00,7.00,22.0,0.00,5.75
HR2732,HR2732,2000,07,14,15.5000,-09,56,51.000,-4.00,4.00,43.0,0.00,5.90
HR2733,HR2733,2000,07,13,48.3000,-22,54,23.000,-12.00,-17.00,17.0,0.00,6.36
HR2734,HR2734,2000,07,13,36.3000,-27,21,23.000,-25.00,6.00,43.0,0.00,6.12
HR2735,ga1Vol,2000,07,08,42.2000,-70,29,50.000,7.00,101.00,-3.0,16.00,5.69
HR2736,ga2Vol,2000,07,08,44.9000,-70,29,56.000,23.00,106.00,3.0,16.00,3.78
HR2737,HR2737,2000,07,17,33.7000,+52,07,51.000,-1.00,-25.00,-7.0,0.00,5.92
HR2738,53Gem,2000,07,15,57.1000,+27,53,51.000,-16.00,1.00,24.0,8.00,5.71
HR2739,HR2739,2000,07,14,28.2000,-10,19,00.000,-4.00,-11.00,33.0,0.00,6.03
HR2740,HR2740,2000,07,12,33.6000,-46,45,34.000,-132.00,103.00,-1.0,48.00,4.49
HR2741,HR2741,2000,07,13,47.1000,-31,05,02.000,-14.00,-2.00,28.0,0.00,6.60
HR2742,HR2742,2000,07,31,04.4000,+82,24,41.000,-6.00,-42.00,14.0,1.00,4.96
HR2743,HR2743,2000,07,13,57.2000,-30,20,24.000,-15.00,-6.00,24.0,0.00,6.33
HR2744,24Mon,2000,07,15,19.3000,-00,09,41.000,-20.00,-2.00,-10.0,11.00,6.41
HR2745,27CMa,2000,07,14,15.2000,-26,21,09.000,-9.00,7.00,0.0,0.00,4.66
HR2746,HR2746,2000,07,13,13.4000,-45,10,59.000,-19.00,-99.00,4.0,10.00,4.89
HR2747,HR2747,2000,07,15,39.4000,+07,58,40.000,29.00,7.00,-9.0,0.00,5.82
HR2748,HR2748,2000,07,13,32.4000,-44,38,23.000,114.00,330.00,53.0,22.00,5.10
HR2749,omeCMa,2000,07,14,48.7000,-26,46,22.000,-8.00,6.00,26.0,0.00,3.85
HR2750,HR2750,2000,07,14,51.1000,-27,02,17.000,-49.00,-30.00,15.0,0.00,5.58
HR2751,HR2751,2000,07,18,31.9000,+49,27,54.000,-4.00,14.00,-12.0,8.00,5.05
HR2752,HR2752,2000,07,15,43.1000,-10,35,02.000,11.00,-7.00,-13.0,0.00,5.95
HR2753,64Aur,2000,07,18,02.2000,+40,53,00.000,-15.00,13.00,-10.0,0.00,5.78
HR2754,HR2754,2000,07,12,02.0000,-63,11,24.000,-3.00,0.00,-0.0,5.00,6.02
HR2755,HR2755,2000,07,15,47.5000,-23,44,26.000,17.00,7.00,34.0,0.00,6.32
HR2756,HR2756,2000,07,15,21.0000,-30,41,11.000,-18.00,13.00,33.0,0.00,5.36
HR2757,HR2757,2000,07,18,04.1000,+30,57,21.000,-4.00,-28.00,27.0,0.00,6.24
HR2758,HR2758,2000,07,16,14.5000,-15,35,09.000,-50.00,-15.00,10.0,41.00,5.46
HR2759,HR2759,2000,07,14,57.1000,-41,25,33.000,9.00,22.00,21.0,0.00,5.94
HR2760,HR2760,2000,07,17,17.8000,+06,40,50.000,1.00,-15.00,9.0,0.00,6.65
HR2761,HR2761,2000,07,14,45.9000,-46,50,59.000,-18.00,-8.00,40.0,0.00,5.72
HR2762,HR2762,2000,07,14,38.2000,-48,16,18.000,4.00,4.00,39.0,0.00,4.76
HR2763,laGem,2000,07,18,05.6000,+16,32,25.000,-48.00,-37.00,-9.0,47.00,3.58
HR2764,HR2764,2000,07,16,36.8000,-23,18,56.000,-10.00,2.00,28.0,19.00,4.79
HR2765,HR2765,2000,07,17,31.7000,-06,40,48.000,-14.00,11.00,9.0,0.00,6.29
HR2766,HR2766,2000,07,16,35.0000,-27,52,52.000,-10.00,43.00,42.0,12.00,4.64
HR2767,HR2767,2000,07,15,21.0000,-52,29,59.000,-58.00,103.00,39.0,0.00,5.97
HR2768,HR2768,2000,07,16,57.2000,-30,53,48.000,5.00,-21.00,-5.0,0.00,6.32
HR2769,HR2769,2000,07,16,31.8000,-38,19,08.000,-15.00,5.00,45.0,0.00,5.80
HR2770,HR2770,2000,07,16,49.5000,-36,35,34.000,1.00,-2.00,9.0,0.00,5.03
HR2771,HR2771,2000,07,16,15.5000,-46,46,28.000,9.00,35.00,20.0,0.00,5.66
HR2772,47Cam,2000,07,22,17.2000,+59,54,07.000,3.00,14.00,7.0,15.00,6.35
HR2773,piPup,2000,07,17,08.6000,-37,05,51.000,-9.00,4.00,16.0,32.00,2.70
HR2774,HR2774,2000,07,17,47.9000,-26,47,51.000,-10.00,1.00,15.0,0.00,6.46
HR2775,HR2775,2000,07,21,03.1000,+42,39,20.000,-19.00,-46.00,46.0,0.00,6.35
HR2776,HR2776,2000,07,21,17.5000,+45,13,41.000,-48.00,4.00,25.0,0.00,5.77
HR2777,deGem,2000,07,20,07.4000,+21,58,56.000,-26.00,-12.00,4.0,61.00,3.53
HR2778,HR2778,2000,07,19,22.4000,+02,44,26.000,0.00,-13.00,24.0,0.00,5.89
HR2779,HR2779,2000,07,19,47.6000,+07,08,34.000,60.00,-63.00,22.0,0.00,5.91
HR2780,HR2780,2000,07,20,06.9000,+15,08,34.000,11.00,-17.00,13.0,0.00,6.45
HR2781,29CMa,2000,07,18,40.3000,-24,33,32.000,-6.00,0.00,-11.0,0.00,4.98
HR2782,taCMa,2000,07,18,42.4000,-24,57,15.000,-9.00,10.00,40.0,0.00,4.40
HR2783,19Lyn,2000,07,22,50.9000,+55,17,04.000,4.00,-24.00,10.0,11.00,6.53
HR2784,19Lyn,2000,07,22,52.1000,+55,16,53.000,-3.00,-29.00,5.0,11.00,5.45
HR2785,HR2785,2000,07,19,02.0000,-19,16,49.000,8.00,2.00,62.0,0.00,6.09
HR2786,HR2786,2000,07,18,51.2000,-26,35,09.000,-17.00,8.00,32.0,17.00,5.28
HR2787,HR2787,2000,07,18,18.4000,-36,44,03.000,-3.00,1.00,19.0,0.00,4.66
HR2788,HR2788,2000,07,19,28.1000,-16,23,42.000,157.00,-132.00,-39.0,40.00,5.70
HR2789,HR2789,2000,07,18,04.2000,-43,59,12.000,-15.00,1.00,13.0,0.00,5.85
HR2790,HR2790,2000,07,18,38.2000,-36,44,34.000,-2.00,3.00,18.0,0.00,5.11
HR2791,HR2791,2000,07,18,33.6000,-39,12,37.000,10.00,7.00,32.0,14.00,5.25
HR2792,HR2792,2000,07,22,13.4000,+38,59,46.000,-3.00,-38.00,3.0,0.00,6.40
HR2793,65Aur,2000,07,22,02.6000,+36,45,38.000,-98.00,-23.00,23.0,22.00,5.13
HR2794,HR2794,2000,07,19,13.7000,-33,43,38.000,-13.00,-13.00,-2.0,0.00,6.30
HR2795,56Gem,2000,07,21,56.8000,+20,26,37.000,-66.00,-27.00,4.0,2.00,5.10
HR2796,HR2796,2000,07,20,58.2000,-14,21,36.000,-18.00,16.00,13.0,0.00,5.45
HR2797,HR2797,2000,07,34,39.7000,+80,53,48.000,-10.00,3.00,-2.0,0.00,6.41
HR2798,HR2798,2000,07,21,16.9000,-08,52,42.000,36.00,-156.00,-7.0,0.00,6.55
HR2799,HR2799,2000,07,20,53.2000,-22,51,06.000,6.00,-42.00,10.0,0.00,6.61
HR2800,HR2800,2000,07,20,55.0000,-26,57,49.000,10.00,19.00,18.0,0.00,6.01
HR2801,HR2801,2000,07,22,03.5000,+00,10,38.000,1.00,4.00,-10.0,0.00,5.99
HR2802,HR2802,2000,07,21,04.3000,-25,53,29.000,-12.00,25.00,23.0,0.00,5.87
HR2803,deVol,2000,07,16,49.8000,-67,57,26.000,-7.00,5.00,23.0,4.00,3.98
HR2804,HR2804,2000,07,24,57.2000,+51,53,14.000,14.00,-35.00,18.0,0.00,5.80
HR2805,66Aur,2000,07,24,08.5000,+40,40,20.000,-6.00,-23.00,21.0,7.00,5.19
HR2806,HR2806,2000,07,22,02.0000,-08,58,45.000,6.00,21.00,23.0,0.00,6.43
HR2807,HR2807,2000,07,22,18.5000,-02,58,44.000,-16.00,3.00,-15.0,0.00,6.23
HR2808,57Gem,2000,07,23,28.5000,+25,03,02.000,-69.00,-23.00,6.0,22.00,5.03
HR2809,HR2809,2000,07,27,25.8000,+66,19,54.000,-12.00,-32.00,7.0,0.00,6.47
HR2810,58Gem,2000,07,23,28.2000,+22,56,43.000,-22.00,-36.00,15.0,0.00,6.02
HR2811,HR2811,2000,07,22,25.4000,-05,58,58.000,-11.00,-4.00,11.0,0.00,5.82
HR2812,HR2812,2000,07,22,13.5000,-19,01,00.000,-6.00,-8.00,27.0,0.00,4.96
HR2813,HR2813,2000,07,20,21.4000,-52,18,42.000,-36.00,134.00,22.0,38.00,6.05
HR2814,HR2814,2000,07,20,21.7000,-52,18,35.000,-40.00,124.00,35.0,38.00,6.60
HR2815,HR2815,2000,07,20,38.7000,-52,05,10.000,-19.00,-7.00,18.0,0.00,5.39
HR2816,59Gem,2000,07,24,33.4000,+27,38,17.000,12.00,17.00,-5.0,0.00,5.76
HR2817,HR2817,2000,07,24,27.7000,+15,31,02.000,11.00,4.00,37.0,0.00,6.41
HR2818,21Lyn,2000,07,26,42.8000,+49,12,41.000,-13.00,-50.00,27.0,12.00,4.64
HR2819,HR2819,2000,07,23,00.6000,-31,55,26.000,-14.00,4.00,24.0,0.00,5.43
HR2820,1CMi,2000,07,24,58.2000,+11,40,11.000,-17.00,-14.00,-1.0,15.00,5.30
HR2821,ioGem,2000,07,25,43.6000,+27,47,53.000,-123.00,-86.00,8.0,32.00,3.79
HR2822,HR2822,2000,07,23,29.1000,-27,50,03.000,45.00,5.00,48.0,13.00,5.38
HR2823,HR2823,2000,07,23,31.9000,-32,12,08.000,-9.00,4.00,21.0,0.00,5.39
HR2824,HR2824,2000,07,23,54.3000,-30,13,01.000,-19.00,9.00,7.0,0.00,6.60
HR2825,HR2825,2000,07,24,40.1000,-16,12,04.000,-14.00,-10.00,2.0,0.00,5.33
HR2826,HR2826,2000,07,24,17.2000,-22,54,46.000,-16.00,0.00,32.0,0.00,6.19
HR2827,etCMa,2000,07,24,05.7000,-29,18,11.000,-4.00,5.00,41.0,0.00,2.45
HR2828,epCMi,2000,07,25,38.9000,+09,16,34.000,-6.00,-11.00,-8.0,8.00,4.99
HR2829,HR2829,2000,07,23,58.3000,-35,50,16.000,-18.00,18.00,28.0,0.00,6.31
HR2830,HR2830,2000,07,30,52.7000,+68,27,56.000,-10.00,-38.00,56.0,11.00,5.64
HR2831,HR2831,2000,07,24,50.7000,-19,00,44.000,-21.00,5.00,70.0,0.00,6.24
HR2832,HR2832,2000,07,25,08.3000,-13,45,07.000,-204.00,-4.00,7.0,37.00,5.78
HR2833,HR2833,2000,07,25,51.0000,-05,46,30.000,-29.00,-4.00,14.0,0.00,5.97
HR2834,HR2834,2000,07,24,43.8000,-31,48,32.000,-20.00,10.00,20.0,-21.00,5.35
HR2835,HR2835,2000,07,26,50.2000,+21,32,09.000,-315.00,-20.00,47.0,38.00,6.54
HR2836,HR2836,2000,07,26,27.9000,+10,36,30.000,-21.00,5.00,-10.0,0.00,6.37
HR2837,61Gem,2000,07,26,56.3000,+20,15,26.000,-5.00,-19.00,9.0,0.00,5.93
HR2838,HR2838,2000,07,26,03.5000,-04,32,15.000,9.00,-18.00,-2.0,0.00,6.76
HR2839,HR2839,2000,07,25,19.9000,-21,58,58.000,-10.00,3.00,41.0,0.00,6.05
HR2840,HR2840,2000,07,26,41.3000,+11,00,33.000,9.00,-2.00,29.0,0.00,6.41
HR2841,HR2841,2000,07,25,25.3000,-25,13,04.000,-5.00,-2.00,24.0,0.00,5.78
HR2842,HR2842,2000,07,24,47.2000,-37,17,24.000,16.00,9.00,26.0,3.00,6.97
HR2843,HR2843,2000,07,24,47.3000,-37,17,27.000,-20.00,44.00,18.0,3.00,6.84
HR2844,HR2844,2000,07,28,51.6000,+48,11,02.000,7.00,-49.00,21.0,0.00,5.72
HR2845,beCMi,2000,07,27,09.0000,+08,17,22.000,-52.00,-38.00,22.0,19.00,2.90
HR2846,63Gem,2000,07,27,44.4000,+21,26,42.000,-58.00,-121.00,25.0,41.00,5.22
HR2847,HR2847,2000,07,25,43.0000,-31,44,19.000,0.00,7.00,10.0,0.00,6.31
HR2848,HR2848,2000,06,46,58.7000,-87,01,30.000,6.00,4.00,4.0,0.00,6.47
HR2849,22Lyn,2000,07,29,56.0000,+49,40,21.000,114.00,-80.00,-27.0,42.00,5.36
HR2850,HR2850,2000,07,26,40.7000,-23,42,44.000,-6.00,23.00,27.0,0.00,6.56
HR2851,etCMi,2000,07,28,02.1000,+06,56,31.000,-4.00,-44.00,18.0,10.00,5.25
HR2852,rhGem,2000,07,29,06.7000,+31,47,04.000,155.00,175.00,-4.0,62.00,4.18
HR2853,HR2853,2000,07,27,08.0000,-17,51,52.000,2.00,15.00,-29.0,0.00,5.63
HR2854,gaCMi,2000,07,28,09.8000,+08,55,32.000,-62.00,17.00,47.0,19.00,4.32
HR2855,HR2855,2000,07,26,59.4000,-23,05,10.000,-12.00,4.00,25.0,0.00,5.61
HR2856,HR2856,2000,07,26,42.3000,-34,08,27.000,-27.00,0.00,7.0,0.00,5.90
HR2857,64Gem,2000,07,29,20.4000,+28,07,05.000,-41.00,-56.00,35.0,8.00,5.05
HR2858,HR2858,2000,07,28,47.3000,+15,06,34.000,4.00,-25.00,34.0,0.00,6.22
HR2859,HR2859,2000,07,27,51.7000,-11,33,25.000,-4.00,-1.00,15.0,0.00,5.79
HR2860,HR2860,2000,07,27,42.9000,-22,51,35.000,-5.00,-17.00,26.0,0.00,5.95
HR2861,65Gem,2000,07,29,48.7000,+27,54,58.000,-34.00,-24.00,36.0,18.00,5.01
HR2862,HR2862,2000,07,26,21.9000,-51,01,06.000,1.00,8.00,8.0,7.00,5.10
HR2863,HR2863,2000,07,27,59.2000,-29,09,21.000,-6.00,8.00,4.0,0.00,5.54
HR2864,6CMi,2000,07,29,47.8000,+12,00,24.000,0.00,-19.00,-15.0,29.00,4.54
HR2865,HR2865,2000,07,29,18.7000,-01,54,19.000,-15.00,-5.00,-5.0,0.00,5.59
HR2866,HR2866,2000,07,29,25.7000,-07,33,04.000,64.00,131.00,9.0,0.00,5.86
HR2867,HR2867,2000,07,29,22.1000,-10,19,36.000,-1.00,1.00,-7.0,0.00,5.75
HR2868,HR2868,2000,07,29,21.9000,-14,59,57.000,-185.00,-254.00,-6.0,27.00,6.05
HR2869,HR2869,2000,07,28,22.8000,-37,48,37.000,-20.00,-50.00,-1.0,0.00,6.58
HR2870,HR2870,2000,07,28,51.3000,-31,50,54.000,8.00,3.00,2.0,0.00,6.38
HR2871,HR2871,2000,07,28,51.5000,-31,50,49.000,-36.00,3.00,4.0,0.00,7.13
HR2872,HR2872,2000,07,31,55.7000,+38,53,47.000,-35.00,-14.00,7.0,0.00,6.54
HR2873,HR2873,2000,07,29,04.9000,-31,27,23.000,-14.00,2.00,8.0,0.00,5.77
HR2874,HR2874,2000,07,29,51.4000,-23,01,28.000,-4.00,-6.00,37.0,-3.00,4.85
HR2875,HR2875,2000,07,29,05.7000,-38,48,44.000,-16.00,11.00,24.0,0.00,5.43
HR2876,HR2876,2000,07,30,51.1000,-05,13,35.000,-6.00,-2.00,17.0,0.00,6.24
HR2877,HR2877,2000,07,31,48.4000,+17,05,10.000,43.00,-78.00,-40.0,1.00,5.42
HR2878,siPup,2000,07,29,13.8000,-43,18,05.000,-55.00,187.00,88.0,20.00,3.25
HR2879,HR2879,2000,07,32,50.6000,+22,53,16.000,-25.00,-12.00,30.0,0.00,6.54
HR2880,de1CMi,2000,07,32,05.9000,+01,54,52.000,-3.00,-3.00,29.0,16.00,5.25
HR2881,HR2881,2000,07,30,42.5000,-30,57,44.000,-21.00,0.00,14.0,23.00,4.65
HR2882,HR2882,2000,07,30,42.4000,-37,20,23.000,-98.00,42.00,9.0,0.00,6.65
HR2883,HR2883,2000,07,32,05.8000,-08,52,51.000,-90.00,-157.00,55.0,0.00,5.90
HR2884,HR2884,2000,07,29,59.6000,-52,39,04.000,-31.00,58.00,26.0,0.00,5.87
HR2885,HR2885,2000,07,31,25.8000,-36,09,10.000,-4.00,22.00,21.0,0.00,6.68
HR2886,68Gem,2000,07,33,36.5000,+15,49,36.000,-19.00,-12.00,12.0,11.00,5.25
HR2887,de2CMi,2000,07,33,11.6000,+03,17,25.000,-18.00,38.00,1.0,0.00,5.59
HR2888,HR2888,2000,07,28,51.3000,-64,30,36.000,-11.00,-16.00,14.0,0.00,6.39
HR2889,HR2889,2000,07,31,42.8000,-35,53,16.000,11.00,7.00,-2.0,0.00,6.61
HR2890,alGem,2000,07,34,36.0000,+31,53,19.000,-172.00,-99.00,-1.0,67.00,2.88
HR2891,alGem,2000,07,34,36.0000,+31,53,18.000,-171.00,-98.00,6.0,67.00,1.98
HR2892,HR2892,2000,07,30,30.9000,-54,23,58.000,18.00,21.00,49.0,0.00,5.96
HR2893,HR2893,2000,07,34,05.1000,+10,34,06.000,-5.00,-9.00,-3.0,0.00,6.28
HR2894,HR2894,2000,07,36,47.0000,+55,45,19.000,-15.00,-35.00,1.0,0.00,5.92
HR2895,HR2895,2000,07,32,22.3000,-35,57,41.000,-12.00,5.00,23.0,0.00,6.30
HR2896,HR2896,2000,07,35,08.7000,+30,57,40.000,-33.00,13.00,-6.0,3.00,5.33
HR2897,HR2897,2000,07,33,22.1000,-14,20,18.000,-10.00,-4.00,22.0,0.00,6.21
HR2898,HR2898,2000,07,35,56.0000,+43,01,52.000,-24.00,-50.00,21.0,5.00,6.30
HR2899,HR2899,2000,07,33,19.5000,-19,24,45.000,22.00,-67.00,16.0,0.00,5.66
HR2900,HR2900,2000,07,33,09.7000,-24,42,39.000,-10.00,13.00,15.0,0.00,5.85
HR2901,de3CMi,2000,07,34,15.8000,+03,22,17.000,-12.00,-14.00,34.0,0.00,5.81
HR2902,HR2902,2000,07,33,47.9000,-14,31,26.000,-12.00,4.00,22.0,-3.00,4.97
HR2903,HR2903,2000,07,36,31.6000,+46,10,49.000,-28.00,-32.00,29.0,0.00,5.65
HR2904,HR2904,2000,07,34,46.0000,+02,43,30.000,-43.00,-27.00,46.0,0.00,6.55
HR2905,upGem,2000,07,35,55.3000,+26,53,45.000,-34.00,-106.00,-21.0,14.00,4.06
HR2906,HR2906,2000,07,34,03.2000,-22,17,46.000,-40.00,46.00,61.0,54.00,4.45
HR2907,HR2907,2000,07,33,13.5000,-40,03,32.000,20.00,-10.00,14.0,0.00,6.26
HR2908,HR2908,2000,07,33,13.3000,-43,05,11.000,5.00,-35.00,-48.0,0.00,6.52
HR2909,HR2909,2000,07,34,18.6000,-23,28,25.000,-95.00,2.00,-5.0,23.00,5.83
HR2910,HR2910,2000,07,34,19.1000,-23,28,29.000,-111.00,-10.00,-6.0,23.00,5.87
HR2911,HR2911,2000,07,33,51.0000,-36,20,18.000,-12.00,1.00,-9.0,0.00,5.54
HR2912,HR2912,2000,07,34,28.8000,-26,07,00.000,-19.00,-25.00,28.0,0.00,6.65
HR2913,HR2913,2000,07,34,12.8000,-33,27,48.000,-56.00,70.00,25.0,0.00,6.11
HR2914,HR2914,2000,07,37,53.9000,+48,46,25.000,-26.00,-32.00,10.0,0.00,5.92
HR2915,HR2915,2000,07,37,17.8000,+40,01,31.000,-11.00,-50.00,10.0,0.00,6.38
HR2916,HR2916,2000,07,34,34.9000,-27,00,43.000,-39.00,79.00,-6.0,0.00,5.77
HR2917,HR2917,2000,07,33,58.5000,-39,54,21.000,-17.00,45.00,30.0,0.00,6.76
HR2918,HR2918,2000,07,36,34.7000,+05,51,42.000,-111.00,11.00,4.0,0.00,5.91
HR2919,epMen,2000,07,25,38.0000,-79,05,39.000,-33.00,3.00,11.0,-2.00,5.53
HR2920,HR2920,2000,07,36,16.6000,-08,18,41.000,35.00,2.00,5.0,0.00,6.27
HR2921,HR2921,2000,07,36,03.9000,-14,29,34.000,-10.00,3.00,21.0,0.00,5.70
HR2922,HR2922,2000,07,35,22.8000,-28,22,10.000,-74.00,-19.00,3.0,0.00,4.64
HR2923,HR2923,2000,07,36,07.8000,-22,09,38.000,44.00,-18.00,28.0,0.00,6.34
HR2924,70Gem,2000,07,38,32.8000,+35,02,55.000,37.00,30.00,-36.0,0.00,5.56
HR2925,HR2925,2000,07,34,39.5000,-51,28,29.000,-6.00,-1.00,28.0,0.00,6.28
HR2926,HR2926,2000,07,38,14.5000,+24,21,37.000,25.00,13.00,7.0,0.00,6.27
HR2927,25Mon,2000,07,37,16.7000,-04,06,40.000,-68.00,17.00,46.0,28.00,5.13
HR2928,HR2928,2000,07,36,41.0000,-19,42,08.000,-7.00,5.00,22.0,0.00,5.74
HR2929,23Lyn,2000,07,40,49.5000,+57,04,58.000,-18.00,-5.00,-13.0,0.00,6.06
HR2930,omiGem,2000,07,39,09.9000,+34,35,03.000,-37.00,-117.00,7.0,21.00,4.90
HR2931,HR2931,2000,07,39,11.9000,+24,13,21.000,-12.00,2.00,-11.0,0.00,6.17
HR2932,HR2932,2000,07,37,38.9000,-14,26,28.000,14.00,-4.00,16.0,0.00,6.53
HR2933,HR2933,2000,07,37,16.8000,-23,46,30.000,-15.00,22.00,18.0,0.00,6.37
HR2934,HR2934,2000,07,35,39.7000,-52,32,02.000,24.00,-16.00,62.0,12.00,4.94
HR2935,HR2935,2000,07,40,14.6000,+38,20,40.000,-50.00,-9.00,46.0,0.00,5.73
HR2936,HR2936,2000,07,39,54.1000,+32,00,35.000,-19.00,-45.00,25.0,0.00,6.17
HR2937,HR2937,2000,07,37,22.1000,-34,58,07.000,-22.00,14.00,24.0,0.00,4.53
HR2938,74Gem,2000,07,39,28.6000,+17,40,29.000,5.00,4.00,28.0,9.00,5.05
HR2939,HR2939,2000,07,41,12.4000,+48,07,54.000,-54.00,-128.00,40.0,9.00,5.56
HR2940,HR2940,2000,07,36,43.9000,-48,49,49.000,-1.00,-3.00,-1.0,0.00,5.72
HR2941,HR2941,2000,07,36,01.7000,-55,53,15.000,-2.00,10.00,22.0,0.00,6.39
HR2942,HR2942,2000,07,37,44.8000,-35,16,38.000,-27.00,12.00,31.0,0.00,6.60
HR2943,alCMi,2000,07,39,18.1000,+05,13,30.000,-710.00,-1023.00,-3.0,288.00,0.38
HR2944,HR2944,2000,07,38,18.0000,-25,21,53.000,-7.00,-7.00,41.0,0.00,4.70
HR2945,HR2945,2000,07,37,45.2000,-38,00,38.000,7.00,58.00,52.0,0.00,6.38
HR2946,24Lyn,2000,07,43,00.4000,+58,42,37.000,-37.00,-51.00,9.0,18.00,4.99
HR2947,HR2947,2000,07,39,07.1000,-18,40,45.000,-21.00,-26.00,36.0,0.00,6.72
HR2948,HR2948,2000,07,38,49.3000,-26,48,06.000,-17.00,19.00,24.0,10.00,4.50
HR2949,HR2949,2000,07,38,49.8000,-26,48,13.000,-29.00,28.00,33.0,10.00,4.62
HR2950,HR2950,2000,07,40,07.0000,+05,13,51.000,-8.00,-23.00,17.0,14.00,6.02
HR2951,HR2951,2000,07,40,58.5000,+23,01,07.000,-10.00,-11.00,39.0,0.00,5.89
HR2952,HR2952,2000,07,38,24.2000,-39,59,29.000,13.00,18.00,15.0,0.00,6.59
HR2953,HR2953,2000,07,40,47.3000,+13,46,15.000,10.00,-16.00,5.0,0.00,6.24
HR2954,HR2954,2000,07,38,43.9000,-36,29,49.000,-7.00,1.00,19.0,0.00,5.80
HR2955,HR2955,2000,07,38,32.6000,-38,46,52.000,30.00,-28.00,26.0,0.00,6.19
HR2956,HR2956,2000,07,39,26.9000,-26,51,47.000,-13.00,1.00,33.0,0.00,6.50
HR2957,HR2957,2000,07,38,18.2000,-48,36,04.000,2.00,8.00,11.0,0.00,5.68
HR2958,HR2958,2000,07,40,35.5000,-08,11,09.000,16.00,-37.00,-7.0,0.00,6.01
HR2959,HR2959,2000,07,40,23.2000,-15,15,49.000,-10.00,-22.00,0.0,5.00,4.94
HR2960,HR2960,2000,07,40,13.6000,-19,39,39.000,7.00,11.00,-3.0,0.00,5.93
HR2961,HR2961,2000,07,39,27.4000,-38,18,30.000,-14.00,4.00,26.0,0.00,4.84
HR2962,HR2962,2000,07,42,43.5000,+34,00,01.000,-80.00,-3.00,-11.0,0.00,6.02
HR2963,HR2963,2000,07,39,43.8000,-38,08,22.000,-19.00,11.00,30.0,6.00,5.73
HR2964,HR2964,2000,07,39,47.8000,-38,15,39.000,-11.00,4.00,23.0,0.00,5.76
HR2965,HR2965,2000,07,41,51.8000,+13,28,50.000,-39.00,-20.00,7.0,0.00,5.77
HR2966,HR2966,2000,07,41,35.2000,+03,37,29.000,15.00,-25.00,-24.0,0.00,5.94
HR2967,HR2967,2000,07,42,03.2000,+14,12,30.000,-4.00,-12.00,-16.0,6.00,5.56
HR2968,HR2968,2000,07,39,58.0000,-37,34,46.000,1.00,-10.00,7.0,0.00,6.00
HR2969,HR2969,2000,07,44,04.2000,+50,26,02.000,-5.00,-26.00,0.0,15.00,5.27
HR2970,alMon,2000,07,41,14.8000,-09,33,04.000,-73.00,-19.00,11.0,24.00,3.93
HR2971,HR2971,2000,07,39,00.4000,-53,16,24.000,-9.00,8.00,12.0,0.00,6.06
HR2972,HR2972,2000,07,40,43.4000,-27,56,45.000,7.00,-17.00,36.0,0.00,6.76
HR2973,siGem,2000,07,43,18.7000,+28,53,01.000,65.00,-232.00,46.0,18.00,4.28
HR2974,HR2974,2000,07,40,52.7000,-31,39,39.000,14.00,12.00,68.0,0.00,6.56
HR2975,51Cam,2000,07,46,40.1000,+65,27,21.000,27.00,18.00,-29.0,0.00,5.92
HR2976,HR2976,2000,07,41,23.6000,-22,20,14.000,22.00,-4.00,32.0,0.00,6.18
HR2977,49Cam,2000,07,46,27.4000,+62,49,50.000,-36.00,-57.00,2.0,0.00,6.49
HR2978,HR2978,2000,07,43,22.2000,+22,23,58.000,-26.00,13.00,-3.0,0.00,6.21
HR2979,HR2979,2000,07,35,21.7000,-74,16,32.000,-7.00,9.00,13.0,10.00,7.16
HR2980,HR2980,2000,07,35,21.8000,-74,16,32.000,-7.00,9.00,10.0,10.00,7.26
HR2981,HR2981,2000,07,41,15.8000,-38,32,01.000,-17.00,13.00,40.0,0.00,5.42
HR2982,HR2982,2000,07,43,05.4000,+00,11,22.000,8.00,-12.00,8.0,0.00,6.19
HR2983,76Gem,2000,07,44,06.9000,+25,47,03.000,-20.00,-16.00,3.0,7.00,5.31
HR2984,HR2984,2000,07,41,21.8000,-44,37,56.000,10.00,0.00,27.0,0.00,6.41
HR2985,kaGem,2000,07,44,26.8000,+24,23,53.000,-33.00,-52.00,21.0,26.00,3.57
HR2986,HR2986,2000,07,41,58.0000,-38,31,44.000,-17.00,2.00,8.0,0.00,6.54
HR2987,HR2987,2000,07,44,14.0000,+12,51,34.000,-24.00,-42.00,27.0,0.00,6.43
HR2988,HR2988,2000,07,42,48.1000,-26,21,04.000,-5.00,-27.00,-18.0,0.00,5.64
HR2989,HR2989,2000,07,44,07.4000,+02,24,18.000,-48.00,-22.00,15.0,0.00,6.47
HR2990,beGem,2000,07,45,18.9000,+28,01,34.000,-628.00,-46.00,3.0,94.00,1.14
HR2991,79Gem,2000,07,45,09.3000,+20,18,59.000,-14.00,8.00,-11.0,0.00,6.33
HR2992,HR2992,2000,07,43,39.1000,-25,30,14.000,1.00,-5.00,23.0,0.00,6.55
HR2993,1Pup,2000,07,43,32.4000,-28,24,40.000,-14.00,25.00,33.0,18.00,4.59
HR2994,HR2994,2000,07,43,12.0000,-36,03,01.000,-19.00,8.00,-1.0,0.00,5.60
HR2995,HR2995,2000,07,43,07.0000,-38,51,51.000,9.00,-18.00,0.0,0.00,6.89
HR2996,3Pup,2000,07,43,48.5000,-28,57,17.000,2.00,5.00,25.0,0.00,3.96
HR2997,HR2997,2000,07,56,17.3000,+80,15,56.000,-476.00,90.00,-8.0,0.00,6.56
HR2998,HR2998,2000,07,42,57.2000,-45,10,24.000,-66.00,-558.00,28.0,0.00,5.06
HR2999,HR2999,2000,07,46,39.3000,+37,31,03.000,27.00,14.00,-35.0,0.00,5.18
HR3000,HR3000,2000,07,36,04.2000,-77,38,03.000,6.00,9.00,7.0,0.00,6.18
HR3001,HR3001,2000,07,43,42.9000,-38,12,07.000,-25.00,6.00,-6.0,0.00,6.40
HR3002,HR3002,2000,07,43,41.9000,-40,56,02.000,133.00,-175.00,53.0,26.00,5.17
HR3003,81Gem,2000,07,46,07.4000,+18,30,36.000,-76.00,-58.00,81.0,14.00,4.88
HR3004,HR3004,2000,07,44,34.0000,-24,40,26.000,-30.00,16.00,15.0,0.00,5.62
HR3005,HR3005,2000,07,43,06.9000,-49,59,34.000,-5.00,-6.00,3.0,0.00,6.57
HR3006,HR3006,2000,07,42,10.2000,-58,37,51.000,-1.00,3.00,11.0,0.00,6.43
HR3007,HR3007,2000,07,44,09.6000,-36,03,46.000,-83.00,76.00,29.0,0.00,5.80
HR3008,11CMi,2000,07,46,16.2000,+10,46,06.000,-29.00,-24.00,28.0,22.00,5.30
HR3009,2Pup,2000,07,45,28.7000,-14,41,10.000,-16.00,-18.00,30.0,0.00,6.89
HR3010,2Pup,2000,07,45,29.1000,-14,41,27.000,-14.00,-26.00,24.0,0.00,6.07
HR3011,HR3011,2000,07,44,34.2000,-37,56,35.000,-18.00,4.00,37.0,0.00,5.88
HR3012,HR3012,2000,07,42,53.3000,-58,13,48.000,-30.00,33.00,-22.0,0.00,6.21
HR3013,piGem,2000,07,47,30.3000,+33,24,56.000,-18.00,-29.00,-12.0,12.00,5.14
HR3014,HR3014,2000,07,46,02.2000,-06,46,21.000,56.00,-94.00,-33.0,0.00,5.49
HR3015,4Pup,2000,07,45,56.9000,-14,33,50.000,-12.00,6.00,-2.0,31.00,5.04
HR3016,HR3016,2000,07,45,04.6000,-37,53,16.000,-23.00,7.00,24.0,0.00,6.54
HR3017,HR3017,2000,07,45,15.3000,-37,58,07.000,-10.00,2.00,17.0,6.00,3.61
HR3018,HR3018,2000,07,45,35.0000,-34,10,23.000,-279.00,1665.00,103.0,64.00,5.37
HR3019,HR3019,2000,07,46,44.9000,-12,40,31.000,18.00,0.00,8.0,0.00,6.39
HR3020,HR3020,2000,07,45,18.1000,-43,45,08.000,-4.00,2.00,35.0,0.00,6.03
HR3021,82Gem,2000,07,48,33.6000,+23,08,28.000,-11.00,8.00,-5.0,0.00,6.18
HR3022,HR3022,2000,07,46,10.4000,-37,56,02.000,-35.00,4.00,28.0,0.00,5.88
HR3023,HR3023,2000,07,47,12.5000,-22,31,11.000,-13.00,7.00,7.0,0.00,5.90
HR3024,zeVol,2000,07,41,49.2000,-72,36,22.000,30.00,18.00,48.0,17.00,3.95
HR3025,HR3025,2000,07,46,33.4000,-40,03,35.000,-6.00,-1.00,34.0,0.00,6.57
HR3026,HR3026,2000,07,47,38.5000,-15,59,27.000,-4.00,1.00,31.0,0.00,6.34
HR3027,HR3027,2000,07,47,45.2000,-16,00,52.000,0.00,-1.00,14.0,0.00,6.43
HR3028,HR3028,2000,07,51,05.7000,+54,07,45.000,-41.00,51.00,-2.0,0.00,6.02
HR3029,5Pup,2000,07,47,56.7000,-12,11,35.000,-111.00,59.00,27.0,13.00,5.48
HR3030,HR3030,2000,07,49,02.0000,+13,22,15.000,51.00,-43.00,-57.0,0.00,6.04
HR3031,HR3031,2000,07,45,35.6000,-56,43,21.000,5.00,16.00,19.0,0.00,6.12
HR3032,HR3032,2000,07,47,05.8000,-39,19,53.000,-10.00,-5.00,22.0,0.00,6.31
HR3033,HR3033,2000,07,48,58.9000,+04,19,58.000,-36.00,-31.00,-6.0,0.00,6.53
HR3034,omiPup,2000,07,48,05.2000,-25,56,14.000,-9.00,6.00,15.0,0.00,4.50
HR3035,HR3035,2000,07,47,25.0000,-38,30,40.000,-6.00,0.00,12.0,-4.00,5.08
HR3036,HR3036,2000,07,44,43.9000,-66,04,19.000,-15.00,43.00,2.0,0.00,6.38
HR3037,HR3037,2000,07,47,31.5000,-46,36,31.000,-2.00,4.00,34.0,0.00,5.23
HR3038,HR3038,2000,07,44,13.0000,-69,49,17.000,-50.00,11.00,10.0,0.00,6.18
HR3039,HR3039,2000,07,52,36.6000,+55,12,34.000,-4.00,-39.00,8.0,0.00,6.38
HR3040,HR3040,2000,07,51,02.3000,+33,14,01.000,-17.00,1.00,-10.0,0.00,6.03
HR3041,HR3041,2000,07,48,08.5000,-40,39,08.000,-3.00,-29.00,23.0,0.00,6.14
HR3042,HR3042,2000,07,49,28.6000,-13,21,12.000,-35.00,-18.00,-7.0,0.00,6.23
HR3043,HR3043,2000,07,49,01.7000,-24,54,44.000,-30.00,19.00,2.0,36.00,5.33
HR3044,6Pup,2000,07,49,41.2000,-17,13,42.000,52.00,-117.00,44.0,0.00,5.18
HR3045,xiPup,2000,07,49,17.7000,-24,51,35.000,-3.00,-2.00,3.0,3.00,3.34
HR3046,HR3046,2000,07,48,20.3000,-47,04,40.000,-88.00,-78.00,-1.0,6.00,4.71
HR3047,HR3047,2000,07,50,10.6000,-09,11,00.000,-1.00,4.00,-7.0,0.00,5.61
HR3048,HR3048,2000,07,49,45.2000,-20,12,25.000,-53.00,-106.00,45.0,0.00,6.56
HR3049,HR3049,2000,07,49,14.7000,-35,14,36.000,1.00,9.00,34.0,0.00,5.93
HR3050,HR3050,2000,07,50,47.4000,+03,16,38.000,54.00,-31.00,-48.0,3.00,6.18
HR3051,HR3051,2000,07,50,05.7000,-19,31,25.000,-7.00,-2.00,32.0,0.00,6.12
HR3052,HR3052,2000,07,49,35.4000,-33,17,20.000,-34.00,0.00,33.0,0.00,5.60
HR3053,HR3053,2000,07,51,56.7000,+19,19,31.000,-55.00,-32.00,39.0,0.00,5.99
HR3054,HR3054,2000,07,50,55.2000,-11,07,43.000,-1.00,-31.00,44.0,0.00,6.16
HR3055,HR3055,2000,07,49,14.3000,-46,22,24.000,0.00,6.00,24.0,0.00,4.11
HR3056,HR3056,2000,07,48,19.2000,-56,28,16.000,-26.00,3.00,9.0,0.00,6.33
HR3057,HR3057,2000,07,49,28.2000,-44,45,07.000,-48.00,3.00,32.0,0.00,6.32
HR3058,HR3058,2000,07,49,12.9000,-46,51,28.000,0.00,11.00,25.0,0.00,5.84
HR3059,zeCMi,2000,07,51,42.0000,+01,46,01.000,-16.00,-3.00,32.0,12.00,5.14
HR3060,HR3060,2000,07,51,00.0000,-24,31,42.000,-12.00,-23.00,-7.0,0.00,6.45
HR3061,HR3061,2000,07,52,07.2000,+03,16,38.000,47.00,-84.00,-62.0,0.00,6.31
HR3062,HR3062,2000,07,49,06.7000,-56,24,38.000,-3.00,7.00,22.0,0.00,5.59
HR3063,8Pup,2000,07,51,40.9000,-12,49,10.000,-1.00,-11.00,21.0,0.00,6.36
HR3064,9Pup,2000,07,51,46.3000,-13,53,53.000,-62.00,-340.00,-18.0,62.00,5.17
HR3065,25Lyn,2000,07,54,29.3000,+47,23,10.000,-17.00,6.00,-63.0,0.00,6.25
HR3066,26Lyn,2000,07,54,42.7000,+47,33,53.000,-47.00,2.00,17.0,0.00,5.45
HR3067,phGem,2000,07,53,29.8000,+26,45,57.000,-35.00,-31.00,8.0,0.00,4.97
HR3068,HR3068,2000,07,51,42.9000,-21,10,26.000,-62.00,25.00,32.0,0.00,5.63
HR3069,HR3069,2000,07,50,42.4000,-44,34,47.000,-22.00,21.00,33.0,0.00,6.45
HR3070,HR3070,2000,07,49,12.9000,-60,17,01.000,-55.00,151.00,20.0,0.00,5.78
HR3071,HR3071,2000,07,50,23.9000,-50,30,35.000,-60.00,-49.00,-23.0,0.00,5.91
HR3072,HR3072,2000,07,52,47.9000,-05,25,41.000,-17.00,-23.00,-2.0,0.00,5.76
HR3073,10Pup,2000,07,52,18.9000,-14,50,47.000,-11.00,-2.00,17.0,0.00,5.69
HR3074,HR3074,2000,07,51,20.5000,-43,05,44.000,11.00,-10.00,14.0,0.00,6.32
HR3075,HR3075,2000,08,00,11.7000,+73,55,05.000,-9.00,-37.00,35.0,22.00,5.41
HR3076,HR3076,2000,07,49,54.8000,-60,03,04.000,0.00,20.00,22.0,0.00,6.72
HR3077,HR3077,2000,07,56,26.8000,+56,30,16.000,0.00,-24.00,28.0,0.00,6.72
HR3078,HR3078,2000,07,51,40.3000,-42,53,18.000,-16.00,4.00,32.0,0.00,6.04
HR3079,HR3079,2000,07,52,15.7000,-34,42,19.000,-194.00,243.00,27.0,74.00,5.01
HR3080,HR3080,2000,07,52,13.0000,-40,34,33.000,-10.00,3.00,24.0,31.00,3.73
HR3081,HR3081,2000,07,49,41.0000,-66,11,45.000,3.00,-1.00,11.0,0.00,5.79
HR3082,HR3082,2000,08,04,47.1000,+79,28,47.000,-27.00,-49.00,3.0,21.00,5.42
HR3083,HR3083,2000,07,55,40.8000,+35,24,46.000,-62.00,-23.00,22.0,0.00,6.23
HR3084,HR3084,2000,07,52,38.7000,-38,51,47.000,-2.00,-6.00,-31.0,12.00,4.49
HR3085,HR3085,2000,07,53,03.5000,-36,21,50.000,-5.00,-5.00,12.0,35.00,5.43
HR3086,85Gem,2000,07,55,39.9000,+19,53,02.000,-18.00,-43.00,11.0,9.00,5.35
HR3087,HR3087,2000,07,55,31.4000,+08,51,46.000,-13.00,-87.00,22.0,0.00,5.86
HR3088,HR3088,2000,07,52,29.7000,-54,22,02.000,-3.00,4.00,18.0,0.00,5.70
HR3089,HR3089,2000,07,53,03.7000,-49,36,47.000,2.00,16.00,8.0,0.00,4.63
HR3090,HR3090,2000,07,53,18.2000,-48,06,11.000,4.00,1.00,41.0,0.00,4.24
HR3091,HR3091,2000,07,54,11.0000,-35,52,39.000,-1.00,-10.00,28.0,0.00,5.49
HR3092,HR3092,2000,07,54,39.9000,-34,50,49.000,-12.00,-20.00,47.0,0.00,6.15
HR3093,HR3093,2000,07,56,23.9000,+04,29,09.000,-5.00,0.00,17.0,0.00,6.17
HR3094,HR3094,2000,07,58,16.6000,+43,58,39.000,38.00,6.00,-49.0,0.00,6.34
HR3095,1Cnc,2000,07,56,59.4000,+15,47,25.000,-28.00,-42.00,10.0,0.00,5.78
HR3096,HR3096,2000,07,55,13.7000,-30,55,03.000,-47.00,43.00,54.0,0.00,6.44
HR3097,HR3097,2000,07,57,15.9000,+08,38,29.000,6.00,-17.00,-36.0,0.00,6.05
HR3098,HR3098,2000,07,57,16.2000,+01,07,37.000,-172.00,-2.00,-0.0,5.00,6.35
HR3099,HR3099,2000,07,56,22.8000,-30,17,07.000,4.00,-32.00,21.0,0.00,6.33
HR3100,HR3100,2000,07,55,00.5000,-52,34,59.000,-8.00,17.00,7.0,0.00,6.38
HR3101,HR3101,2000,07,55,46.5000,-43,50,42.000,-12.00,2.00,14.0,0.00,6.02
HR3102,11Pup,2000,07,56,51.5000,-22,52,48.000,-26.00,9.00,14.0,23.00,4.20
HR3103,HR3103,2000,07,58,05.8000,+07,12,49.000,-20.00,-7.00,35.0,0.00,6.41
HR3104,HR3104,2000,07,58,31.5000,+16,31,07.000,-6.00,-1.00,-1.0,0.00,5.99
HR3105,HR3105,2000,07,54,53.2000,-57,18,11.000,-77.00,23.00,26.0,9.00,5.63
HR3106,HR3106,2000,08,01,20.7000,+59,02,51.000,17.00,32.00,-40.0,0.00,5.77
HR3107,HR3107,2000,07,56,24.3000,-40,44,11.000,20.00,-2.00,14.0,0.00,6.78
HR3108,HR3108,2000,08,16,53.8000,+84,03,28.000,-13.00,-18.00,-3.0,0.00,6.49
HR3109,53Cam,2000,08,01,42.4000,+60,19,28.000,-37.00,-20.00,-5.0,0.00,6.01
HR3110,14CMi,2000,07,58,20.6000,+02,13,29.000,-158.00,99.00,46.0,27.00,5.29
HR3111,HR3111,2000,07,56,57.9000,-42,24,22.000,29.00,23.00,58.0,0.00,6.09
HR3112,HR3112,2000,08,02,30.8000,+63,05,25.000,-12.00,-17.00,20.0,0.00,6.40
HR3113,HR3113,2000,07,57,40.1000,-30,20,05.000,-6.00,7.00,28.0,25.00,4.79
HR3114,HR3114,2000,07,56,57.9000,-43,30,01.000,1.00,13.00,20.0,0.00,5.35
HR3115,HR3115,2000,07,59,35.1000,+13,14,32.000,-19.00,-11.00,27.0,0.00,6.02
HR3116,HR3116,2000,07,57,18.4000,-44,06,35.000,-8.00,9.00,16.0,0.00,5.09
HR3117,chCar,2000,07,56,46.7000,-52,58,56.000,-29.00,21.00,19.0,4.00,3.47
HR3118,HR3118,2000,07,57,20.0000,-47,53,25.000,-20.00,14.00,12.0,7.00,6.22
HR3119,HR3119,2000,08,02,35.8000,+57,16,25.000,-27.00,-63.00,26.0,38.00,6.49
HR3120,HR3120,2000,07,56,18.6000,-60,31,35.000,-11.00,14.00,23.0,0.00,5.74
HR3121,HR3121,2000,07,57,51.8000,-45,34,40.000,-6.00,20.00,51.0,9.00,5.17
HR3122,27Mon,2000,07,59,44.1000,-03,40,47.000,-54.00,-3.00,-29.0,8.00,4.93
HR3123,12Pup,2000,07,59,05.7000,-23,18,38.000,-12.00,1.00,11.0,-3.00,5.11
HR3124,ome1Cnc,2000,08,00,55.9000,+25,23,34.000,14.00,6.00,2.0,0.00,5.83
HR3125,HR3125,2000,08,00,48.0000,+19,48,58.000,-1.00,-13.00,28.0,0.00,6.25
HR3126,HR3126,2000,07,56,50.7000,-59,07,35.000,-24.00,-19.00,24.0,0.00,6.25
HR3127,HR3127,2000,08,01,00.7000,+23,34,59.000,-26.00,-24.00,25.0,10.00,6.34
HR3128,3Cnc,2000,08,00,47.3000,+17,18,31.000,-12.00,-2.00,41.0,0.00,5.55
HR3129,HR3129,2000,07,58,14.4000,-49,14,42.000,-11.00,8.00,19.0,0.00,4.41
HR3130,HR3130,2000,08,01,55.1000,+35,24,47.000,-43.00,-7.00,-16.0,0.00,6.34
HR3131,HR3131,2000,07,59,52.0000,-18,23,57.000,-2.00,-39.00,-12.0,21.00,4.61
HR3132,ome2Cnc,2000,08,01,43.8000,+25,05,23.000,-21.00,20.00,-9.0,0.00,6.31
HR3133,HR3133,2000,07,58,21.4000,-51,26,55.000,-46.00,34.00,10.0,0.00,6.44
HR3134,5Cnc,2000,08,01,30.3000,+16,27,19.000,4.00,-5.00,-12.0,0.00,5.99
HR3135,HR3135,2000,08,00,44.1000,-02,52,54.000,-14.00,13.00,46.0,0.00,6.51
HR3136,HR3136,2000,08,01,13.8000,+04,52,47.000,-38.00,9.00,46.0,0.00,5.65
HR3137,HR3137,2000,07,59,01.8000,-45,12,58.000,-11.00,-4.00,-3.0,0.00,5.99
HR3138,HR3138,2000,07,57,46.9000,-60,18,12.000,517.00,114.00,14.0,62.00,5.60
HR3139,HR3139,2000,07,57,12.5000,-63,17,49.000,-18.00,15.00,23.0,0.00,6.14
HR3140,HR3140,2000,07,59,28.4000,-39,17,50.000,-82.00,-43.00,-8.0,38.00,5.24
HR3141,28Mon,2000,08,01,13.3000,-01,23,33.000,68.00,-73.00,27.0,9.00,4.68
HR3142,HR3142,2000,07,59,12.3000,-49,58,36.000,0.00,15.00,13.0,0.00,6.32
HR3143,HR3143,2000,07,59,13.4000,-49,58,25.000,-8.00,13.00,23.0,0.00,6.34
HR3144,HR3144,2000,08,01,50.7000,+08,54,50.000,-2.00,22.00,4.0,0.00,6.22
HR3145,HR3145,2000,08,02,15.9000,+02,20,04.000,-31.00,105.00,71.0,24.00,4.39
HR3146,HR3146,2000,08,00,19.6000,-45,27,25.000,8.00,1.00,27.0,0.00,6.61
HR3147,HR3147,2000,07,58,50.5000,-60,49,28.000,-8.00,15.00,11.0,0.00,5.81
HR3148,HR3148,2000,08,00,14.9000,-48,58,53.000,-15.00,47.00,12.0,0.00,6.02
HR3149,chGem,2000,08,03,31.1000,+27,47,39.000,-26.00,-42.00,-11.0,16.00,4.94
HR3150,HR3150,2000,08,02,26.0000,-06,20,14.000,6.00,-14.00,-17.0,7.00,6.33
HR3151,HR3151,2000,08,00,28.9000,-48,52,17.000,-14.00,12.00,28.0,0.00,6.12
HR3152,HR3152,2000,07,59,40.2000,-60,12,27.000,4.00,3.00,23.0,0.00,6.33
HR3153,HR3153,2000,07,59,37.6000,-60,35,13.000,3.00,11.00,23.0,-1.00,5.17
HR3154,HR3154,2000,08,01,37.4000,-37,17,01.000,-17.00,8.00,-0.0,0.00,5.95
HR3155,HR3155,2000,08,02,06.2000,-37,03,02.000,16.00,-3.00,59.0,0.00,6.34
HR3156,HR3156,2000,08,00,49.9000,-54,09,05.000,-23.00,8.00,0.0,0.00,5.87
HR3157,HR3157,2000,08,01,22.9000,-54,30,54.000,-18.00,21.00,34.0,0.00,6.10
HR3158,HR3158,2000,08,04,45.2000,+18,50,32.000,-35.00,-16.00,28.0,0.00,6.15
HR3159,HR3159,2000,08,00,20.0000,-63,34,03.000,1.00,17.00,22.0,0.00,4.82
HR3160,HR3160,2000,08,03,04.1000,-32,27,50.000,-17.00,0.00,49.0,0.00,5.82
HR3161,HR3161,2000,08,01,31.5000,-55,27,18.000,-17.00,-8.00,6.0,0.00,6.28
HR3162,HR3162,2000,08,02,44.8000,-41,18,36.000,-2.00,10.00,26.0,0.00,5.52
HR3163,8Cnc,2000,08,05,04.5000,+13,07,05.000,-36.00,-67.00,21.0,23.00,5.12
HR3164,HR3164,2000,08,05,37.0000,+27,31,47.000,0.00,-9.00,-17.0,7.00,6.21
HR3165,zePup,2000,08,03,35.1000,-40,00,12.000,-27.00,12.00,-24.0,0.00,2.25
HR3166,HR3166,2000,08,03,29.5000,-42,56,55.000,-26.00,-13.00,14.0,0.00,6.29
HR3167,28Lyn,2000,08,07,09.9000,+43,15,37.000,-10.00,-34.00,9.0,0.00,6.26
HR3168,14Pup,2000,08,04,41.5000,-19,43,41.000,2.00,3.00,14.0,0.00,6.13
HR3169,mu1Cnc,2000,08,06,18.4000,+22,38,08.000,-8.00,-5.00,26.0,0.00,5.99
HR3170,HR3170,2000,08,04,16.2000,-32,40,30.000,-3.00,4.00,36.0,24.00,5.31
HR3171,HR3171,2000,07,59,16.1000,-73,14,41.000,2.00,-36.00,24.0,0.00,6.34
HR3172,HR3172,2000,08,05,49.6000,-00,34,25.000,-22.00,-13.00,34.0,0.00,6.41
HR3173,27Lyn,2000,08,08,27.4000,+51,30,24.000,-59.00,-4.00,11.0,-9.00,4.84
HR3174,HR3174,2000,08,06,27.5000,-09,14,42.000,1.00,-12.00,28.0,0.00,6.23
HR3175,HR3175,2000,08,10,03.8000,+58,14,53.000,-23.00,-75.00,34.0,0.00,5.93
HR3176,mu2Cnc,2000,08,07,45.8000,+21,34,54.000,22.00,-69.00,-36.0,34.00,5.30
HR3177,HR3177,2000,08,05,44.9000,-33,34,09.000,-6.00,10.00,33.0,0.00,6.14
HR3178,HR3178,2000,08,04,42.4000,-50,35,26.000,-1.00,1.00,27.0,0.00,5.95
HR3179,HR3179,2000,08,05,20.4000,-46,58,44.000,5.00,-9.00,24.0,0.00,6.19
HR3180,HR3180,2000,08,05,04.0000,-53,06,29.000,34.00,-6.00,18.0,20.00,5.53
HR3181,HR3181,2000,08,09,23.1000,+42,25,50.000,-8.00,-72.00,38.0,0.00,6.27
HR3182,HR3182,2000,08,12,48.8000,+68,28,27.000,0.00,8.00,-9.0,21.00,5.32
HR3183,HR3183,2000,08,07,18.0000,-20,33,17.000,-16.00,-6.00,12.0,1.00,5.38
HR3184,12Cnc,2000,08,08,42.4000,+13,38,27.000,-1.00,-17.00,-10.0,0.00,6.27
HR3185,rhPup,2000,08,07,32.6000,-24,18,15.000,-83.00,49.00,46.0,35.00,2.81
HR3186,HR3186,2000,08,04,42.9000,-62,50,10.000,-9.00,17.00,0.0,0.00,6.30
HR3187,HR3187,2000,08,06,40.4000,-45,15,59.000,0.00,0.00,25.0,-11.00,5.05
HR3188,zeMon,2000,08,08,35.6000,-02,59,02.000,-17.00,-5.00,30.0,3.00,4.34
HR3189,HR3189,2000,08,08,56.9000,-11,20,23.000,-4.00,-12.00,20.0,0.00,6.32
HR3190,HR3190,2000,08,08,43.5000,-20,21,47.000,-12.00,0.00,28.0,0.00,6.36
HR3191,psCnc,2000,08,10,27.2000,+25,30,26.000,-75.00,-348.00,-43.0,29.00,5.73
HR3192,16Pup,2000,08,09,01.6000,-19,14,42.000,-14.00,-2.00,19.0,0.00,4.40
HR3193,HR3193,2000,08,11,21.6000,+38,43,53.000,-111.00,-75.00,26.0,0.00,6.58
HR3194,HR3194,2000,08,09,28.5000,-16,14,56.000,-17.00,-7.00,33.0,0.00,5.68
HR3195,HR3195,2000,08,08,37.6000,-37,40,53.000,-2.00,3.00,30.0,0.00,6.37
HR3196,HR3196,2000,08,09,06.7000,-30,19,21.000,24.00,-1.00,-25.0,0.00,6.65
HR3197,HR3197,2000,08,24,32.9000,+82,25,51.000,-22.00,-25.00,-21.0,0.00,6.32
HR3198,HR3198,2000,08,10,58.8000,+14,37,46.000,-28.00,-14.00,24.0,0.00,6.23
HR3199,HR3199,2000,08,09,10.2000,-35,27,18.000,3.00,14.00,-14.0,0.00,6.20
HR3200,HR3200,2000,08,13,50.2000,+56,27,08.000,-22.00,-33.00,7.0,0.00,5.85
HR3201,HR3201,2000,08,11,16.6000,+09,49,16.000,-9.00,-21.00,30.0,0.00,6.07
HR3202,18Pup,2000,08,10,39.8000,-13,47,57.000,-251.00,61.00,38.0,47.00,5.54
HR3203,HR3203,2000,08,09,09.6000,-48,41,04.000,0.00,-4.00,27.0,0.00,5.70
HR3204,HR3204,2000,08,09,35.9000,-44,07,22.000,-7.00,0.00,8.0,0.00,5.21
HR3205,HR3205,2000,08,09,47.7000,-42,38,26.000,-4.00,10.00,12.0,17.00,6.26
HR3206,ga1Vel,2000,08,09,29.3000,-47,20,45.000,-4.00,-5.00,20.0,0.00,4.27
HR3207,ga2Vel,2000,08,09,32.0000,-47,20,12.000,-4.00,6.00,35.0,17.00,1.78
HR3208,ze1Cnc,2000,08,12,12.7000,+17,38,52.000,66.00,-135.00,-6.0,39.00,5.63
HR3209,ze1Cnc,2000,08,12,12.7000,+17,38,52.000,66.00,-135.00,-6.0,39.00,6.02
HR3210,ze2Cnc,2000,08,12,13.3000,+17,38,52.000,97.00,-109.00,-11.0,39.00,6.20
HR3211,19Pup,2000,08,11,16.3000,-12,55,37.000,-25.00,12.00,36.0,31.00,4.72
HR3212,HR3212,2000,08,11,33.0000,-07,46,21.000,-41.00,-21.00,-11.0,12.00,5.36
HR3213,HR3213,2000,08,09,43.2000,-47,56,15.000,3.00,1.00,5.0,0.00,5.23
HR3214,HR3214,2000,08,12,22.1000,+14,00,14.000,-26.00,-8.00,-9.0,0.00,6.54
HR3215,15Cnc,2000,08,13,08.9000,+29,39,24.000,-9.00,-18.00,20.0,0.00,5.64
HR3216,HR3216,2000,08,19,32.2000,+75,45,25.000,30.00,16.00,7.0,0.00,5.54
HR3217,HR3217,2000,08,08,24.5000,-63,48,04.000,-17.00,2.00,30.0,0.00,6.28
HR3218,HR3218,2000,08,09,33.6000,-56,05,08.000,-7.00,34.00,25.0,0.00,5.66
HR3219,HR3219,2000,08,11,01.6000,-37,17,32.000,-12.00,3.00,39.0,0.00,6.44
HR3220,HR3220,2000,08,09,00.7000,-61,18,09.000,-158.00,-297.00,25.0,55.00,4.76
HR3221,HR3221,2000,08,15,50.5000,+60,22,50.000,-13.00,7.00,-16.0,0.00,6.45
HR3222,HR3222,2000,08,12,59.8000,+16,30,51.000,-9.00,-19.00,-20.0,0.00,6.01
HR3223,epVol,2000,08,07,55.8000,-68,37,02.000,-26.00,25.00,10.0,0.00,4.35
HR3224,HR3224,2000,08,13,41.7000,+23,08,16.000,-36.00,-10.00,-2.0,0.00,6.56
HR3225,HR3225,2000,08,11,21.5000,-39,37,07.000,0.00,-4.00,16.0,-6.00,4.45
HR3226,HR3226,2000,08,11,25.9000,-42,59,14.000,4.00,4.00,19.0,4.00,4.75
HR3227,HR3227,2000,08,11,11.1000,-48,27,43.000,15.00,-4.00,15.0,0.00,5.82
HR3228,HR3228,2000,08,14,11.1000,+17,40,33.000,-5.00,11.00,-3.0,0.00,6.47
HR3229,20Pup,2000,08,13,20.0000,-15,47,18.000,-13.00,-4.00,17.0,30.00,4.99
HR3230,HR3230,2000,08,12,46.0000,-29,54,39.000,-24.00,31.00,28.0,0.00,6.52
HR3231,HR3231,2000,08,14,21.0000,+13,02,54.000,-21.00,-18.00,25.0,0.00,6.38
HR3232,HR3232,2000,08,12,00.0000,-46,38,39.000,-1.00,8.00,26.0,0.00,5.76
HR3233,HR3233,2000,08,12,51.5000,-37,55,28.000,-11.00,-2.00,27.0,0.00,6.43
HR3234,HR3234,2000,08,12,30.9000,-46,15,51.000,8.00,12.00,13.0,0.00,6.03
HR3235,29Lyn,2000,08,17,50.4000,+59,34,16.000,-6.00,3.00,-15.0,0.00,5.64
HR3236,HR3236,2000,08,20,40.3000,+72,24,26.000,4.00,-25.00,12.0,0.00,5.98
HR3237,HR3237,2000,08,13,29.6000,-35,53,59.000,2.00,-2.00,35.0,0.00,4.78
HR3238,HR3238,2000,08,13,41.1000,-33,34,09.000,33.00,19.00,26.0,0.00,6.37
HR3239,HR3239,2000,08,14,11.0000,-32,08,27.000,-2.00,6.00,-49.0,0.00,6.06
HR3240,HR3240,2000,08,13,58.4000,-36,19,21.000,10.00,-2.00,18.0,0.00,5.08
HR3241,HR3241,2000,08,13,58.8000,-36,20,28.000,10.00,-8.00,14.0,0.00,6.11
HR3242,HR3242,2000,08,14,13.2000,-35,29,26.000,-55.00,8.00,27.0,0.00,5.78
HR3243,HR3243,2000,08,14,02.9000,-40,20,53.000,47.00,-68.00,14.0,10.00,4.44
HR3244,HR3244,2000,08,13,36.2000,-46,59,31.000,3.00,-4.00,25.0,0.00,5.13
HR3245,HR3245,2000,08,19,17.3000,+62,30,26.000,-13.00,7.00,-2.0,0.00,5.71
HR3246,HR3246,2000,08,18,15.8000,+54,08,37.000,-24.00,-38.00,25.0,0.00,6.27
HR3247,HR3247,2000,08,13,34.1000,-50,11,46.000,9.00,-4.00,-7.0,7.00,5.51
HR3248,HR3248,2000,08,16,33.9000,+11,43,35.000,12.00,-10.00,32.0,21.00,7.13
HR3249,beCnc,2000,08,16,30.9000,+09,11,08.000,-44.00,-49.00,22.0,12.00,3.52
HR3250,HR3250,2000,08,14,23.9000,-45,50,04.000,-4.00,8.00,20.0,0.00,5.83
HR3251,HR3251,2000,08,15,52.5000,-30,55,33.000,-47.00,-5.00,6.0,9.00,6.21
HR3252,HR3252,2000,08,17,31.7000,+08,51,58.000,-12.00,-13.00,29.0,0.00,6.29
HR3253,HR3253,2000,08,15,58.9000,-35,54,10.000,5.00,15.00,30.0,0.00,6.16
HR3254,30Lyn,2000,08,20,26.1000,+57,44,36.000,61.00,14.00,-15.0,0.00,5.89
HR3255,HR3255,2000,08,16,54.2000,-21,19,13.000,-16.00,26.00,10.0,0.00,6.60
HR3256,HR3256,2000,08,15,23.3000,-50,26,58.000,-12.00,-20.00,10.0,0.00,6.44
HR3257,21Pup,2000,08,17,23.1000,-16,17,06.000,-20.00,-8.00,0.0,0.00,6.16
HR3258,HR3258,2000,08,20,29.1000,+53,34,28.000,-65.00,-92.00,11.0,0.00,6.49
HR3259,HR3259,2000,08,18,23.9000,-12,37,55.000,267.00,-979.00,30.0,82.00,5.98
HR3260,HR3260,2000,08,15,15.9000,-62,54,57.000,-23.00,-22.00,4.0,31.00,5.16
HR3261,HR3261,2000,08,17,58.3000,-30,00,12.000,41.00,14.00,-12.0,0.00,6.45
HR3262,chCnc,2000,08,20,03.9000,+27,13,04.000,-18.00,-378.00,33.0,61.00,5.14
HR3263,HR3263,2000,08,22,44.1000,+60,37,52.000,8.00,-2.00,-6.0,15.00,6.41
HR3264,HR3264,2000,08,20,21.0000,+20,44,52.000,60.00,-47.00,-17.0,0.00,5.83
HR3265,HR3265,2000,08,19,15.1000,-10,09,57.000,-41.00,38.00,32.0,0.00,6.32
HR3266,HR3266,2000,08,18,17.4000,-35,27,06.000,18.00,2.00,-9.0,0.00,5.58
HR3267,HR3267,2000,08,18,12.6000,-37,22,27.000,-22.00,19.00,17.0,9.00,6.70
HR3268,laCnc,2000,08,20,32.1000,+24,01,20.000,-23.00,-21.00,23.0,0.00,5.98
HR3269,HR3269,2000,08,19,49.9000,+03,56,52.000,34.00,-30.00,-47.0,0.00,6.05
HR3270,HR3270,2000,08,18,33.3000,-36,39,34.000,-106.00,97.00,5.0,57.00,4.45
HR3271,HR3271,2000,08,20,13.1000,-00,54,34.000,56.00,-94.00,10.0,0.00,6.18
HR3272,HR3272,2000,08,20,17.1000,-05,19,45.000,24.00,-27.00,-37.0,0.00,6.13
HR3273,HR3273,2000,08,19,29.4000,-34,35,25.000,-18.00,0.00,12.0,0.00,6.43
HR3274,HR3274,2000,08,17,55.8000,-59,10,01.000,-44.00,-32.00,-2.0,0.00,6.42
HR3275,31Lyn,2000,08,22,50.1000,+43,11,17.000,-21.00,-96.00,24.0,23.00,4.25
HR3276,HR3276,2000,08,20,27.4000,-22,55,29.000,-11.00,1.00,26.0,0.00,6.13
HR3277,HR3277,2000,08,23,48.5000,+53,13,11.000,-26.00,-95.00,21.0,30.00,5.51
HR3278,HR3278,2000,08,21,20.2000,-01,36,08.000,-17.00,-41.00,29.0,9.00,6.50
HR3279,HR3279,2000,08,21,21.2000,-20,04,45.000,-1.00,-13.00,-8.0,0.00,5.58
HR3280,HR3280,2000,08,18,18.9000,-65,36,48.000,27.00,20.00,0.0,13.00,5.07
HR3281,HR3281,2000,08,21,54.6000,-17,35,11.000,-96.00,-14.00,69.0,0.00,5.75
HR3282,HR3282,2000,08,21,23.0000,-33,03,16.000,-8.00,4.00,33.0,30.00,4.83
HR3283,HR3283,2000,08,21,21.0000,-36,29,04.000,-5.00,-3.00,16.0,0.00,5.20
HR3284,20Cnc,2000,08,23,21.8000,+18,19,56.000,-54.00,-28.00,36.0,11.00,5.95
HR3285,HR3285,2000,08,22,30.2000,-06,10,45.000,-62.00,3.00,18.0,0.00,6.15
HR3286,HR3286,2000,08,21,24.2000,-39,37,15.000,11.00,2.00,-12.0,0.00,6.16
HR3287,HR3287,2000,08,24,42.8000,+42,00,18.000,15.00,7.00,27.0,0.00,6.02
HR3288,HR3288,2000,08,22,54.0000,-07,32,36.000,-23.00,2.00,50.0,0.00,5.96
HR3289,22Pup,2000,08,22,46.8000,-13,03,17.000,-51.00,-43.00,-17.0,0.00,6.11
HR3290,21Cnc,2000,08,23,55.2000,+10,37,55.000,4.00,-23.00,3.0,0.00,6.08
HR3291,HR3291,2000,08,22,49.9000,-26,20,53.000,-7.00,8.00,65.0,-9.00,5.90
HR3292,HR3292,2000,08,25,04.9000,+35,00,41.000,-12.00,-12.00,33.0,0.00,6.06
HR3293,HR3293,2000,08,21,12.0000,-57,58,23.000,-7.00,9.00,20.0,0.00,5.97
HR3294,HR3294,2000,08,22,31.6000,-48,29,25.000,-13.00,8.00,27.0,0.00,4.82
HR3295,HR3295,2000,08,24,36.4000,-04,43,01.000,22.00,-51.00,-35.0,0.00,6.01
HR3296,HR3296,2000,08,23,17.2000,-38,17,09.000,28.00,-3.00,-9.0,0.00,6.32
HR3297,1Hya,2000,08,24,35.0000,-03,45,04.000,-210.00,-24.00,72.0,57.00,5.61
HR3298,HR3298,2000,08,21,07.7000,-64,06,22.000,-4.00,-25.00,-3.0,0.00,6.12
HR3299,25Cnc,2000,08,25,49.9000,+17,02,46.000,-192.00,-151.00,38.0,35.00,6.14
HR3300,HR3300,2000,08,22,55.2000,-52,07,26.000,-10.00,8.00,3.0,0.00,5.85
HR3301,ka1Vol,2000,08,19,49.0000,-71,30,54.000,-13.00,30.00,36.0,0.00,5.37
HR3302,ka2Vol,2000,08,20,00.7000,-71,30,19.000,-8.00,44.00,-6.0,0.00,5.65
HR3303,HR3303,2000,08,29,46.2000,+67,17,51.000,-66.00,10.00,-3.0,0.00,5.88
HR3304,ph1Cnc,2000,08,26,27.7000,+27,53,37.000,-33.00,-114.00,24.0,0.00,5.57
HR3305,HR3305,2000,08,25,35.5000,+02,06,08.000,-20.00,-6.00,12.0,0.00,5.73
HR3306,HR3306,2000,08,25,54.8000,+07,33,52.000,-34.00,-12.00,15.0,16.00,5.13
HR3307,epCar,2000,08,22,30.8000,-59,30,35.000,-26.00,14.00,2.0,0.00,1.86
HR3308,HR3308,2000,08,24,55.1000,-23,09,13.000,-41.00,42.00,26.0,0.00,5.68
HR3309,HR3309,2000,08,27,36.8000,+45,39,11.000,-17.00,-350.00,-34.0,46.00,6.32
HR3310,ph2Cnc,2000,08,26,46.8000,+26,56,04.000,-14.00,2.00,-25.0,10.00,6.32
HR3311,ph2Cnc,2000,08,26,47.0000,+26,56,07.000,-16.00,-3.00,-29.0,10.00,6.30
HR3312,24Cnc,2000,08,26,39.8000,+24,32,03.000,-41.00,-80.00,15.0,21.00,7.02
HR3313,24Cnc,2000,08,26,40.1000,+24,32,07.000,-45.00,-85.00,19.0,21.00,7.81
HR3314,HR3314,2000,08,25,39.6000,-03,54,23.000,-66.00,-23.00,10.0,26.00,3.90
HR3315,HR3315,2000,08,25,03.7000,-24,02,46.000,-28.00,26.00,26.0,31.00,5.28
HR3316,HR3316,2000,08,25,19.1000,-21,02,45.000,-19.00,61.00,-2.0,0.00,6.01
HR3317,HR3317,2000,08,25,39.4000,-17,26,22.000,-7.00,-5.00,-13.0,0.00,6.44
HR3318,alCha,2000,08,18,31.6000,-76,55,11.000,110.00,108.00,-14.0,53.00,4.07
HR3319,27Cnc,2000,08,26,43.9000,+12,39,16.000,-20.00,-104.00,-7.0,30.00,5.50
HR3320,HR3320,2000,08,25,55.6000,-14,55,47.000,-10.00,40.00,9.0,0.00,5.98
HR3321,2Hya,2000,08,26,27.2000,-03,59,15.000,-53.00,-61.00,27.0,28.00,5.59
HR3322,HR3322,2000,08,24,57.2000,-42,46,10.000,-11.00,19.00,23.0,0.00,5.98
HR3323,omiUMa,2000,08,30,15.9000,+60,43,05.000,-133.00,-107.00,20.0,9.00,3.36
HR3324,HR3324,2000,08,26,41.9000,-12,32,04.000,-91.00,-18.00,61.0,0.00,5.54
HR3325,HR3325,2000,08,27,17.2000,-06,24,35.000,-40.00,-30.00,7.0,0.00,6.59
HR3326,HR3326,2000,08,25,51.9000,-42,09,12.000,-9.00,3.00,28.0,0.00,5.47
HR3327,HR3327,2000,08,26,17.6000,-39,03,34.000,-17.00,-8.00,28.0,5.00,6.53
HR3328,HR3328,2000,08,26,18.2000,-39,03,37.000,-11.00,6.00,19.0,5.00,7.25
HR3329,28Cnc,2000,08,28,36.8000,+24,08,41.000,-31.00,-58.00,9.0,0.00,6.10
HR3330,HR3330,2000,08,25,31.0000,-51,43,41.000,-41.00,-12.00,18.0,0.00,5.17
HR3331,HR3331,2000,08,26,50.8000,-29,12,55.000,-5.00,17.00,37.0,0.00,6.73
HR3332,HR3332,2000,08,32,53.4000,+69,19,12.000,30.00,-27.00,-30.0,0.00,6.31
HR3333,29Cnc,2000,08,28,37.3000,+14,12,39.000,-14.00,-11.00,2.0,0.00,5.95
HR3334,etVol,2000,08,22,04.4000,-73,24,00.000,-34.00,31.00,20.0,10.00,5.29
HR3335,HR3335,2000,08,27,33.3000,-20,50,38.000,10.00,-8.00,1.0,0.00,6.56
HR3336,HR3336,2000,08,27,16.4000,-31,40,23.000,-16.00,-11.00,-1.0,0.00,6.33
HR3337,HR3337,2000,08,28,29.2000,-02,31,02.000,-5.00,-16.00,-14.0,15.00,6.39
HR3338,HR3338,2000,08,28,19.7000,-08,48,58.000,-1.00,-40.00,11.0,0.00,6.43
HR3339,HR3339,2000,08,27,53.5000,-26,07,57.000,-55.00,-2.00,26.0,0.00,6.62
HR3340,thCha,2000,08,20,38.5000,-77,29,04.000,-134.00,42.00,22.0,36.00,4.35
HR3341,HR3341,2000,08,26,25.2000,-52,48,27.000,-37.00,-3.00,30.0,0.00,6.05
HR3342,HR3342,2000,08,28,50.9000,-09,44,54.000,-12.00,8.00,3.0,0.00,6.00
HR3343,HR3343,2000,08,27,59.3000,-35,06,50.000,-23.00,2.00,25.0,0.00,5.75
HR3344,HR3344,2000,08,28,35.9000,-23,04,18.000,-43.00,-22.00,54.0,0.00,6.51
HR3345,HR3345,2000,08,28,53.3000,-20,57,01.000,-12.00,-8.00,7.0,0.00,6.67
HR3346,HR3346,2000,08,25,51.6000,-64,36,03.000,-12.00,7.00,19.0,0.00,5.97
HR3347,beVol,2000,08,25,44.2000,-66,08,13.000,-36.00,-155.00,27.0,42.00,3.77
HR3348,HR3348,2000,08,31,19.9000,+37,15,57.000,-16.00,1.00,16.0,0.00,6.18
HR3349,HR3349,2000,08,27,27.4000,-55,00,42.000,-18.00,-10.00,20.0,0.00,6.53
HR3350,HR3350,2000,08,27,36.5000,-53,05,19.000,-68.00,13.00,25.0,21.00,5.09
HR3351,HR3351,2000,08,32,33.5000,+53,06,53.000,13.00,-77.00,44.0,0.00,6.24
HR3352,HR3352,2000,08,36,48.7000,+74,43,25.000,-17.00,-23.00,-6.0,0.00,6.31
HR3353,HR3353,2000,08,29,27.6000,-27,19,57.000,0.00,-8.00,6.0,0.00,6.70
HR3354,2UMa,2000,08,34,36.2000,+65,08,42.000,-49.00,-63.00,-16.0,17.00,5.47
HR3355,up1Cnc,2000,08,31,30.5000,+24,04,52.000,-82.00,-44.00,19.0,0.00,5.75
HR3356,HR3356,2000,08,29,07.6000,-44,09,38.000,-3.00,4.00,3.0,0.00,5.79
HR3357,thCnc,2000,08,31,35.7000,+18,05,40.000,-61.00,-58.00,45.0,0.00,5.35
HR3358,HR3358,2000,08,29,04.7000,-47,55,45.000,-11.00,-1.00,29.0,0.00,5.33
HR3359,HR3359,2000,08,29,27.6000,-44,43,30.000,4.00,-3.00,22.0,0.00,4.99
HR3360,HR3360,2000,08,32,55.0000,+38,00,59.000,-103.00,-169.00,15.0,11.00,5.90
HR3361,HR3361,2000,08,31,54.6000,+09,48,52.000,3.00,-7.00,8.0,0.00,6.83
HR3362,HR3362,2000,08,30,28.6000,-32,09,34.000,-16.00,-5.00,19.0,0.00,5.65
HR3363,HR3363,2000,08,29,45.6000,-46,19,55.000,-29.00,2.00,12.0,0.00,5.99
HR3364,HR3364,2000,08,30,29.6000,-36,43,16.000,-19.00,12.00,25.0,0.00,6.69
HR3365,32Lyn,2000,08,33,21.8000,+36,26,11.000,-143.00,1.00,0.0,32.00,6.24
HR3366,etCnc,2000,08,32,42.5000,+20,26,28.000,-47.00,-43.00,24.0,13.00,5.33
HR3367,HR3367,2000,08,31,30.9000,-19,34,39.000,-33.00,-7.00,12.0,3.00,5.42
HR3368,HR3368,2000,08,29,36.3000,-55,11,28.000,-15.00,-15.00,-12.0,0.00,6.36
HR3369,up2Cnc,2000,08,33,00.1000,+24,05,05.000,-68.00,-47.00,75.0,27.00,6.36
HR3370,HR3370,2000,08,27,16.9000,-70,05,36.000,-8.00,48.00,13.0,0.00,5.53
HR3371,HR3371,2000,08,30,39.2000,-44,44,14.000,-13.00,11.00,24.0,0.00,6.30
HR3372,34Cnc,2000,08,32,39.9000,+10,03,58.000,3.00,-5.00,-11.0,0.00,6.46
HR3373,HR3373,2000,08,31,24.6000,-39,03,51.000,-17.00,4.00,11.0,0.00,6.31
HR3374,HR3374,2000,08,32,33.3000,-15,01,46.000,-50.00,52.00,23.0,0.00,6.38
HR3375,HR3375,2000,08,31,10.8000,-47,52,00.000,1.00,2.00,11.0,0.00,6.39
HR3376,HR3376,2000,08,33,45.1000,+13,15,26.000,-29.00,-45.00,28.0,0.00,6.28
HR3377,33Lyn,2000,08,34,43.8000,+36,25,10.000,-31.00,-44.00,25.0,0.00,5.78
HR3378,HR3378,2000,08,33,43.5000,+04,45,24.000,-5.00,-13.00,1.0,0.00,5.87
HR3379,HR3379,2000,08,39,42.6000,+73,37,47.000,-15.00,-99.00,16.0,15.00,6.15
HR3380,HR3380,2000,08,34,13.3000,+08,27,07.000,-3.00,-31.00,11.0,0.00,6.03
HR3381,HR3381,2000,08,33,04.8000,-24,36,23.000,-7.00,-16.00,-8.0,16.00,6.19
HR3382,HR3382,2000,08,31,29.6000,-54,23,39.000,20.00,-47.00,-7.0,0.00,6.34
HR3383,HR3383,2000,08,34,01.6000,-02,09,06.000,-32.00,20.00,4.0,0.00,5.81
HR3384,HR3384,2000,08,32,51.5000,-31,30,03.000,-1110.00,765.00,16.0,86.00,6.38
HR3385,HR3385,2000,08,32,58.6000,-34,38,02.000,-10.00,4.00,6.0,0.00,6.36
HR3386,HR3386,2000,08,32,04.8000,-53,12,44.000,-21.00,7.00,19.0,0.00,5.69
HR3387,35Cnc,2000,08,35,19.4000,+19,35,24.000,-36.00,-10.00,36.0,0.00,6.58
HR3388,HR3388,2000,08,33,19.9000,-38,22,16.000,0.00,-7.00,10.0,0.00,6.49
HR3389,HR3389,2000,08,33,38.3000,-38,50,56.000,-34.00,6.00,28.0,0.00,5.96
HR3390,HR3390,2000,08,33,30.4000,-46,58,16.000,11.00,-9.00,23.0,0.00,6.24
HR3391,pi1UMa,2000,08,39,11.7000,+65,01,15.000,-24.00,88.00,-12.0,73.00,5.64
HR3392,HR3392,2000,08,35,24.9000,+02,44,37.000,-6.00,7.00,-4.0,0.00,6.33
HR3393,HR3393,2000,08,24,19.8000,-80,54,51.000,-149.00,216.00,27.0,0.00,5.69
HR3394,HR3394,2000,08,36,07.7000,+15,18,49.000,8.00,-24.00,4.0,0.00,6.32
HR3395,HR3395,2000,08,35,51.0000,+06,37,12.000,-128.00,-143.00,25.0,52.00,5.99
HR3396,HR3396,2000,08,35,51.3000,+06,37,21.000,-128.00,-143.00,27.0,52.00,7.25
HR3397,HR3397,2000,08,34,31.7000,-32,35,55.000,-44.00,-133.00,8.0,0.00,6.43
HR3398,3Hya,2000,08,35,28.2000,-07,58,56.000,-20.00,13.00,24.0,0.00,5.72
HR3399,HR3399,2000,08,34,29.3000,-37,36,41.000,-7.00,1.00,23.0,0.00,6.30
HR3400,HR3400,2000,08,38,22.2000,+53,24,05.000,-78.00,-17.00,-43.0,0.00,5.66
HR3401,HR3401,2000,08,39,10.2000,+59,56,22.000,-19.00,-33.00,-14.0,0.00,6.48
HR3402,HR3402,2000,08,35,28.8000,-26,50,37.000,-22.00,14.00,9.0,0.00,5.96
HR3403,pi2UMa,2000,08,40,12.8000,+64,19,40.000,-60.00,23.00,15.0,16.00,4.60
HR3404,HR3404,2000,08,35,12.6000,-39,58,12.000,87.00,53.00,34.0,0.00,6.47
HR3405,HR3405,2000,08,39,00.0000,+52,55,30.000,-22.00,-32.00,39.0,0.00,6.42
HR3406,36Cnc,2000,08,37,05.8000,+09,39,20.000,-29.00,-3.00,17.0,0.00,5.88
HR3407,HR3407,2000,08,34,43.6000,-49,56,39.000,-12.00,16.00,4.0,9.00,5.01
HR3408,HR3408,2000,08,39,17.6000,+52,42,42.000,-29.00,-28.00,27.0,0.00,5.91
HR3409,HR3409,2000,08,38,19.0000,+32,48,07.000,-24.00,-10.00,4.0,0.00,5.94
HR3410,deHya,2000,08,37,39.4000,+05,42,13.000,-66.00,-7.00,11.0,33.00,4.16
HR3411,HR3411,2000,08,37,27.1000,-04,56,01.000,-6.00,21.00,18.0,0.00,6.19
HR3412,37Cnc,2000,08,38,05.2000,+09,34,29.000,-39.00,-7.00,28.0,0.00,6.53
HR3413,HR3413,2000,08,35,52.1000,-50,58,12.000,-4.00,-4.00,23.0,0.00,5.80
HR3414,HR3414,2000,08,35,19.6000,-58,00,33.000,42.00,22.00,24.0,17.00,4.86
HR3415,HR3415,2000,08,35,15.4000,-58,13,30.000,-32.00,6.00,21.0,0.00,5.26
HR3416,HR3416,2000,08,38,20.3000,-06,39,45.000,0.00,-5.00,30.0,0.00,6.51
HR3417,HR3417,2000,08,32,42.2000,-73,21,24.000,-38.00,82.00,-27.0,0.00,6.12
HR3418,siHya,2000,08,38,45.4000,+03,20,29.000,-18.00,-18.00,25.0,35.00,4.44
HR3419,HR3419,2000,08,37,29.7000,-33,44,45.000,-21.00,-46.00,12.0,0.00,6.48
HR3420,etPyx,2000,08,37,52.2000,-26,15,18.000,-20.00,-6.00,31.0,38.00,5.27
HR3421,HR3421,2000,08,37,19.9000,-40,08,51.000,-308.00,33.00,-2.0,59.00,6.55
HR3422,34Lyn,2000,08,41,01.1000,+45,50,02.000,25.00,92.00,-37.0,15.00,5.37
HR3423,HR3423,2000,08,40,18.3000,+31,56,31.000,-35.00,-28.00,13.0,0.00,6.10
HR3424,HR3424,2000,08,39,24.6000,+08,01,02.000,-25.00,-37.00,17.0,0.00,6.45
HR3425,HR3425,2000,08,38,40.3000,-19,44,13.000,14.00,6.00,0.0,5.00,6.33
HR3426,HR3426,2000,08,37,38.7000,-42,59,21.000,-6.00,8.00,19.0,18.00,4.14
HR3427,39Cnc,2000,08,40,06.4000,+20,00,28.000,-36.00,-15.00,35.0,0.00,6.39
HR3428,HR3428,2000,08,40,22.1000,+19,40,12.000,-35.00,-17.00,36.0,0.00,6.44
HR3429,epCnc,2000,08,40,27.0000,+19,32,42.000,-39.00,-6.00,30.0,0.00,6.30
HR3430,HR3430,2000,08,39,08.0000,-22,39,43.000,-235.00,436.00,43.0,63.00,5.05
HR3431,6Hya,2000,08,40,01.5000,-12,28,31.000,-81.00,-2.00,-11.0,23.00,4.98
HR3432,HR3432,2000,08,37,18.8000,-62,51,13.000,-8.00,-25.00,21.0,20.00,5.47
HR3433,zePyx,2000,08,39,42.5000,-29,33,40.000,-20.00,-89.00,-32.0,21.00,4.89
HR3434,HR3434,2000,08,39,22.1000,-36,36,25.000,-171.00,40.00,9.0,24.00,6.13
HR3435,HR3435,2000,08,38,44.9000,-53,05,26.000,-9.00,13.00,11.0,0.00,6.47
HR3436,HR3436,2000,08,43,00.2000,+46,54,04.000,-39.00,-45.00,-7.0,0.00,6.22
HR3437,HR3437,2000,08,41,01.6000,-09,03,07.000,-33.00,2.00,10.0,0.00,6.63
HR3438,bePyx,2000,08,40,06.2000,-35,18,30.000,12.00,-22.00,-13.0,18.00,3.97
HR3439,HR3439,2000,08,40,19.3000,-40,15,51.000,-44.00,-4.00,21.0,0.00,5.20
HR3440,HR3440,2000,08,39,23.8000,-53,26,23.000,-29.00,19.00,15.0,0.00,5.48
HR3441,9Hya,2000,08,41,43.3000,-15,56,36.000,1.00,-98.00,-2.0,32.00,4.88
HR3442,HR3442,2000,08,39,57.6000,-53,03,18.000,-22.00,12.00,14.0,0.00,5.19
HR3443,HR3443,2000,08,39,13.2000,-60,19,02.000,-32.00,26.00,9.0,13.00,6.36
HR3444,HR3444,2000,08,40,35.3000,-45,11,29.000,13.00,-3.00,13.0,0.00,5.71
HR3445,HR3445,2000,08,40,37.6000,-46,38,56.000,0.00,3.00,25.0,31.00,3.84
HR3446,HR3446,2000,08,42,09.8000,-11,57,58.000,-31.00,-22.00,2.0,0.00,6.45
HR3447,HR3447,2000,08,40,17.6000,-52,55,19.000,-22.00,19.00,16.0,0.00,3.62
HR3448,HR3448,2000,08,40,17.4000,-53,00,55.000,-29.00,30.00,15.0,0.00,5.61
HR3449,gaCnc,2000,08,43,17.1000,+21,28,07.000,-106.00,-39.00,29.0,16.00,4.66
HR3450,45Cnc,2000,08,43,12.3000,+12,40,51.000,-12.00,2.00,-13.0,0.00,5.64
HR3451,HR3451,2000,08,44,10.1000,+36,55,05.000,-34.00,-94.00,4.0,0.00,6.33
HR3452,HR3452,2000,08,41,13.1000,-47,19,01.000,-12.00,7.00,17.0,-0.00,4.77
HR3453,HR3453,2000,08,41,05.3000,-48,55,21.000,-5.00,7.00,18.0,0.00,5.90
HR3454,etHya,2000,08,43,13.5000,+03,23,55.000,-19.00,-1.00,17.0,0.00,4.30
HR3455,HR3455,2000,08,40,43.6000,-57,32,43.000,-15.00,25.00,14.0,22.00,6.34
HR3456,HR3456,2000,08,41,56.9000,-45,24,39.000,-3.00,-2.00,24.0,0.00,5.23
HR3457,HR3457,2000,08,40,37.0000,-59,45,40.000,-1.00,0.00,13.0,0.00,4.33
HR3458,HR3458,2000,08,43,59.7000,+04,20,05.000,-32.00,-5.00,34.0,0.00,6.37
HR3459,HR3459,2000,08,43,40.4000,-07,14,01.000,-2.00,3.00,31.0,7.00,4.62
HR3460,thVol,2000,08,39,05.2000,-70,23,13.000,18.00,-40.00,13.0,6.00,5.20
HR3461,deCnc,2000,08,44,41.1000,+18,09,15.000,-18.00,-228.00,17.0,25.00,3.94
HR3462,HR3462,2000,08,42,16.0000,-48,05,57.000,-24.00,-8.00,42.0,0.00,5.51
HR3463,HR3463,2000,08,42,57.0000,-35,56,36.000,0.00,18.00,8.0,0.00,6.42
HR3464,46Cnc,2000,08,45,21.4000,+30,41,52.000,-2.00,-6.00,-12.0,8.00,6.13
HR3465,49Cnc,2000,08,44,45.0000,+10,04,54.000,-16.00,-19.00,24.0,0.00,5.66
HR3466,HR3466,2000,08,42,18.9000,-53,06,00.000,-29.00,23.00,17.0,0.00,5.52
HR3467,HR3467,2000,08,42,25.5000,-53,06,50.000,-15.00,22.00,22.0,0.00,4.86
HR3468,alPyx,2000,08,43,35.5000,-33,11,11.000,-11.00,11.00,15.0,0.00,3.68
HR3469,10Hya,2000,08,45,01.3000,+05,40,50.000,-1.00,-5.00,-9.0,0.00,6.13
HR3470,HR3470,2000,08,48,49.4000,+66,42,29.000,-11.00,-39.00,5.0,0.00,6.20
HR3471,HR3471,2000,08,42,20.9000,-55,46,27.000,-72.00,53.00,75.0,0.00,6.29
HR3472,HR3472,2000,08,45,20.8000,-02,36,03.000,5.00,-6.00,-18.0,5.00,6.41
HR3473,HR3473,2000,08,44,55.2000,-21,10,04.000,-20.00,1.00,-15.0,0.00,6.11
HR3474,ioCnc,2000,08,46,40.0000,+28,45,55.000,-18.00,-41.00,15.0,17.00,6.57
HR3475,ioCnc,2000,08,46,41.8000,+28,45,36.000,-25.00,-42.00,16.0,17.00,4.02
HR3476,HR3476,2000,08,43,40.3000,-49,49,22.000,2.00,4.00,28.0,0.00,5.16
HR3477,HR3477,2000,08,44,24.0000,-42,38,57.000,-12.00,18.00,-2.0,51.00,4.07
HR3478,HR3478,2000,08,46,02.5000,-02,02,56.000,43.00,42.00,10.0,0.00,5.70
HR3479,HR3479,2000,08,44,51.9000,-37,08,50.000,-8.00,1.00,12.0,0.00,5.76
HR3480,HR3480,2000,08,46,06.9000,-11,00,23.000,-18.00,27.00,34.0,0.00,6.25
HR3481,50Cnc,2000,08,46,56.0000,+12,06,36.000,-68.00,-52.00,23.0,0.00,5.87
HR3482,epHya,2000,08,46,46.6000,+06,25,08.000,-189.00,-51.00,36.0,27.00,3.38
HR3483,HR3483,2000,08,45,49.3000,-25,23,15.000,-29.00,32.00,9.0,0.00,6.10
HR3484,12Hya,2000,08,46,22.5000,-13,32,52.000,16.00,-11.00,-8.0,13.00,4.32
HR3485,deVel,2000,08,44,42.2000,-54,42,30.000,23.00,-78.00,2.0,51.00,1.96
HR3486,HR3486,2000,08,47,15.0000,-01,53,50.000,-33.00,4.00,2.0,20.00,5.29
HR3487,HR3487,2000,08,46,01.7000,-46,02,30.000,-1.00,0.00,24.0,3.00,3.91
HR3488,HR3488,2000,08,46,23.8000,-41,07,32.000,-18.00,-1.00,23.0,0.00,6.21
HR3489,HR3489,2000,08,45,05.3000,-58,43,30.000,-31.00,-20.00,28.0,6.00,6.21
HR3490,HR3490,2000,08,46,49.2000,-34,37,22.000,-21.00,7.00,15.0,0.00,6.37
HR3491,HR3491,2000,08,43,54.3000,-68,12,42.000,1.00,27.00,-17.0,0.00,6.32
HR3492,rhHya,2000,08,48,26.0000,+05,50,16.000,-17.00,-34.00,33.0,14.00,4.36
HR3493,HR3493,2000,08,48,04.9000,-06,33,31.000,12.00,-21.00,-5.0,0.00,6.09
HR3494,HR3494,2000,08,46,30.6000,-45,54,46.000,6.00,-12.00,26.0,0.00,5.46
HR3495,HR3495,2000,08,44,30.0000,-65,49,32.000,-62.00,101.00,9.0,0.00,6.05
HR3496,HR3496,2000,08,47,18.9000,-46,09,20.000,3.00,-8.00,32.0,0.00,5.75
HR3497,HR3497,2000,08,47,40.5000,-41,44,14.000,0.00,-242.00,14.0,29.00,6.36
HR3498,HR3498,2000,08,46,42.5000,-56,46,11.000,-10.00,8.00,27.0,0.00,4.49
HR3499,HR3499,2000,08,50,32.2000,+33,17,07.000,-67.00,-81.00,5.0,0.00,6.25
HR3500,14Hya,2000,08,49,21.7000,-03,26,35.000,-20.00,-23.00,33.0,0.00,5.31
HR3501,HR3501,2000,08,48,08.8000,-42,27,50.000,-3.00,-9.00,30.0,0.00,6.43
HR3502,etCha,2000,08,41,19.5000,-78,57,48.000,-31.00,26.00,14.0,0.00,5.47
HR3503,HR3503,2000,08,48,00.2000,-52,51,02.000,-26.00,7.00,12.0,0.00,6.30
HR3504,HR3504,2000,08,50,45.1000,+18,49,56.000,-15.00,-20.00,19.0,0.00,6.16
HR3505,5UMa,2000,08,53,22.6000,+61,57,44.000,-10.00,20.00,-31.0,0.00,5.73
HR3506,HR3506,2000,08,53,05.9000,+59,03,22.000,14.00,3.00,9.0,0.00,6.25
HR3507,HR3507,2000,08,49,44.9000,-21,02,55.000,6.00,-64.00,-17.0,0.00,6.47
HR3508,35Lyn,2000,08,51,56.8000,+43,43,36.000,-15.00,48.00,15.0,18.00,5.15
HR3509,HR3509,2000,08,52,11.6000,+45,18,45.000,-26.00,-37.00,12.0,0.00,5.99
HR3510,54Cnc,2000,08,51,01.5000,+15,21,02.000,-112.00,75.00,45.0,0.00,6.38
HR3511,HR3511,2000,08,52,10.0000,+42,00,09.000,-39.00,-71.00,57.0,0.00,5.99
HR3512,HR3512,2000,08,49,51.5000,-32,46,50.000,2.00,-49.00,-8.0,28.00,5.21
HR3513,HR3513,2000,08,50,02.2000,-29,27,47.000,-14.00,7.00,-10.0,0.00,5.87
HR3514,HR3514,2000,08,49,39.2000,-40,19,14.000,-8.00,-14.00,17.0,36.00,5.48
HR3516,HR3516,2000,08,50,21.6000,-28,37,05.000,-21.00,-22.00,25.0,0.00,6.17
HR3517,HR3517,2000,08,49,52.4000,-39,08,30.000,-58.00,38.00,9.0,0.00,6.39
HR3518,gaPyx,2000,08,50,31.9000,-27,42,36.000,-130.00,87.00,25.0,33.00,4.01
HR3519,si1Cnc,2000,08,52,34.6000,+32,28,27.000,-3.00,16.00,-14.0,0.00,5.66
HR3520,HR3520,2000,08,49,47.7000,-45,18,29.000,-10.00,10.00,5.0,12.00,4.93
HR3521,53Cnc,2000,08,52,28.6000,+28,15,33.000,-17.00,-4.00,11.0,1.00,6.23
HR3522,rh1Cnc,2000,08,52,35.8000,+28,19,51.000,-484.00,-234.00,27.0,74.00,5.95
HR3523,15Hya,2000,08,51,34.5000,-07,10,38.000,-44.00,1.00,37.0,11.00,5.54
HR3524,HR3524,2000,08,43,12.4000,-79,04,11.000,-29.00,40.00,26.0,0.00,6.05
HR3525,HR3525,2000,08,50,21.0000,-42,05,24.000,-11.00,-7.00,23.0,0.00,6.00
HR3526,HR3526,2000,08,52,24.2000,+05,20,24.000,-4.00,-15.00,-10.0,0.00,6.33
HR3527,HR3527,2000,08,50,33.5000,-46,31,45.000,-1.00,-2.00,7.0,0.00,5.10
HR3528,HR3528,2000,08,53,55.7000,+35,32,18.000,-24.00,-17.00,25.0,0.00,6.14
HR3529,HR3529,2000,08,52,30.7000,-13,14,01.000,25.00,-19.00,14.0,0.00,6.13
HR3530,HR3530,2000,08,51,27.9000,-42,30,16.000,-22.00,27.00,24.0,0.00,6.55
HR3531,6UMa,2000,08,56,37.5000,+64,36,14.000,-26.00,-81.00,3.0,0.00,5.58
HR3532,57Cnc,2000,08,54,14.7000,+30,34,46.000,38.00,-19.00,-60.0,5.00,5.39
HR3533,HR3533,2000,08,52,26.1000,-32,30,33.000,-8.00,-6.00,1.0,0.00,6.50
HR3534,HR3534,2000,08,52,38.6000,-36,32,44.000,-15.00,-17.00,18.0,0.00,6.42
HR3535,HR3535,2000,08,52,48.0000,-38,43,27.000,-1.00,13.00,21.0,0.00,5.82
HR3536,HR3536,2000,08,51,36.6000,-57,38,01.000,-11.00,14.00,8.0,0.00,5.59
HR3537,HR3537,2000,08,50,34.8000,-66,47,35.000,89.00,97.00,42.0,31.00,5.35
HR3538,HR3538,2000,08,54,17.9000,-05,26,04.000,-416.00,31.00,28.0,85.00,6.00
HR3539,HR3539,2000,08,52,38.6000,-48,21,33.000,-9.00,-6.00,3.0,0.00,5.91
HR3540,rh2Cnc,2000,08,55,39.7000,+27,55,39.000,-10.00,-30.00,17.0,-5.00,5.22
HR3541,HR3541,2000,08,55,22.9000,+17,13,53.000,1.00,9.00,-1.0,7.00,6.64
HR3542,HR3542,2000,08,52,40.8000,-52,07,45.000,-19.00,5.00,18.0,0.00,6.39
HR3543,HR3543,2000,08,45,55.2000,-79,30,16.000,-29.00,85.00,7.0,0.00,5.79
HR3544,HR3544,2000,08,49,50.3000,-72,33,03.000,-1.00,25.00,-3.0,0.00,6.11
HR3545,HR3545,2000,08,56,50.0000,+45,37,55.000,-126.00,-34.00,59.0,0.00,5.74
HR3546,HR3546,2000,08,56,30.5000,+40,12,06.000,-83.00,-33.00,25.0,0.00,5.89
HR3547,zeHya,2000,08,55,23.6000,+05,56,44.000,-99.00,14.00,23.0,35.00,3.11
HR3548,HR3548,2000,08,53,50.7000,-40,26,51.000,-6.00,7.00,-1.0,0.00,6.47
HR3549,HR3549,2000,08,53,03.8000,-56,38,58.000,-17.00,33.00,24.0,0.00,6.03
HR3550,60Cnc,2000,08,55,55.6000,+11,37,34.000,-10.00,-10.00,24.0,0.00,5.41
HR3551,HR3551,2000,08,53,50.7000,-47,31,15.000,6.00,-28.00,-1.0,19.00,5.33
HR3552,17Hya,2000,08,55,29.5000,-07,58,13.000,-1.00,-38.00,-20.0,4.00,6.91
HR3553,17Hya,2000,08,55,29.6000,-07,58,16.000,2.00,-24.00,-10.0,4.00,6.67
HR3554,HR3554,2000,08,55,12.4000,-18,14,29.000,20.00,4.00,37.0,0.00,5.75
HR3555,si2Cnc,2000,08,56,56.6000,+32,54,37.000,-48.00,-68.00,5.0,11.00,5.45
HR3556,dePyx,2000,08,55,31.5000,-27,40,55.000,79.00,-102.00,5.0,37.00,4.89
HR3557,HR3557,2000,08,56,36.9000,+04,14,12.000,-20.00,5.00,-12.0,0.00,6.14
HR3558,HR3558,2000,08,57,08.2000,+17,08,38.000,-44.00,-25.00,19.0,0.00,6.17
HR3559,HR3559,2000,08,55,55.9000,-23,49,06.000,-40.00,38.00,21.0,0.00,6.39
HR3560,HR3560,2000,08,53,48.7000,-60,21,15.000,-7.00,2.00,2.0,0.00,5.78
HR3561,omi1Cnc,2000,08,57,14.9000,+15,19,22.000,56.00,17.00,-5.0,0.00,5.20
HR3562,HR3562,2000,08,55,19.3000,-45,02,30.000,2.00,8.00,22.0,0.00,6.26
HR3563,61Cnc,2000,08,57,58.7000,+30,14,01.000,55.00,24.00,8.0,0.00,6.29
HR3564,HR3564,2000,08,56,34.1000,-16,42,34.000,-10.00,-47.00,38.0,0.00,5.96
HR3565,omi2Cnc,2000,08,57,35.2000,+15,34,53.000,58.00,29.00,-4.0,0.00,5.67
HR3566,HR3566,2000,08,58,27.5000,+35,48,09.000,8.00,-11.00,-15.0,0.00,6.51
HR3567,HR3567,2000,08,57,42.0000,+09,23,16.000,-2.00,-7.00,-14.0,0.00,6.19
HR3568,HR3568,2000,08,54,54.0000,-58,14,24.000,-22.00,2.00,13.0,0.00,6.38
HR3569,ioUMa,2000,08,59,12.4000,+48,02,30.000,-444.00,-226.00,9.0,75.00,3.14
HR3570,HR3570,2000,08,55,11.9000,-54,57,56.000,37.00,-82.00,-2.0,0.00,5.71
HR3571,HR3571,2000,08,55,02.8000,-60,38,41.000,-21.00,38.00,25.0,0.00,3.84
HR3572,alCnc,2000,08,58,29.2000,+11,51,28.000,34.00,-31.00,-14.0,24.00,4.25
HR3573,HR3573,2000,08,58,08.2000,+01,32,30.000,-40.00,-5.00,26.0,0.00,6.59
HR3574,HR3574,2000,08,56,19.4000,-52,43,25.000,0.00,7.00,22.0,20.00,4.69
HR3575,si3Cnc,2000,08,59,32.6000,+32,25,07.000,-45.00,-35.00,23.0,0.00,5.20
HR3576,rhUMa,2000,09,02,32.7000,+67,37,47.000,-21.00,19.00,5.0,14.00,4.76
HR3577,HR3577,2000,08,59,10.8000,+18,08,05.000,-44.00,-68.00,21.0,-2.00,6.38
HR3578,HR3578,2000,08,58,43.9000,-16,07,58.000,246.00,212.00,121.0,28.00,5.86
HR3579,HR3579,2000,09,00,38.4000,+41,46,58.000,-440.00,-246.00,26.0,70.00,3.97
HR3580,HR3580,2000,09,00,30.8000,+37,36,16.000,-7.00,0.00,-17.0,0.00,6.44
HR3581,HR3581,2000,09,15,21.2000,+84,10,52.000,27.00,15.00,-6.0,0.00,6.33
HR3582,HR3582,2000,08,56,58.4000,-59,13,46.000,-9.00,7.00,27.0,0.00,4.92
HR3583,HR3583,2000,08,57,55.8000,-48,34,24.000,4.00,-4.00,18.0,0.00,5.87
HR3584,HR3584,2000,08,59,39.9000,-19,12,29.000,-51.00,-98.00,20.0,0.00,6.18
HR3585,HR3585,2000,08,59,15.7000,-28,48,22.000,-61.00,15.00,25.0,0.00,6.25
HR3586,HR3586,2000,09,01,40.6000,+39,42,48.000,-53.00,-79.00,-8.0,0.00,6.36
HR3587,66Cnc,2000,09,01,24.1000,+32,15,09.000,-4.00,3.00,-13.0,0.00,5.82
HR3588,HR3588,2000,08,58,52.3000,-47,14,05.000,-86.00,54.00,18.0,13.00,5.18
HR3589,67Cnc,2000,09,01,48.9000,+27,54,10.000,-56.00,-76.00,12.0,0.00,6.07
HR3590,HR3590,2000,09,01,31.4000,+05,38,27.000,-28.00,-7.00,33.0,0.00,6.07
HR3591,HR3591,2000,09,00,05.4000,-41,15,14.000,-39.00,45.00,-7.0,30.00,4.45
HR3592,HR3592,2000,09,04,00.4000,+54,17,02.000,-3.00,4.00,-4.0,0.00,5.75
HR3593,HR3593,2000,09,00,22.2000,-43,10,24.000,-15.00,19.00,27.0,0.00,6.07
HR3594,kaUMa,2000,09,03,37.5000,+47,09,24.000,-33.00,-54.00,4.0,16.00,3.60
HR3595,nuCnc,2000,09,02,44.3000,+24,27,10.000,-5.00,-6.00,-15.0,3.00,5.45
HR3596,HR3596,2000,09,01,58.0000,-00,28,58.000,-48.00,69.00,73.0,0.00,5.67
HR3597,HR3597,2000,09,01,11.4000,-26,39,50.000,26.00,-56.00,-24.0,0.00,6.20
HR3598,HR3598,2000,08,59,24.1000,-59,05,01.000,-174.00,280.00,11.0,54.00,5.16
HR3599,HR3599,2000,09,02,44.8000,+07,17,53.000,-16.00,-5.00,27.0,0.00,5.85
HR3600,HR3600,2000,09,01,20.8000,-41,51,52.000,-23.00,5.00,21.0,0.00,5.55
HR3601,70Cnc,2000,09,04,09.9000,+27,53,54.000,1.00,-2.00,-21.0,0.00,6.38
HR3602,HR3602,2000,09,02,06.4000,-39,24,09.000,-37.00,23.00,18.0,0.00,6.27
HR3603,HR3603,2000,09,05,24.1000,+48,31,49.000,-12.00,-16.00,-6.0,0.00,5.95
HR3604,HR3604,2000,09,00,45.7000,-60,57,50.000,-6.00,0.00,18.0,0.00,5.79
HR3605,HR3605,2000,09,01,44.6000,-52,11,18.000,-7.00,18.00,32.0,8.00,5.23
HR3606,HR3606,2000,09,04,55.2000,+32,22,37.000,-43.00,-58.00,16.0,0.00,6.46
HR3607,HR3607,2000,09,03,08.8000,-25,30,16.000,-14.00,-6.00,27.0,0.00,6.74
HR3608,HR3608,2000,09,06,43.1000,+59,20,40.000,-14.00,-10.00,2.0,0.00,6.45
HR3609,si1UMa,2000,09,08,23.6000,+66,52,24.000,-18.00,-38.00,15.0,11.00,5.14
HR3610,HR3610,2000,09,01,08.5000,-68,41,02.000,12.00,5.00,13.0,0.00,5.88
HR3611,HR3611,2000,09,03,05.2000,-53,32,59.000,-24.00,30.00,-7.0,0.00,6.40
HR3612,HR3612,2000,09,06,31.8000,+38,27,08.000,-28.00,-14.00,17.0,21.00,4.56
HR3613,omeHya,2000,09,05,58.4000,+05,05,32.000,-18.00,-10.00,25.0,11.00,4.97
HR3614,HR3614,2000,09,04,09.3000,-47,05,52.000,-44.00,-13.00,24.0,20.00,3.75
HR3615,alVol,2000,09,02,26.8000,-66,23,46.000,-2.00,-96.00,5.0,51.00,4.00
HR3616,si2UMa,2000,09,10,23.2000,+67,08,05.000,-20.00,-74.00,-2.0,56.00,4.80
HR3617,HR3617,2000,09,07,26.9000,+22,58,52.000,-168.00,9.00,29.0,4.00,6.40
HR3618,HR3618,2000,09,06,59.9000,+01,27,46.000,-11.00,-15.00,3.0,0.00,6.17
HR3619,15UMa,2000,09,08,52.3000,+51,36,17.000,-137.00,-30.00,-0.0,0.00,4.48
HR3620,HR3620,2000,09,08,04.1000,+32,32,26.000,-84.00,-17.00,41.0,0.00,6.50
HR3621,taCnc,2000,09,08,00.1000,+29,39,15.000,-32.00,2.00,-13.0,0.00,5.43
HR3622,HR3622,2000,09,04,48.0000,-57,51,09.000,-26.00,25.00,15.0,0.00,6.44
HR3623,kaCnc,2000,09,07,44.8000,+10,40,05.000,-20.00,-10.00,24.0,0.00,5.24
HR3624,taUMa,2000,09,10,55.1000,+63,30,49.000,98.00,-56.00,-9.0,0.00,4.67
HR3625,HR3625,2000,09,08,51.1000,+33,52,56.000,-187.00,-114.00,27.0,0.00,5.93
HR3626,75Cnc,2000,09,08,47.3000,+26,37,45.000,-136.00,-368.00,13.0,40.00,5.98
HR3627,xiCnc,2000,09,09,21.5000,+22,02,44.000,1.00,5.00,-7.0,0.00,5.14
HR3628,kaPyx,2000,09,08,02.9000,-25,51,30.000,41.00,8.00,-45.0,13.00,4.58
HR3629,HR3629,2000,09,06,34.0000,-55,48,12.000,-12.00,-23.00,29.0,0.00,6.11
HR3630,19Hya,2000,09,08,42.2000,-08,35,22.000,-19.00,-2.00,23.0,0.00,5.60
HR3631,HR3631,2000,09,07,14.7000,-51,12,43.000,-4.00,0.00,7.0,0.00,6.73
HR3632,HR3632,2000,09,06,07.6000,-64,29,59.000,20.00,29.00,1.0,0.00,6.37
HR3633,HR3633,2000,09,14,03.2000,+71,39,21.000,-28.00,-38.00,6.0,0.00,6.55
HR3634,laVel,2000,09,07,59.8000,-43,25,57.000,-19.00,13.00,18.0,22.00,2.21
HR3635,HR3635,2000,09,09,46.4000,+11,33,52.000,-45.00,-62.00,-16.0,0.00,6.48
HR3636,HR3636,2000,09,09,11.5000,-12,21,28.000,19.00,3.00,-9.0,0.00,5.77
HR3637,HR3637,2000,09,08,43.5000,-26,46,04.000,-45.00,9.00,8.0,0.00,6.15
HR3638,HR3638,2000,09,09,04.3000,-18,19,43.000,-52.00,9.00,17.0,0.00,5.73
HR3639,HR3639,2000,09,10,38.7000,+30,57,47.000,-21.00,-34.00,14.0,0.00,5.95
HR3640,79Cnc,2000,09,10,20.9000,+21,59,47.000,5.00,6.00,-7.0,0.00,6.01
HR3641,20Hya,2000,09,09,35.5000,-08,47,16.000,-19.00,-10.00,26.0,0.00,5.46
HR3642,HR3642,2000,09,05,38.3000,-70,32,20.000,-8.00,-5.00,19.0,0.00,4.71
HR3643,HR3643,2000,09,05,08.8000,-72,36,10.000,-13.00,-5.00,22.0,24.00,4.48
HR3644,epPyx,2000,09,09,56.4000,-30,21,55.000,2.00,-48.00,-8.0,0.00,5.59
HR3645,HR3645,2000,09,15,52.6000,+72,56,46.000,-85.00,-63.00,0.0,23.00,5.96
HR3646,HR3646,2000,09,10,23.0000,-23,10,36.000,-29.00,10.00,14.0,0.00,6.53
HR3647,HR3647,2000,09,09,45.1000,-49,25,29.000,14.00,-41.00,-1.0,0.00,6.48
HR3648,16UMa,2000,09,14,20.6000,+61,25,24.000,-6.00,-30.00,-14.0,47.00,5.13
HR3649,HR3649,2000,09,11,55.6000,+05,28,06.000,-101.00,-25.00,3.0,0.00,6.35
HR3650,pi1Cnc,2000,09,12,17.6000,+14,59,46.000,-522.00,248.00,45.0,64.00,6.51
HR3651,HR3651,2000,09,12,12.9000,+03,52,02.000,-44.00,-1.00,20.0,0.00,6.14
HR3652,36Lyn,2000,09,13,48.2000,+43,13,04.000,-28.00,-32.00,21.0,0.00,5.32
HR3653,HR3653,2000,09,11,58.7000,-19,44,52.000,-57.00,46.00,-1.0,0.00,5.73
HR3654,HR3654,2000,09,11,04.4000,-44,52,05.000,-1.00,2.00,34.0,0.00,5.00
HR3655,21Hya,2000,09,12,26.0000,-07,06,35.000,-16.00,19.00,-4.0,0.00,6.11
HR3656,HR3656,2000,09,11,41.0000,-39,15,32.000,-10.00,6.00,19.0,0.00,6.00
HR3657,HR3657,2000,09,13,37.3000,+21,17,00.000,-16.00,-8.00,9.0,0.00,6.48
HR3658,HR3658,2000,09,11,33.2000,-46,35,02.000,-18.00,10.00,7.0,0.00,5.79
HR3659,HR3659,2000,09,10,58.0000,-58,58,01.000,-26.00,8.00,23.0,0.00,3.44
HR3660,17UMa,2000,09,15,49.9000,+56,44,29.000,-16.00,-31.00,-30.0,0.00,5.27
HR3661,HR3661,2000,09,12,30.6000,-43,36,49.000,-12.00,2.00,15.0,5.00,5.57
HR3662,18UMa,2000,09,16,11.3000,+54,01,19.000,49.00,61.00,-19.0,42.00,4.83
HR3663,HR3663,2000,09,11,16.6000,-62,19,02.000,-43.00,9.00,18.0,0.00,3.97
HR3664,HR3664,2000,09,15,14.3000,+34,38,01.000,-148.00,53.00,56.0,0.00,5.97
HR3665,thHya,2000,09,14,21.9000,+02,18,51.000,129.00,-310.00,-10.0,27.00,3.88
HR3666,HR3666,2000,09,19,55.8000,+74,00,59.000,-37.00,-67.00,56.0,0.00,6.50
HR3667,HR3667,2000,09,13,25.9000,-38,36,59.000,8.00,-12.00,4.0,0.00,6.31
HR3668,HR3668,2000,09,13,18.6000,-42,16,25.000,-17.00,54.00,29.0,0.00,6.29
HR3669,pi2Cnc,2000,09,15,13.8000,+14,56,29.000,-44.00,-12.00,26.0,0.00,5.34
HR3670,HR3670,2000,09,13,34.5000,-47,20,19.000,-16.00,3.00,19.0,0.00,5.92
HR3672,HR3672,2000,09,14,08.2000,-44,08,45.000,-19.00,14.00,22.0,0.00,5.85
HR3673,HR3673,2000,09,12,55.6000,-59,24,52.000,0.00,0.00,16.0,0.00,5.54
HR3674,HR3674,2000,09,14,24.5000,-43,13,39.000,-21.00,10.00,15.0,11.00,5.25
HR3675,HR3675,2000,09,15,24.9000,-15,01,29.000,-26.00,-14.00,32.0,0.00,6.35
HR3676,HR3676,2000,09,17,31.2000,+46,49,02.000,17.00,14.00,-12.0,0.00,5.97
HR3677,HR3677,2000,09,14,57.2000,-37,36,09.000,11.00,-13.00,-2.0,0.00,5.86
HR3678,zeOct,2000,08,56,41.1000,-85,39,47.000,-117.00,37.00,-4.0,0.00,5.42
HR3679,HR3679,2000,09,14,18.0000,-55,34,11.000,-35.00,27.00,9.0,15.00,5.27
HR3680,HR3680,2000,09,15,14.6000,-45,33,20.000,-3.00,-10.00,33.0,6.00,6.25
HR3681,23Hya,2000,09,16,41.7000,-06,21,11.000,24.00,6.00,-8.0,8.00,5.24
HR3682,HR3682,2000,09,15,36.7000,-38,34,12.000,-68.00,-13.00,2.0,27.00,4.94
HR3683,24Hya,2000,09,16,41.3000,-08,44,41.000,-20.00,4.00,10.0,0.00,5.47
HR3684,HR3684,2000,09,15,45.1000,-37,24,48.000,26.00,-10.00,6.0,64.00,4.62
HR3685,beCar,2000,09,13,12.0000,-69,43,02.000,-162.00,108.00,-5.0,21.00,1.68
HR3686,HR3686,2000,09,18,26.0000,+35,21,51.000,-41.00,-24.00,22.0,5.00,5.75
HR3687,HR3687,2000,09,17,07.5000,-14,34,25.000,-48.00,12.00,-37.0,0.00,5.84
HR3688,HR3688,2000,09,16,04.2000,-44,53,55.000,17.00,9.00,26.0,0.00,6.04
HR3689,HR3689,2000,09,17,51.4000,+11,30,04.000,-12.00,-3.00,-7.0,0.00,6.41
HR3690,38Lyn,2000,09,18,50.7000,+36,48,09.000,-30.00,-122.00,4.0,42.00,3.82
HR3691,HR3691,2000,09,15,17.5000,-58,23,19.000,-22.00,-6.00,16.0,0.00,6.02
HR3692,HR3692,2000,09,16,23.1000,-44,15,57.000,2.00,-1.00,-3.0,17.00,5.12
HR3693,HR3693,2000,09,15,35.0000,-57,34,41.000,3.00,-3.00,15.0,0.00,6.32
HR3694,HR3694,2000,09,16,57.2000,-39,24,05.000,-9.00,-31.00,-0.0,27.00,5.33
HR3695,HR3695,2000,09,12,12.3000,-76,39,47.000,31.00,-44.00,1.0,0.00,6.14
HR3696,HR3696,2000,09,16,12.2000,-57,32,29.000,-14.00,-7.00,-5.0,25.00,4.34
HR3697,HR3697,2000,09,20,43.8000,+51,15,58.000,-35.00,150.00,-8.0,36.00,6.13
HR3698,HR3698,2000,09,21,43.3000,+56,41,57.000,-10.00,-8.00,21.0,0.00,5.47
HR3699,ioCar,2000,09,17,05.4000,-59,16,31.000,-20.00,8.00,13.0,17.00,2.25
HR3700,HR3700,2000,09,17,42.3000,-54,29,43.000,-18.00,-4.00,-9.0,0.00,6.33
HR3701,HR3701,2000,09,20,59.3000,+38,11,18.000,-44.00,-13.00,1.0,18.00,6.12
HR3702,HR3702,2000,09,19,33.7000,-11,18,51.000,-84.00,36.00,29.0,0.00,6.62
HR3703,HR3703,2000,09,18,05.8000,-51,03,04.000,-23.00,8.00,57.0,0.00,5.26
HR3704,HR3704,2000,09,19,33.2000,-15,50,04.000,52.00,-46.00,-30.0,0.00,5.78
HR3705,alLyn,2000,09,21,03.3000,+34,23,33.000,-221.00,19.00,38.0,25.00,3.13
HR3706,26Hya,2000,09,19,46.4000,-11,58,30.000,-30.00,15.00,-2.0,23.00,4.79
HR3707,HR3707,2000,09,21,27.2000,+32,54,07.000,11.00,-35.00,28.0,0.00,6.16
HR3708,HR3708,2000,09,18,42.2000,-51,33,38.000,-14.00,0.00,22.0,0.00,5.87
HR3709,27Hya,2000,09,20,29.0000,-09,33,21.000,-14.00,-29.00,25.0,22.00,4.80
HR3710,HR3710,2000,09,19,47.9000,-34,06,12.000,-10.00,-7.00,26.0,0.00,6.39
HR3711,HR3711,2000,09,21,15.4000,+15,22,16.000,-36.00,-15.00,18.0,0.00,6.53
HR3712,HR3712,2000,09,17,17.2000,-68,41,22.000,-109.00,-20.00,32.0,58.00,5.39
HR3713,HR3713,2000,09,17,51.7000,-67,03,03.000,-3.00,14.00,1.0,0.00,6.11
HR3714,HR3714,2000,09,20,55.5000,-15,37,04.000,65.00,-107.00,-1.0,0.00,6.33
HR3715,HR3715,2000,09,20,44.2000,-31,45,38.000,-34.00,-11.00,18.0,0.00,6.82
HR3716,HR3716,2000,09,20,29.6000,-37,34,53.000,-17.00,-18.00,7.0,0.00,6.05
HR3717,HR3717,2000,09,19,32.6000,-55,11,12.000,-4.00,0.00,13.0,0.00,6.28
HR3718,thPyx,2000,09,21,29.6000,-25,57,56.000,-11.00,-8.00,20.0,10.00,4.72
HR3719,HR3719,2000,09,27,51.6000,+75,05,54.000,-14.00,15.00,1.0,0.00,6.29
HR3720,HR3720,2000,09,17,25.4000,-74,53,40.000,-15.00,30.00,11.0,0.00,5.29
HR3721,HR3721,2000,09,17,27.4000,-74,44,05.000,-41.00,33.00,0.0,0.00,5.86
HR3722,HR3722,2000,09,25,44.2000,+63,56,27.000,-8.00,-41.00,7.0,0.00,6.28
HR3723,HR3723,2000,09,23,31.8000,+25,10,59.000,-121.00,5.00,-1.0,0.00,6.41
HR3724,HR3724,2000,09,22,50.9000,-09,50,20.000,-27.00,-21.00,23.0,0.00,6.53
HR3725,HR3725,2000,09,24,55.7000,+51,34,26.000,41.00,-5.00,-16.0,0.00,6.31
HR3726,HR3726,2000,09,21,50.9000,-42,11,42.000,53.00,-60.00,49.0,0.00,5.58
HR3727,HR3727,2000,09,24,22.5000,+36,35,13.000,-68.00,-24.00,15.0,0.00,6.67
HR3728,HR3728,2000,09,20,56.8000,-62,24,17.000,-13.00,2.00,51.0,17.00,4.81
HR3729,HR3729,2000,09,22,36.7000,-39,46,29.000,-63.00,74.00,23.0,0.00,6.54
HR3730,HR3730,2000,09,22,24.0000,-46,02,51.000,4.00,27.00,-7.0,0.00,5.75
HR3731,kaLeo,2000,09,24,39.3000,+26,10,56.000,-33.00,-48.00,28.0,-3.00,4.46
HR3732,HR3732,2000,09,21,50.0000,-55,30,54.000,-65.00,60.00,59.0,0.00,5.63
HR3733,laPyx,2000,09,23,12.3000,-28,50,02.000,-123.00,19.00,10.0,38.00,4.69
HR3734,kaVel,2000,09,22,06.8000,-55,00,39.000,-8.00,9.00,22.0,13.00,2.50
HR3735,HR3735,2000,09,23,44.8000,-37,45,26.000,-83.00,17.00,20.0,0.00,6.48
HR3736,HR3736,2000,09,25,32.5000,+16,35,08.000,-84.00,-25.00,12.0,16.00,6.29
HR3737,HR3737,2000,09,24,16.3000,-39,25,33.000,12.00,-36.00,8.0,0.00,6.06
HR3738,28Hya,2000,09,25,24.0000,-05,07,03.000,-12.00,-8.00,5.0,0.00,5.59
HR3739,HR3739,2000,09,23,59.5000,-51,44,14.000,13.00,-2.00,18.0,0.00,6.08
HR3740,HR3740,2000,09,23,27.4000,-60,18,09.000,-5.00,-4.00,22.0,0.00,6.30
HR3741,HR3741,2000,09,26,22.3000,-01,27,50.000,-1.00,-3.00,-15.0,0.00,6.01
HR3742,HR3742,2000,09,24,05.7000,-61,38,56.000,16.00,-51.00,-8.0,0.00,5.99
HR3743,HR3743,2000,09,28,40.0000,+45,36,05.000,-7.00,-128.00,39.0,0.00,5.41
HR3744,29Hya,2000,09,27,14.6000,-09,13,25.000,-29.00,1.00,30.0,0.00,6.54
HR3745,HR3745,2000,09,26,44.8000,-28,47,15.000,-27.00,-1.00,4.0,5.00,6.10
HR3746,HR3746,2000,09,26,28.5000,-40,30,07.000,25.00,2.00,-3.0,0.00,6.20
HR3747,HR3747,2000,09,29,47.6000,+55,44,44.000,-132.00,-33.00,10.0,0.00,6.45
HR3748,alHya,2000,09,27,35.2000,-08,39,31.000,-14.00,33.00,-4.0,22.00,1.98
HR3749,HR3749,2000,09,27,18.4000,-22,20,38.000,180.00,-161.00,29.0,30.00,4.69
HR3750,HR3750,2000,09,27,46.8000,-06,04,16.000,-224.00,-74.00,54.0,38.00,5.38
HR3751,HR3751,2000,09,37,05.2000,+81,19,35.000,-19.00,-14.00,-5.0,17.00,4.29
HR3752,HR3752,2000,09,25,27.1000,-61,57,01.000,-129.00,61.00,12.0,0.00,5.77
HR3753,HR3753,2000,09,26,18.1000,-53,22,45.000,-8.00,0.00,24.0,0.00,5.11
HR3754,omeLeo,2000,09,28,27.5000,+09,03,24.000,55.00,-4.00,-6.0,34.00,5.41
HR3755,3Leo,2000,09,28,29.2000,+08,11,18.000,-27.00,-30.00,22.0,0.00,5.71
HR3756,HR3756,2000,09,27,38.4000,-35,00,28.000,-28.00,-31.00,-28.0,0.00,6.65
HR3757,23UMa,2000,09,31,31.7000,+63,03,43.000,109.00,28.00,-10.0,41.00,3.67
HR3758,HR3758,2000,09,29,02.2000,-01,15,25.000,-73.00,1.00,0.0,12.00,6.27
HR3759,ta1Hya,2000,09,29,08.9000,-02,46,08.000,130.00,-15.00,10.0,72.00,4.60
HR3760,HR3760,2000,09,29,24.5000,-02,12,19.000,-46.00,-3.00,16.0,0.00,6.14
HR3761,HR3761,2000,09,26,44.2000,-64,55,47.000,-56.00,63.00,8.0,0.00,6.05
HR3762,HR3762,2000,09,29,32.4000,-04,14,50.000,-29.00,-80.00,-12.0,0.00,6.26
HR3763,HR3763,2000,09,29,12.6000,-20,44,55.000,-17.00,22.00,-8.0,0.00,5.66
HR3764,7LMi,2000,09,30,43.2000,+33,39,20.000,-20.00,-49.00,2.0,0.00,5.85
HR3765,epAnt,2000,09,29,14.7000,-35,57,05.000,-22.00,1.00,22.0,5.00,4.51
HR3766,HR3766,2000,09,29,16.3000,-38,24,14.000,-85.00,-13.00,1.0,0.00,6.19
HR3767,HR3767,2000,09,29,49.9000,-23,20,43.000,-2.00,-3.00,-0.0,0.00,6.24
HR3768,22UMa,2000,09,34,53.6000,+72,12,20.000,75.00,-77.00,-38.0,0.00,5.72
HR3769,8LMi,2000,09,31,32.4000,+35,06,11.000,-56.00,-102.00,38.0,0.00,5.37
HR3770,HR3770,2000,09,29,54.5000,-26,35,23.000,-22.00,2.00,12.0,0.00,5.48
HR3771,24UMa,2000,09,34,28.9000,+69,49,49.000,-63.00,77.00,-27.0,42.00,4.56
HR3772,HR3772,2000,09,30,22.6000,-15,34,38.000,-66.00,-63.00,24.0,0.00,5.85
HR3773,laLeo,2000,09,31,43.2000,+22,58,05.000,-21.00,-33.00,27.0,20.00,4.31
HR3774,HR3774,2000,09,36,06.8000,+74,19,04.000,-16.00,-70.00,-11.0,0.00,6.46
HR3775,thUMa,2000,09,32,51.4000,+51,40,38.000,-954.00,-531.00,15.0,52.00,3.17
HR3776,HR3776,2000,09,28,47.0000,-62,16,23.000,-76.00,31.00,0.0,0.00,5.92
HR3777,HR3777,2000,09,27,06.4000,-71,36,08.000,-102.00,75.00,3.0,36.00,5.47
HR3778,HR3778,2000,09,33,07.2000,+49,26,19.000,-24.00,9.00,-10.0,0.00,6.76
HR3779,6Leo,2000,09,31,57.6000,+09,42,57.000,-3.00,-13.00,19.0,0.00,5.07
HR3780,ze1Ant,2000,09,30,45.4000,-31,53,29.000,-13.00,-26.00,-3.0,1.00,7.00
HR3781,ze1Ant,2000,09,30,46.1000,-31,53,22.000,28.00,-28.00,-3.0,1.00,6.18
HR3782,xiLeo,2000,09,31,56.7000,+11,17,59.000,-94.00,-82.00,29.0,28.00,4.97
HR3783,HR3783,2000,09,28,30.6000,-66,42,07.000,-33.00,47.00,29.0,0.00,5.91
HR3784,HR3784,2000,09,30,05.2000,-51,31,02.000,-4.00,9.00,10.0,0.00,5.45
HR3785,HR3785,2000,09,31,38.9000,-10,33,08.000,14.00,-20.00,-18.0,0.00,6.14
HR3786,psVel,2000,09,30,42.0000,-40,28,00.000,-182.00,73.00,9.0,65.00,3.60
HR3787,ta2Hya,2000,09,31,58.9000,-01,11,06.000,-12.00,-11.00,6.0,27.00,4.57
HR3788,HR3788,2000,09,31,55.8000,-10,22,14.000,-86.00,10.00,64.0,0.00,6.13
HR3789,ze2Ant,2000,09,31,32.2000,-31,52,19.000,-39.00,1.00,22.0,0.00,5.93
HR3790,HR3790,2000,09,31,32.9000,-35,42,54.000,143.00,-177.00,14.0,-4.00,5.87
HR3791,9LMi,2000,09,33,30.3000,+36,29,13.000,31.00,-35.00,-17.0,0.00,6.18
HR3792,HR3792,2000,09,33,18.3000,+28,22,05.000,-44.00,-34.00,26.0,0.00,6.53
HR3793,HR3793,2000,09,30,23.4000,-58,21,42.000,-31.00,28.00,3.0,0.00,5.88
HR3794,HR3794,2000,09,32,41.4000,+01,51,51.000,-20.00,-38.00,28.0,0.00,6.11
HR3795,ioCha,2000,09,24,09.1000,-80,47,13.000,-146.00,140.00,7.0,0.00,5.36
HR3796,HR3796,2000,09,32,20.4000,-19,24,01.000,-36.00,10.00,27.0,0.00,5.74
HR3797,HR3797,2000,09,34,19.6000,+46,54,08.000,-62.00,-8.00,11.0,0.00,6.52
HR3798,HR3798,2000,09,32,18.5000,-28,37,41.000,-72.00,39.00,15.0,0.00,6.46
HR3799,26UMa,2000,09,34,49.5000,+52,03,05.000,-65.00,-35.00,23.0,25.00,4.50
HR3800,10LMi,2000,09,34,13.4000,+36,23,51.000,6.00,-22.00,-12.0,0.00,4.55
HR3801,HR3801,2000,09,33,02.1000,-08,30,19.000,-20.00,-34.00,36.0,0.00,6.12
HR3802,HR3802,2000,09,32,55.8000,-13,31,01.000,-8.00,3.00,28.0,0.00,5.94
HR3803,HR3803,2000,09,31,13.3000,-57,02,04.000,-32.00,4.00,-14.0,22.00,3.13
HR3804,HR3804,2000,09,33,59.1000,+23,27,14.000,-52.00,-87.00,-6.0,0.00,6.25
HR3805,HR3805,2000,09,33,20.1000,-07,11,24.000,-33.00,-12.00,29.0,0.00,6.24
HR3806,HR3806,2000,09,37,56.2000,+73,04,50.000,-41.00,-26.00,0.0,17.00,6.42
HR3807,HR3807,2000,09,32,19.3000,-40,38,58.000,11.00,-12.00,-1.0,24.00,5.35
HR3808,HR3808,2000,09,33,12.5000,-21,06,57.000,-20.00,15.00,13.0,52.00,5.01
HR3809,HR3809,2000,09,35,03.8000,+39,37,17.000,-30.00,22.00,-12.0,0.00,4.81
HR3810,HR3810,2000,09,33,26.2000,-22,51,50.000,-49.00,60.00,15.0,0.00,5.91
HR3811,HR3811,2000,09,35,22.4000,+39,57,48.000,-16.00,12.00,-35.0,0.00,6.76
HR3812,HR3812,2000,09,33,07.8000,-39,07,44.000,-29.00,49.00,25.0,0.00,6.43
HR3813,HR3813,2000,09,31,32.9000,-66,43,10.000,-27.00,-6.00,4.0,0.00,6.27
HR3814,33Hya,2000,09,34,32.7000,-05,54,54.000,11.00,-59.00,13.0,0.00,5.56
HR3815,11LMi,2000,09,35,39.6000,+35,48,37.000,-706.00,-241.00,13.0,109.00,5.41
HR3816,HR3816,2000,09,32,14.6000,-62,47,20.000,-36.00,20.00,28.0,0.00,6.10
HR3817,HR3817,2000,09,33,44.5000,-49,00,18.000,-16.00,10.00,17.0,15.00,5.12
HR3818,7Leo,2000,09,35,52.9000,+14,22,47.000,-38.00,0.00,20.0,6.00,6.36
HR3819,HR3819,2000,09,34,08.8000,-51,15,19.000,-3.00,4.00,35.0,0.00,5.01
HR3820,HR3820,2000,09,36,42.9000,+31,09,42.000,3.00,-39.00,-20.0,0.00,5.56
HR3821,HR3821,2000,09,31,36.3000,-73,04,51.000,-27.00,1.00,14.0,0.00,5.47
HR3822,HR3822,2000,09,35,33.7000,-19,35,01.000,-38.00,-46.00,16.0,0.00,6.31
HR3823,HR3823,2000,09,35,11.8000,-35,49,26.000,-72.00,-2.00,13.0,0.00,6.49
HR3824,HR3824,2000,09,39,27.9000,+67,16,20.000,-26.00,-40.00,19.0,0.00,5.94
HR3825,HR3825,2000,09,34,26.7000,-59,13,46.000,-12.00,14.00,22.0,0.00,4.08
HR3826,8Leo,2000,09,37,02.6000,+16,26,16.000,-14.00,-6.00,6.0,0.00,5.69
HR3827,10Leo,2000,09,37,12.7000,+06,50,09.000,-60.00,1.00,20.0,19.00,5.00
HR3828,HR3828,2000,09,36,33.7000,-24,42,10.000,-119.00,60.00,24.0,0.00,6.53
HR3829,42Lyn,2000,09,38,21.7000,+40,14,23.000,-17.00,6.00,-3.0,0.00,5.25
HR3830,HR3830,2000,09,37,00.2000,-25,17,48.000,-62.00,43.00,30.0,0.00,5.70
HR3831,HR3831,2000,09,36,25.3000,-48,45,05.000,-11.00,-24.00,-4.0,21.00,6.17
HR3832,34Hya,2000,09,37,51.5000,-09,25,28.000,-62.00,2.00,25.0,0.00,6.40
HR3833,HR3833,2000,09,37,09.9000,-32,10,43.000,34.00,-20.00,-3.0,0.00,5.63
HR3834,HR3834,2000,09,38,27.3000,+04,38,57.000,-163.00,-51.00,45.0,11.00,4.68
HR3835,HR3835,2000,09,37,28.3000,-36,05,45.000,-35.00,-1.00,20.0,0.00,5.98
HR3836,HR3836,2000,09,36,49.6000,-49,21,19.000,-125.00,25.00,21.0,19.00,4.35
HR3837,HR3837,2000,09,36,46.3000,-52,56,39.000,-120.00,81.00,34.0,0.00,6.19
HR3838,HR3838,2000,09,42,14.8000,+69,14,15.000,-67.00,-70.00,-9.0,0.00,5.69
HR3839,27UMa,2000,09,42,57.2000,+72,15,09.000,-26.00,-30.00,-17.0,0.00,5.17
HR3840,HR3840,2000,09,37,12.3000,-53,40,07.000,-54.00,-17.00,-13.0,0.00,5.45
HR3841,HR3841,2000,09,36,05.1000,-64,57,02.000,-40.00,36.00,16.0,0.00,6.56
HR3842,HR3842,2000,09,38,01.5000,-43,11,28.000,32.00,-37.00,2.0,20.00,5.50
HR3843,HR3843,2000,09,45,30.8000,+78,08,05.000,4.00,3.00,-27.0,0.00,6.23
HR3844,HR3844,2000,09,38,40.7000,-39,36,51.000,-44.00,-62.00,2.0,0.00,6.70
HR3845,ioHya,2000,09,39,51.4000,-01,08,34.000,49.00,-64.00,23.0,26.00,3.91
HR3846,37Hya,2000,09,39,47.4000,-10,34,13.000,-24.00,5.00,14.0,0.00,6.31
HR3847,HR3847,2000,09,47,18.0000,+79,08,12.000,-31.00,-21.00,-7.0,0.00,6.17
HR3848,HR3848,2000,09,40,20.1000,-10,46,09.000,-4.00,-1.00,-11.0,0.00,6.37
HR3849,kaHya,2000,09,40,18.4000,-14,19,56.000,-27.00,-20.00,18.0,0.00,5.06
HR3850,HR3850,2000,09,41,35.2000,+31,16,41.000,30.00,-1.00,-13.0,0.00,5.89
HR3851,43Lyn,2000,09,42,00.3000,+39,45,28.000,-50.00,-45.00,30.0,18.00,5.62
HR3852,omiLeo,2000,09,41,09.0000,+09,53,32.000,-142.00,-37.00,27.0,34.00,3.52
HR3853,13Leo,2000,09,41,38.5000,+25,54,46.000,-14.00,-33.00,-26.0,13.00,6.24
HR3854,HR3854,2000,09,42,43.1000,+48,25,52.000,-30.00,-17.00,-8.0,0.00,6.39
HR3855,HR3855,2000,09,43,07.0000,+54,21,49.000,-35.00,-34.00,21.0,0.00,6.47
HR3856,HR3856,2000,09,39,21.0000,-61,19,41.000,-41.00,21.00,20.0,0.00,4.52
HR3857,13LMi,2000,09,42,42.7000,+35,05,36.000,-21.00,-52.00,-8.0,0.00,6.14
HR3858,HR3858,2000,09,41,17.0000,-23,35,30.000,-28.00,-4.00,26.0,0.00,4.77
HR3859,HR3859,2000,09,44,36.7000,+64,59,02.000,-49.00,12.00,-28.0,0.00,6.17
HR3860,zeCha,2000,09,33,53.2000,-80,56,29.000,-43.00,7.00,-42.0,0.00,5.11
HR3861,15Leo,2000,09,43,33.3000,+29,58,28.000,-18.00,-100.00,16.0,0.00,5.64
HR3862,HR3862,2000,09,42,14.4000,-23,54,56.000,-395.00,260.00,34.0,80.00,4.94
HR3863,HR3863,2000,09,40,42.5000,-57,59,01.000,-34.00,6.00,7.0,31.00,5.32
HR3864,HR3864,2000,09,41,02.2000,-57,15,35.000,81.00,-43.00,39.0,0.00,5.80
HR3865,28UMa,2000,09,45,55.4000,+63,39,12.000,-12.00,-43.00,-27.0,0.00,6.34
HR3866,psLeo,2000,09,43,43.9000,+14,01,18.000,4.00,-3.00,8.0,0.00,5.35
HR3867,HR3867,2000,09,42,41.4000,-35,30,06.000,-14.00,7.00,17.0,0.00,6.41
HR3868,HR3868,2000,09,41,47.8000,-55,12,51.000,-18.00,-4.00,14.0,0.00,6.00
HR3869,HR3869,2000,09,44,30.0000,+18,51,49.000,-7.00,-54.00,-1.0,0.00,6.50
HR3870,HR3870,2000,09,46,31.7000,+57,07,41.000,4.00,34.00,8.0,0.00,5.20
HR3871,thAnt,2000,09,44,12.1000,-27,46,10.000,-47.00,35.00,24.0,53.00,4.79
HR3872,HR3872,2000,09,43,27.5000,-51,13,42.000,-24.00,-4.00,-23.0,0.00,6.15
HR3873,epLeo,2000,09,45,51.1000,+23,46,27.000,-46.00,-11.00,4.0,10.00,2.98
HR3874,HR3874,2000,09,44,15.8000,-39,34,16.000,-29.00,8.00,5.0,0.00,6.82
HR3875,HR3875,2000,09,43,42.2000,-53,53,30.000,-68.00,22.00,10.0,0.00,5.56
HR3876,HR3876,2000,09,46,10.0000,+06,42,31.000,4.00,-22.00,3.0,0.00,5.79
HR3877,18Leo,2000,09,46,23.3000,+11,48,36.000,-17.00,15.00,30.0,0.00,5.63
HR3878,HR3878,2000,09,45,21.8000,-30,12,10.000,-32.00,1.00,33.0,0.00,6.45
HR3879,HR3879,2000,09,46,23.6000,+01,47,08.000,-56.00,-41.00,15.0,0.00,5.65
HR3880,19Leo,2000,09,47,25.9000,+11,34,06.000,-53.00,5.00,-4.0,0.00,6.45
HR3881,HR3881,2000,09,48,35.4000,+46,01,16.000,224.00,-92.00,5.0,73.00,5.09
HR3882,HR3882,2000,09,47,33.5000,+11,25,44.000,2.00,-42.00,13.0,20.00,6.02
HR3883,HR3883,2000,09,45,40.5000,-57,11,08.000,-31.00,17.00,11.0,0.00,6.46
HR3884,HR3884,2000,09,45,14.8000,-62,30,28.000,-14.00,7.00,3.0,27.00,3.69
HR3885,HR3885,2000,09,50,23.7000,+65,35,36.000,-52.00,-29.00,-7.0,0.00,6.31
HR3886,HR3886,2000,09,46,30.4000,-44,45,18.000,-8.00,2.00,-4.0,0.00,5.55
HR3887,HR3887,2000,09,45,55.4000,-58,47,39.000,-123.00,59.00,6.0,0.00,6.22
HR3888,upUMa,2000,09,50,59.4000,+59,02,19.000,-293.00,-151.00,27.0,41.00,3.80
HR3889,20Leo,2000,09,49,50.1000,+21,10,46.000,-43.00,-12.00,26.0,0.00,6.09
HR3890,upCar,2000,09,47,06.1000,-65,04,19.000,-12.00,11.00,14.0,27.00,3.01
HR3891,upCar,2000,09,47,06.7000,-65,04,21.000,-11.00,23.00,14.0,27.00,6.26
HR3892,HR3892,2000,09,49,28.1000,-37,11,11.000,-84.00,23.00,12.0,0.00,5.97
HR3893,4Sex,2000,09,50,30.1000,+04,20,37.000,-147.00,-55.00,17.0,0.00,6.24
HR3894,phUMa,2000,09,52,06.4000,+54,03,52.000,-4.00,21.00,-12.0,32.00,4.59
HR3895,HR3895,2000,09,48,40.0000,-56,24,43.000,-56.00,14.00,7.0,0.00,6.06
HR3896,23Leo,2000,09,51,02.0000,+13,03,58.000,28.00,-8.00,-9.0,0.00,6.46
HR3897,HR3897,2000,09,49,51.3000,-36,16,07.000,-22.00,2.00,21.0,0.00,6.37
HR3898,HR3898,2000,09,49,57.1000,-45,43,58.000,-26.00,4.00,12.0,0.00,5.08
HR3899,6Sex,2000,09,51,14.0000,-04,14,36.000,13.00,-28.00,-10.0,0.00,6.01
HR3900,22Leo,2000,09,51,53.0000,+24,23,43.000,6.00,-179.00,-2.0,40.00,5.32
HR3901,HR3901,2000,09,51,21.6000,-06,10,54.000,-125.00,60.00,36.0,0.00,6.42
HR3902,nuCha,2000,09,46,20.6000,-76,46,34.000,79.00,-56.00,11.0,19.00,5.45
HR3903,up1Hya,2000,09,51,28.7000,-14,50,48.000,17.00,-26.00,-15.0,21.00,4.12
HR3904,HR3904,2000,09,50,42.0000,-46,56,04.000,-34.00,16.00,17.0,0.00,5.73
HR3905,muLeo,2000,09,52,45.8000,+26,00,25.000,-216.00,-56.00,14.0,25.00,3.88
HR3906,7Sex,2000,09,52,12.2000,+02,27,15.000,-181.00,92.00,97.0,11.00,6.02
HR3907,HR3907,2000,09,52,12.0000,+00,04,32.000,-22.00,-32.00,19.0,0.00,6.35
HR3908,HR3908,2000,09,51,59.6000,-16,32,05.000,26.00,-67.00,5.0,0.00,6.08
HR3909,gaSex,2000,09,52,30.4000,-08,06,18.000,-55.00,-40.00,12.0,13.00,5.05
HR3910,HR3910,2000,09,51,19.8000,-46,11,38.000,-43.00,33.00,18.0,0.00,5.62
HR3911,HR3911,2000,09,55,03.4000,+61,06,58.000,9.00,-2.00,-11.0,0.00,6.27
HR3912,HR3912,2000,09,51,40.8000,-46,32,52.000,-8.00,-1.00,11.0,7.00,4.58
HR3913,HR3913,2000,09,51,12.1000,-59,25,33.000,35.00,-45.00,24.0,0.00,5.79
HR3914,HR3914,2000,09,50,55.7000,-62,44,43.000,-7.00,7.00,12.0,0.00,5.57
HR3915,HR3915,2000,09,53,42.9000,+05,57,30.000,-8.00,-6.00,-1.0,0.00,5.95
HR3916,HR3916,2000,09,52,58.0000,-27,19,56.000,-284.00,93.00,23.0,15.00,6.30
HR3917,31UMa,2000,09,55,43.0000,+49,49,12.000,-3.00,22.00,-6.0,25.00,5.27
HR3918,HR3918,2000,09,58,22.8000,+72,52,46.000,-76.00,-35.00,4.0,0.00,5.83
HR3919,HR3919,2000,09,54,12.3000,-25,55,57.000,-180.00,54.00,51.0,31.00,4.88
HR3920,HR3920,2000,09,53,00.0000,-55,22,24.000,-18.00,1.00,-18.0,0.00,6.48
HR3921,HR3921,2000,09,54,31.7000,-22,29,18.000,-38.00,-31.00,9.0,0.00,6.24
HR3922,HR3922,2000,09,57,13.6000,+57,25,06.000,32.00,-59.00,-44.0,7.00,5.93
HR3923,HR3923,2000,09,54,52.2000,-19,00,34.000,-47.00,-37.00,50.0,11.00,4.94
HR3924,HR3924,2000,09,53,50.2000,-51,08,49.000,-5.00,-10.00,10.0,0.00,5.93
HR3925,HR3925,2000,09,54,17.6000,-45,17,02.000,-20.00,-8.00,13.0,0.00,5.71
HR3926,HR3926,2000,09,56,26.0000,+08,55,59.000,-85.00,18.00,9.0,11.00,5.85
HR3927,HR3927,2000,09,54,51.3000,-50,14,38.000,-29.00,12.00,14.0,0.00,5.72
HR3928,19LMi,2000,09,57,41.1000,+41,03,20.000,-117.00,-25.00,-10.0,40.00,5.14
HR3929,HR3929,2000,09,57,56.9000,+45,24,52.000,11.00,-30.00,5.0,0.00,6.30
HR3930,HR3930,2000,09,56,05.4000,-40,49,29.000,-18.00,-22.00,58.0,0.00,6.41
HR3931,HR3931,2000,09,56,46.5000,-26,33,01.000,-114.00,6.00,11.0,0.00,6.28
HR3932,HR3932,2000,09,56,35.5000,-33,25,07.000,38.00,16.00,4.0,0.00,5.84
HR3933,HR3933,2000,09,56,54.0000,-27,28,30.000,-81.00,29.00,14.0,0.00,6.32
HR3934,HR3934,2000,10,08,34.3000,+83,55,06.000,-4.00,7.00,-12.0,0.00,6.37
HR3935,HR3935,2000,09,56,21.9000,-51,20,10.000,-4.00,-7.00,9.0,0.00,6.37
HR3936,HR3936,2000,09,58,26.1000,+27,45,32.000,-117.00,-34.00,36.0,0.00,6.30
HR3937,nuLeo,2000,09,58,13.4000,+12,26,41.000,-25.00,-15.00,14.0,18.00,5.26
HR3938,HR3938,2000,09,58,07.6000,+08,18,51.000,11.00,-24.00,-19.0,0.00,6.04
HR3939,HR3939,2000,09,59,51.7000,+56,48,43.000,-29.00,-26.00,-13.0,0.00,5.48
HR3940,phVel,2000,09,56,51.8000,-54,34,04.000,-10.00,3.00,14.0,0.00,3.54
HR3941,HR3941,2000,09,57,10.9000,-52,38,20.000,-10.00,-2.00,19.0,0.00,6.12
HR3942,HR3942,2000,09,59,36.2000,+29,38,43.000,-95.00,-39.00,-1.0,0.00,5.73
HR3943,HR3943,2000,09,57,42.5000,-48,24,52.000,-16.00,-15.00,9.0,0.00,6.05
HR3944,HR3944,2000,09,56,09.7000,-71,23,22.000,-20.00,-2.00,-30.0,0.00,6.35
HR3945,12Sex,2000,09,59,43.1000,+03,23,05.000,-66.00,22.00,-4.0,0.00,6.70
HR3946,HR3946,2000,09,59,06.1000,-23,57,01.000,-49.00,23.00,15.0,0.00,6.21
HR3947,etAnt,2000,09,58,52.3000,-35,53,28.000,-87.00,-20.00,30.0,29.00,5.23
HR3948,HR3948,2000,09,57,15.2000,-64,29,22.000,-130.00,84.00,45.0,0.00,6.58
HR3949,HR3949,2000,09,56,59.7000,-69,06,07.000,-27.00,0.00,16.0,0.00,6.20
HR3950,piLeo,2000,10,00,12.8000,+08,02,39.000,-30.00,-23.00,23.0,17.00,4.70
HR3951,20LMi,2000,10,01,00.7000,+31,55,25.000,-528.00,-428.00,56.0,53.00,5.36
HR3952,HR3952,2000,10,02,48.9000,+21,56,57.000,-17.00,-6.00,3.0,0.00,5.66
HR3953,HR3953,2000,10,00,34.4000,-56,56,48.000,-64.00,8.00,10.0,0.00,6.52
HR3954,HR3954,2000,10,04,36.3000,+53,53,30.000,-22.00,-2.00,-16.0,0.00,5.74
HR3955,HR3955,2000,10,01,40.5000,-53,21,52.000,-36.00,-17.00,6.0,0.00,6.20
HR3956,HR3956,2000,10,02,49.3000,-30,34,39.000,-14.00,30.00,14.0,0.00,6.54
HR3957,HR3957,2000,10,01,58.0000,-57,20,59.000,-41.00,27.00,7.0,0.00,6.20
HR3958,HR3958,2000,10,05,10.5000,+52,22,15.000,-4.00,-20.00,-26.0,0.00,6.14
HR3959,HR3959,2000,10,03,41.0000,-09,34,26.000,5.00,-11.00,9.0,0.00,6.12
HR3960,HR3960,2000,10,02,00.0000,-60,25,15.000,-19.00,6.00,-2.0,0.00,5.94
HR3961,13Sex,2000,10,04,08.4000,+03,12,04.000,-75.00,-97.00,0.0,0.00,6.45
HR3962,HR3962,2000,10,03,41.4000,-25,19,00.000,-39.00,9.00,12.0,0.00,6.70
HR3963,HR3963,2000,10,04,02.9000,-18,06,06.000,-10.00,-2.00,19.0,0.00,5.86
HR3964,HR3964,2000,10,03,20.5000,-46,38,10.000,-29.00,-10.00,3.0,0.00,6.12
HR3965,HR3965,2000,10,04,21.0000,-24,17,08.000,-114.00,23.00,4.0,0.00,5.70
HR3966,HR3966,2000,10,02,59.9000,-60,10,43.000,-13.00,5.00,-4.0,0.00,6.19
HR3967,HR3967,2000,10,02,49.4000,-62,09,23.000,-10.00,10.00,-8.0,0.00,6.42
HR3968,HR3968,2000,10,04,23.4000,-39,58,33.000,-34.00,-3.00,47.0,0.00,6.43
HR3969,HR3969,2000,10,05,40.9000,+15,45,27.000,-78.00,-17.00,12.0,0.00,6.37
HR3970,up2Hya,2000,10,05,07.5000,-13,03,53.000,-37.00,18.00,28.0,0.00,4.60
HR3971,HR3971,2000,10,03,34.3000,-61,53,02.000,-5.00,5.00,5.0,8.00,6.14
HR3972,HR3972,2000,10,05,15.2000,-36,23,02.000,-10.00,3.00,28.0,0.00,6.27
HR3973,14Sex,2000,10,06,47.4000,+05,36,41.000,-34.00,-13.00,17.0,0.00,6.21
HR3974,21LMi,2000,10,07,25.8000,+35,14,41.000,53.00,4.00,-18.0,50.00,4.48
HR3975,etLeo,2000,10,07,20.0000,+16,45,46.000,-2.00,0.00,3.0,3.00,3.52
HR3976,HR3976,2000,10,06,11.3000,-47,22,12.000,11.00,-57.00,21.0,17.00,5.08
HR3977,HR3977,2000,10,07,09.5000,-17,08,30.000,16.00,-63.00,11.0,0.00,5.60
HR3978,HR3978,2000,10,06,07.1000,-52,11,17.000,-68.00,15.00,5.0,0.00,6.52
HR3979,HR3979,2000,10,08,15.9000,+31,36,15.000,-83.00,-80.00,-8.0,0.00,6.24
HR3980,31Leo,2000,10,07,54.3000,+09,59,51.000,-80.00,-61.00,41.0,0.00,4.37
HR3981,alSex,2000,10,07,56.3000,-00,22,18.000,-16.00,-13.00,7.0,15.00,4.49
HR3982,alLeo,2000,10,08,22.3000,+11,58,02.000,-248.00,6.00,6.0,45.00,1.35
HR3983,mu1Cha,2000,10,00,43.7000,-82,12,53.000,-31.00,32.00,16.0,0.00,5.52
HR3984,HR3984,2000,10,08,01.7000,-37,20,01.000,-11.00,3.00,1.0,0.00,6.36
HR3985,HR3985,2000,10,08,45.7000,-10,53,05.000,4.00,-3.00,-9.0,0.00,6.53
HR3986,HR3986,2000,10,08,35.5000,-15,36,42.000,-27.00,14.00,9.0,0.00,6.27
HR3987,HR3987,2000,10,10,58.9000,+40,39,41.000,-14.00,-2.00,14.0,0.00,6.32
HR3988,HR3988,2000,10,09,56.5000,-12,05,45.000,-5.00,-36.00,-14.0,0.00,6.24
HR3989,17Sex,2000,10,10,07.5000,-08,24,30.000,-26.00,-1.00,16.0,0.00,5.91
HR3990,HR3990,2000,10,08,56.3000,-51,48,40.000,-10.00,1.00,14.0,0.00,4.86
HR3991,HR3991,2000,10,10,05.9000,-12,48,58.000,-125.00,-113.00,23.0,28.00,5.31
HR3992,HR3992,2000,10,09,31.8000,-35,51,24.000,-437.00,14.00,41.0,48.00,6.13
HR3993,HR3993,2000,10,11,12.8000,+37,24,07.000,-21.00,-31.00,9.0,0.00,5.85
HR3994,laHya,2000,10,10,35.3000,-12,21,15.000,-202.00,-89.00,19.0,27.00,3.61
HR3995,HR3995,2000,10,08,42.6000,-65,48,55.000,-72.00,42.00,0.0,-14.00,5.28
HR3996,18Sex,2000,10,10,55.8000,-08,25,06.000,-6.00,-44.00,0.0,0.00,5.65
HR3997,mu2Cha,2000,10,04,07.6000,-81,33,57.000,-46.00,47.00,-0.0,0.00,6.60
HR3998,34Leo,2000,10,11,38.2000,+13,21,18.000,40.00,-36.00,-16.0,0.00,6.44
HR3999,HR3999,2000,10,09,21.9000,-61,32,57.000,-94.00,73.00,289.0,0.00,5.60
HR4000,HR4000,2000,10,11,17.8000,-07,19,00.000,12.00,-14.00,13.0,0.00,6.25
HR4001,HR4001,2000,10,10,37.9000,-41,42,54.000,50.00,-120.00,33.0,0.00,5.98
HR4002,HR4002,2000,10,09,30.5000,-68,41,00.000,-8.00,10.00,10.0,7.00,5.81
HR4003,HR4003,2000,10,12,02.9000,-28,36,23.000,-26.00,-14.00,18.0,0.00,6.28
HR4004,19Sex,2000,10,12,48.3000,+04,36,53.000,-51.00,-5.00,32.0,0.00,5.77
HR4005,HR4005,2000,10,12,37.8000,-19,09,13.000,-236.00,-116.00,34.0,0.00,6.44
HR4006,HR4006,2000,10,13,49.8000,+27,08,09.000,-18.00,2.00,10.0,0.00,6.04
HR4007,HR4007,2000,10,11,35.2000,-58,49,41.000,-51.00,20.00,-10.0,0.00,6.40
HR4008,HR4008,2000,10,15,07.7000,+59,59,08.000,15.00,9.00,-21.0,0.00,6.25
HR4009,HR4009,2000,10,11,46.5000,-58,03,38.000,-10.00,12.00,31.0,0.00,5.72
HR4010,HR4010,2000,10,12,23.0000,-52,09,48.000,-41.00,46.00,11.0,0.00,6.16
HR4011,HR4011,2000,10,13,19.4000,-27,01,44.000,-56.00,38.00,18.0,0.00,6.25
HR4012,HR4012,2000,10,14,29.7000,+21,10,04.000,-142.00,-82.00,17.0,0.00,6.02
HR4013,HR4013,2000,10,13,24.8000,-33,01,55.000,-360.00,61.00,42.0,55.00,6.38
HR4014,22LMi,2000,10,15,06.3000,+31,28,05.000,-37.00,-1.00,15.0,0.00,6.46
HR4015,HR4015,2000,10,13,45.9000,-40,20,45.000,-78.00,17.00,18.0,0.00,5.90
HR4016,HR4016,2000,10,18,01.1000,+73,04,24.000,-56.00,-79.00,16.0,0.00,6.40
HR4017,HR4017,2000,10,13,22.8000,-51,14,00.000,-41.00,-26.00,48.0,0.00,5.28
HR4018,HR4018,2000,10,13,01.3000,-59,55,05.000,-6.00,0.00,-2.0,0.00,6.10
HR4019,HR4019,2000,10,13,56.6000,-40,18,38.000,-26.00,-2.00,0.0,0.00,6.35
HR4020,HR4020,2000,10,13,28.0000,-51,45,22.000,-46.00,4.00,18.0,0.00,5.78
HR4021,HR4021,2000,10,17,50.6000,+71,03,38.000,-31.00,-48.00,11.0,26.00,6.66
HR4022,HR4022,2000,10,13,21.2000,-61,39,32.000,-19.00,-2.00,13.0,0.00,6.41
HR4023,HR4023,2000,10,14,44.2000,-42,07,19.000,-145.00,45.00,7.0,34.00,3.85
HR4024,23LMi,2000,10,16,14.4000,+29,18,38.000,-75.00,-23.00,16.0,0.00,5.35
HR4025,HR4025,2000,10,13,30.6000,-66,22,23.000,-39.00,4.00,-15.0,12.00,5.16
HR4026,32UMa,2000,10,18,02.0000,+65,06,30.000,-87.00,-9.00,-7.0,0.00,5.82
HR4027,24LMi,2000,10,16,28.1000,+28,40,57.000,-55.00,-89.00,30.0,0.00,6.49
HR4028,HR4028,2000,10,16,16.1000,+17,44,25.000,-6.00,1.00,-8.0,14.00,6.55
HR4029,HR4029,2000,10,15,20.9000,-36,31,05.000,-33.00,-5.00,27.0,0.00,6.19
HR4030,35Leo,2000,10,16,32.3000,+23,30,11.000,-205.00,36.00,-33.0,34.00,5.97
HR4031,zeLeo,2000,10,16,41.4000,+23,25,02.000,18.00,-7.00,-16.0,17.00,3.44
HR4032,HR4032,2000,10,16,41.9000,+25,22,17.000,-107.00,29.00,34.0,0.00,5.84
HR4033,laUMa,2000,10,17,05.8000,+42,54,52.000,-164.00,-38.00,18.0,30.00,3.45
HR4034,HR4034,2000,10,16,09.1000,-11,12,12.000,-13.00,8.00,32.0,0.00,6.08
HR4035,37Leo,2000,10,16,40.7000,+13,43,42.000,-23.00,-16.00,3.0,0.00,5.41
HR4036,HR4036,2000,10,15,31.5000,-43,06,45.000,9.00,-64.00,18.0,0.00,5.60
HR4037,omeCar,2000,10,13,44.2000,-70,02,17.000,-39.00,7.00,7.0,0.00,3.32
HR4038,HR4038,2000,10,15,16.6000,-54,58,27.000,-15.00,0.00,8.0,0.00,6.16
HR4039,39Leo,2000,10,17,14.6000,+23,06,22.000,-408.00,-100.00,38.0,62.00,5.82
HR4040,HR4040,2000,10,16,45.6000,-20,40,14.000,-127.00,-38.00,-1.0,0.00,6.57
HR4041,HR4041,2000,10,18,10.3000,+27,24,55.000,-57.00,6.00,7.0,0.00,6.52
HR4042,epSex,2000,10,17,37.8000,-08,04,08.000,-158.00,4.00,15.0,28.00,5.24
HR4043,HR4043,2000,10,16,03.1000,-59,54,12.000,-47.00,16.00,18.0,12.00,6.22
HR4044,HR4044,2000,10,18,59.0000,+46,45,39.000,-21.00,-30.00,-21.0,0.00,6.43
HR4045,HR4045,2000,10,16,40.2000,-51,12,18.000,-28.00,0.00,43.0,0.00,6.30
HR4046,HR4046,2000,10,19,26.8000,+48,23,49.000,-97.00,-107.00,-6.0,0.00,6.00
HR4047,HR4047,2000,10,21,03.4000,+68,44,51.000,-53.00,-38.00,4.0,0.00,5.96
HR4048,HR4048,2000,10,19,00.7000,+24,42,42.000,-47.00,-8.00,0.0,0.00,6.40
HR4049,HR4049,2000,10,18,07.6000,-28,59,31.000,-10.00,12.00,-33.0,0.00,5.34
HR4050,HR4050,2000,10,17,05.0000,-61,19,56.000,-24.00,5.00,8.0,27.00,3.40
HR4051,HR4051,2000,10,20,14.8000,+53,46,45.000,-84.00,46.00,-21.0,0.00,6.45
HR4052,HR4052,2000,10,20,31.2000,+54,13,01.000,-32.00,-2.00,9.0,0.00,6.00
HR4053,HR4053,2000,10,18,37.8000,-36,48,17.000,-43.00,8.00,2.0,0.00,6.30
HR4054,40Leo,2000,10,19,44.1000,+19,28,15.000,-234.00,-214.00,7.0,52.00,4.79
HR4055,HR4055,2000,10,19,16.8000,-12,31,41.000,-14.00,-19.00,-16.0,0.00,6.00
HR4056,HR4056,2000,10,18,28.2000,-41,40,06.000,-27.00,6.00,23.0,0.00,5.96
HR4057,ga1Leo,2000,10,19,58.3000,+19,50,30.000,306.00,-147.00,-37.0,22.00,2.61
HR4058,ga2Leo,2000,10,19,58.6000,+19,50,26.000,312.00,-169.00,-36.0,22.00,3.80
HR4059,HR4059,2000,10,19,32.2000,-05,06,21.000,-53.00,-61.00,16.0,0.00,6.37
HR4060,HR4060,2000,10,19,59.4000,-09,03,32.000,-67.00,-68.00,15.0,0.00,6.32
HR4061,HR4061,2000,10,18,37.6000,-56,06,36.000,-253.00,127.00,11.0,0.00,5.81
HR4062,HR4062,2000,10,29,41.5000,+84,15,08.000,-129.00,-32.00,4.0,34.00,5.50
HR4063,HR4063,2000,10,19,36.8000,-55,01,46.000,-14.00,3.00,13.0,-8.00,4.57
HR4064,23Sex,2000,10,21,02.0000,+02,17,23.000,-7.00,-3.00,5.0,0.00,6.66
HR4065,HR4065,2000,10,19,04.8000,-64,40,35.000,-43.00,7.00,10.0,0.00,5.67
HR4066,HR4066,2000,10,20,16.7000,-47,41,57.000,-2.00,1.00,16.0,0.00,5.65
HR4067,HR4067,2000,10,22,10.5000,+41,13,46.000,-124.00,-136.00,-7.0,41.00,5.76
HR4068,HR4068,2000,10,21,07.8000,-17,59,06.000,-51.00,-28.00,23.0,0.00,6.51
HR4069,muUMa,2000,10,22,19.7000,+41,29,58.000,-82.00,35.00,-21.0,35.00,3.05
HR4070,42Leo,2000,10,21,50.3000,+14,58,32.000,-35.00,-15.00,9.0,0.00,6.12
HR4071,HR4071,2000,10,21,28.7000,-23,42,39.000,-49.00,19.00,13.0,0.00,6.50
HR4072,HR4072,2000,10,24,07.9000,+65,33,59.000,-8.00,-22.00,-0.0,43.00,4.97
HR4073,HR4073,2000,10,21,36.0000,-22,31,42.000,-30.00,6.00,12.0,6.00,6.51
HR4074,HR4074,2000,10,20,54.8000,-56,02,35.000,-16.00,3.00,10.0,8.00,4.50
HR4075,27LMi,2000,10,23,06.3000,+33,54,29.000,-13.00,-5.00,-15.0,0.00,5.90
HR4076,HR4076,2000,10,22,12.9000,-19,52,01.000,-31.00,-1.00,11.0,0.00,6.13
HR4077,43Leo,2000,10,23,00.4000,+06,32,33.000,-18.00,-100.00,-24.0,0.00,6.07
HR4078,HR4078,2000,10,23,41.8000,+29,36,57.000,-6.00,-10.00,-13.0,0.00,6.39
HR4079,HR4079,2000,10,23,14.6000,+05,41,39.000,-241.00,-73.00,30.0,7.00,6.54
HR4080,HR4080,2000,10,22,19.6000,-41,39,00.000,-22.00,56.00,21.0,24.00,4.83
HR4081,28LMi,2000,10,24,08.6000,+33,43,07.000,-19.00,-3.00,-22.0,0.00,5.50
HR4082,25Sex,2000,10,23,26.5000,-04,04,27.000,-50.00,5.00,23.0,0.00,5.97
HR4083,HR4083,2000,10,23,13.1000,-30,09,44.000,6.00,-11.00,-13.0,0.00,6.27
HR4084,HR4084,2000,10,31,04.6000,+82,33,31.000,-83.00,31.00,7.0,47.00,5.26
HR4085,HR4085,2000,10,24,13.1000,+02,22,05.000,37.00,-23.00,-14.0,0.00,6.32
HR4086,HR4086,2000,10,23,29.3000,-38,00,36.000,-158.00,-57.00,17.0,15.00,5.33
HR4087,HR4087,2000,10,23,40.4000,-41,57,12.000,-130.00,11.00,22.0,0.00,6.27
HR4088,44Leo,2000,10,25,15.2000,+08,47,05.000,14.00,-42.00,-20.0,0.00,5.61
HR4089,HR4089,2000,10,22,58.1000,-66,54,06.000,-24.00,8.00,12.0,0.00,4.99
HR4090,30LMi,2000,10,25,54.9000,+33,47,46.000,-70.00,-61.00,14.0,0.00,4.74
HR4091,HR4091,2000,10,23,50.9000,-57,57,14.000,-1.00,-6.00,-13.0,0.00,6.35
HR4092,HR4092,2000,10,25,44.3000,-07,03,35.000,-135.00,136.00,32.0,0.00,5.57
HR4093,HR4093,2000,10,25,17.2000,-42,28,05.000,-2.00,-34.00,-5.0,0.00,6.18
HR4094,muHya,2000,10,26,05.4000,-16,50,11.000,-128.00,-80.00,40.0,18.00,3.81
HR4095,HR4095,2000,10,24,59.4000,-58,34,35.000,-77.00,9.00,5.0,0.00,5.95
HR4096,HR4096,2000,10,27,28.0000,+41,36,03.000,-55.00,-76.00,7.0,0.00,6.02
HR4097,HR4097,2000,10,27,00.5000,+19,21,52.000,-64.00,-12.00,32.0,0.00,6.15
HR4098,HR4098,2000,10,28,03.8000,+48,47,05.000,79.00,-884.00,-7.0,53.00,6.44
HR4099,HR4099,2000,10,26,09.5000,-42,44,20.000,-127.00,-52.00,23.0,0.00,6.13
HR4100,beLMi,2000,10,27,53.0000,+36,42,26.000,-118.00,-101.00,6.0,22.00,4.21
HR4101,45Leo,2000,10,27,39.0000,+09,45,45.000,7.00,2.00,-8.0,0.00,6.04
HR4102,HR4102,2000,10,24,23.7000,-74,01,54.000,-21.00,-26.00,-4.0,86.00,4.00
HR4103,HR4103,2000,10,28,36.5000,+45,12,44.000,-21.00,-19.00,-4.0,0.00,6.35
HR4104,alAnt,2000,10,27,09.1000,-31,04,04.000,-75.00,11.00,12.0,24.00,4.25
HR4105,HR4105,2000,10,24,44.3000,-73,58,18.000,-32.00,17.00,-3.0,0.00,6.19
HR4106,35UMa,2000,10,29,54.3000,+65,37,34.000,0.00,-32.00,-25.0,0.00,6.32
HR4107,HR4107,2000,10,26,49.0000,-54,52,39.000,-7.00,-8.00,6.0,0.00,5.58
HR4108,HR4108,2000,10,30,26.6000,+64,15,27.000,-47.00,-59.00,-13.0,0.00,6.12
HR4109,HR4109,2000,10,28,44.0000,-03,44,33.000,4.00,-27.00,-26.0,0.00,6.05
HR4110,HR4110,2000,10,27,24.4000,-57,38,20.000,-13.00,0.00,-1.0,-12.00,4.66
HR4111,HR4111,2000,10,28,01.9000,-49,24,20.000,6.00,-36.00,90.0,0.00,6.10
HR4112,36UMa,2000,10,30,37.6000,+55,58,50.000,-176.00,-30.00,9.0,77.00,4.84
HR4113,32LMi,2000,10,30,06.4000,+38,55,31.000,-17.00,-2.00,2.0,0.00,5.77
HR4114,HR4114,2000,10,27,52.7000,-58,44,22.000,-13.00,0.00,9.0,10.00,3.82
HR4115,HR4115,2000,10,27,25.3000,-65,42,17.000,-82.00,23.00,6.0,0.00,6.01
HR4116,deSex,2000,10,29,28.7000,-02,44,21.000,-48.00,-14.00,19.0,0.00,5.21
HR4117,HR4117,2000,10,29,29.0000,-29,39,49.000,-59.00,15.00,-5.0,0.00,5.58
HR4118,deAnt,2000,10,29,35.4000,-30,36,26.000,-33.00,0.00,14.0,2.00,5.56
HR4119,beSex,2000,10,30,17.5000,-00,38,13.000,-40.00,-23.00,12.0,0.00,5.09
HR4120,HR4120,2000,10,28,52.6000,-64,10,20.000,-13.00,6.00,-3.0,10.00,5.29
HR4121,HR4121,2000,10,36,01.7000,+80,29,40.000,-27.00,-6.00,-11.0,0.00,6.52
HR4122,HR4122,2000,10,30,58.7000,-07,38,15.000,-39.00,5.00,7.0,0.00,6.20
HR4123,HR4123,2000,10,30,59.8000,-13,35,18.000,-45.00,9.00,13.0,0.00,5.58
HR4124,33LMi,2000,10,31,51.4000,+32,22,46.000,15.00,6.00,-15.0,0.00,5.90
HR4125,HR4125,2000,10,30,51.4000,-26,29,02.000,-65.00,15.00,16.0,0.00,6.51
HR4126,HR4126,2000,10,35,05.5000,+75,42,47.000,-30.00,-3.00,17.0,27.00,4.84
HR4127,46Leo,2000,10,32,11.8000,+14,08,14.000,-42.00,24.00,34.0,-8.00,5.46
HR4128,HR4128,2000,10,30,39.2000,-61,21,22.000,-3.00,22.00,-4.0,0.00,6.43
HR4129,HR4129,2000,10,30,08.7000,-66,59,06.000,-25.00,-8.00,-8.0,0.00,6.19
HR4130,HR4130,2000,10,31,48.6000,-28,14,15.000,-86.00,-16.00,-21.0,0.00,6.05
HR4131,HR4131,2000,10,33,43.6000,+53,29,51.000,-47.00,-25.00,2.0,0.00,6.45
HR4132,HR4132,2000,10,33,13.9000,+40,25,32.000,-140.00,6.00,9.0,31.00,4.75
HR4133,rhLeo,2000,10,32,48.7000,+09,18,24.000,-7.00,-3.00,42.0,11.00,3.85
HR4134,HR4134,2000,10,31,21.8000,-53,42,56.000,-418.00,205.00,20.0,50.00,4.89
HR4135,HR4135,2000,10,31,57.5000,-45,04,00.000,0.00,-2.00,-0.0,0.00,5.74
HR4136,HR4136,2000,10,31,56.6000,-45,04,10.000,-13.00,6.00,-9.0,0.00,6.09
HR4137,34LMi,2000,10,33,30.9000,+34,59,19.000,-29.00,-6.00,7.0,0.00,5.58
HR4138,HR4138,2000,10,30,20.1000,-71,59,35.000,25.00,-37.00,8.0,14.00,4.74
HR4139,HR4139,2000,10,32,33.6000,-44,37,08.000,-11.00,-32.00,-10.0,0.00,5.91
HR4140,HR4140,2000,10,32,01.4000,-61,41,07.000,-19.00,9.00,26.0,0.00,3.32
HR4141,37UMa,2000,10,35,09.7000,+57,04,58.000,67.00,39.00,-10.0,36.00,5.16
HR4142,HR4142,2000,10,31,02.0000,-73,13,18.000,-17.00,-1.00,11.0,0.00,4.93
HR4143,HR4143,2000,10,32,56.9000,-47,00,12.000,-19.00,3.00,4.0,10.00,5.02
HR4144,HR4144,2000,10,32,47.6000,-58,40,01.000,-24.00,0.00,10.0,0.00,6.00
HR4145,44Hya,2000,10,34,00.9000,-23,44,43.000,-8.00,21.00,-4.0,17.00,5.08
HR4146,48Leo,2000,10,34,48.0000,+06,57,13.000,-102.00,56.00,5.0,34.00,5.08
HR4147,HR4147,2000,10,33,25.3000,-58,11,25.000,-17.00,-3.00,7.0,0.00,6.14
HR4148,49Leo,2000,10,35,02.2000,+08,39,01.000,-55.00,-6.00,17.0,5.00,5.67
HR4149,HR4149,2000,10,34,57.7000,-23,10,34.000,-98.00,36.00,12.0,0.00,6.10
HR4150,35LMi,2000,10,36,21.4000,+36,19,37.000,36.00,-37.00,-24.0,0.00,6.28
HR4151,HR4151,2000,10,34,12.9000,-60,59,16.000,4.00,-3.00,-1.0,0.00,6.23
HR4152,HR4152,2000,10,35,38.9000,-18,34,09.000,9.00,8.00,-7.0,0.00,6.49
HR4153,HR4153,2000,10,35,12.9000,-39,33,46.000,-27.00,-1.00,37.0,0.00,5.38
HR4154,HR4154,2000,10,35,10.5000,-43,39,53.000,-30.00,23.00,8.0,0.00,6.08
HR4155,HR4155,2000,10,36,17.4000,-10,35,00.000,18.00,-33.00,-22.0,0.00,6.57
HR4156,ph2Hya,2000,10,36,16.7000,-16,20,40.000,-26.00,-1.00,16.0,0.00,6.03
HR4157,HR4157,2000,10,36,04.6000,-26,40,30.000,9.00,-62.00,-23.0,20.00,6.29
HR4158,HR4158,2000,10,36,32.4000,-12,13,49.000,268.00,-673.00,-6.0,48.00,5.70
HR4159,HR4159,2000,10,35,35.3000,-57,33,28.000,-23.00,0.00,10.0,26.00,4.45
HR4160,HR4160,2000,10,37,11.6000,-11,44,55.000,-51.00,-32.00,9.0,0.00,6.52
HR4161,HR4161,2000,10,31,51.0000,-81,55,16.000,-33.00,8.00,7.0,0.00,7.07
HR4162,HR4162,2000,10,37,13.7000,-27,24,45.000,-109.00,24.00,17.0,10.00,4.89
HR4163,HR4163,2000,10,37,33.2000,-13,23,04.000,34.00,-32.00,-25.0,0.00,4.82
HR4164,HR4164,2000,10,36,20.3000,-59,33,53.000,-59.00,-53.00,-13.0,38.00,5.08
HR4165,HR4165,2000,10,39,05.7000,+53,40,06.000,-87.00,-74.00,45.0,0.00,5.52
HR4166,37LMi,2000,10,38,43.2000,+31,58,34.000,0.00,8.00,-7.0,21.00,4.71
HR4167,HR4167,2000,10,37,18.1000,-48,13,33.000,-155.00,-17.00,19.0,40.00,3.84
HR4168,38LMi,2000,10,39,07.6000,+37,54,36.000,-222.00,-44.00,7.0,38.00,5.85
HR4169,HR4169,2000,10,37,26.8000,-58,44,00.000,-33.00,2.00,-9.0,0.00,5.45
HR4170,HR4170,2000,10,35,24.8000,-76,18,33.000,-18.00,4.00,18.0,0.00,6.30
HR4171,ph3Hya,2000,10,38,35.0000,-16,52,36.000,-97.00,27.00,18.0,14.00,4.91
HR4172,HR4172,2000,10,38,50.4000,-12,26,37.000,-57.00,2.00,12.0,0.00,6.04
HR4173,HR4173,2000,10,38,02.5000,-57,15,23.000,-28.00,2.00,-9.0,0.00,5.91
HR4174,gaCha,2000,10,35,28.1000,-78,36,28.000,-42.00,14.00,-22.0,9.00,4.11
HR4175,HR4175,2000,10,38,50.3000,-42,45,13.000,-16.00,-16.00,16.0,0.00,6.11
HR4176,HR4176,2000,10,41,48.3000,+68,26,36.000,-26.00,-26.00,5.0,-0.00,5.75
HR4177,HR4177,2000,10,38,45.1000,-59,10,59.000,-12.00,1.00,11.0,16.00,4.66
HR4178,38UMa,2000,10,41,56.6000,+65,42,59.000,-162.00,-69.00,-11.0,26.00,5.12
HR4179,HR4179,2000,10,38,59.4000,-58,49,01.000,-86.00,12.00,81.0,0.00,5.92
HR4180,HR4180,2000,10,39,18.4000,-55,36,12.000,-19.00,5.00,20.0,23.00,4.28
HR4181,HR4181,2000,10,43,04.1000,+69,04,34.000,2.00,-12.00,-0.0,5.00,5.00
HR4182,33Sex,2000,10,41,24.2000,-01,44,30.000,-137.00,-121.00,43.0,26.00,6.26
HR4183,HR4183,2000,10,40,51.6000,-35,44,30.000,-21.00,1.00,11.0,0.00,6.37
HR4184,HR4184,2000,10,42,11.3000,+31,41,49.000,8.00,-21.00,16.0,0.00,6.02
HR4185,HR4185,2000,10,40,11.3000,-65,06,02.000,-27.00,3.00,30.0,0.00,5.52
HR4186,HR4186,2000,10,39,16.6000,-74,29,37.000,0.00,-6.00,-4.0,0.00,6.07
HR4187,39UMa,2000,10,43,43.3000,+57,11,57.000,17.00,-53.00,-15.0,0.00,5.80
HR4188,HR4188,2000,10,41,17.6000,-59,40,37.000,-6.00,-1.00,33.0,0.00,6.42
HR4189,40LMi,2000,10,43,01.8000,+26,19,32.000,-105.00,-63.00,10.0,0.00,5.51
HR4190,HR4190,2000,10,42,31.3000,-13,58,30.000,-20.00,-2.00,-9.0,0.00,6.24
HR4191,HR4191,2000,10,43,32.9000,+46,12,14.000,-269.00,-66.00,4.0,21.00,5.18
HR4192,41LMi,2000,10,43,25.0000,+23,11,18.000,-116.00,9.00,19.0,16.00,5.08
HR4193,35Sex,2000,10,43,20.9000,+04,44,52.000,22.00,-30.00,-6.0,3.00,5.79
HR4194,HR4194,2000,10,42,43.2000,-32,42,57.000,-29.00,2.00,4.0,0.00,5.64
HR4195,HR4195,2000,10,45,04.0000,+67,24,41.000,5.00,-1.00,-5.0,0.00,6.00
HR4196,HR4196,2000,10,42,14.0000,-64,27,59.000,-26.00,18.00,24.0,0.00,4.82
HR4197,HR4197,2000,10,44,14.5000,+19,45,31.000,-116.00,-26.00,5.0,0.00,6.27
HR4198,HR4198,2000,10,42,40.6000,-59,12,57.000,-9.00,0.00,-2.0,0.00,5.38
HR4199,thCar,2000,10,42,57.4000,-64,23,40.000,-23.00,10.00,24.0,0.00,2.76
HR4200,HR4200,2000,10,43,32.1000,-60,34,00.000,-32.00,6.00,9.0,20.00,4.57
HR4201,36Sex,2000,10,45,09.4000,+02,29,17.000,-51.00,-23.00,11.0,0.00,6.28
HR4202,41UMa,2000,10,46,22.5000,+57,21,57.000,-50.00,-64.00,-2.0,0.00,6.34
HR4203,42LMi,2000,10,45,51.9000,+30,40,56.000,-23.00,-37.00,12.0,0.00,5.24
HR4204,HR4204,2000,10,43,51.2000,-64,14,56.000,-14.00,6.00,11.0,0.00,5.77
HR4205,HR4205,2000,10,44,06.9000,-63,57,40.000,-19.00,13.00,26.0,0.00,4.82
HR4206,HR4206,2000,10,41,51.3000,-79,47,00.000,-31.00,10.00,18.0,0.00,5.97
HR4207,HR4207,2000,10,46,05.7000,+06,22,23.000,-8.00,-36.00,-9.0,0.00,6.37
HR4208,51Leo,2000,10,46,24.5000,+18,53,29.000,97.00,-38.00,-6.0,0.00,5.49
HR4209,52Leo,2000,10,46,25.3000,+14,11,41.000,-123.00,-66.00,35.0,0.00,5.48
HR4210,etCar,2000,10,45,03.6000,-59,41,03.000,-4.00,9.00,-25.0,0.00,6.21
HR4211,HR4211,2000,10,44,19.4000,-70,51,36.000,-75.00,-7.00,10.0,0.00,6.26
HR4212,HR4212,2000,10,44,32.1000,-70,51,18.000,-60.00,7.00,15.0,0.00,6.46
HR4213,HR4213,2000,10,44,26.5000,-72,26,38.000,-175.00,40.00,19.0,0.00,6.27
HR4214,HR4214,2000,10,46,52.0000,-17,17,48.000,-20.00,-13.00,-14.0,0.00,5.42
HR4215,HR4215,2000,10,48,50.0000,+65,07,56.000,10.00,0.00,-5.0,0.00,6.39
HR4216,muVel,2000,10,46,46.2000,-49,25,12.000,74.00,-48.00,6.0,22.00,2.69
HR4217,HR4217,2000,10,46,16.8000,-60,36,12.000,-62.00,-8.00,8.0,0.00,6.25
HR4218,HR4218,2000,10,47,38.0000,-15,15,43.000,2.00,-14.00,22.0,12.00,6.67
HR4219,HR4219,2000,10,46,16.5000,-64,30,54.000,-25.00,-5.00,32.0,0.00,5.34
HR4220,HR4220,2000,10,46,29.7000,-64,15,48.000,-8.00,12.00,12.0,0.00,5.23
HR4221,HR4221,2000,10,46,57.5000,-56,45,26.000,-16.00,-2.00,31.0,0.00,5.23
HR4222,HR4222,2000,10,46,51.2000,-64,23,00.000,-23.00,12.00,16.0,0.00,4.85
HR4223,43LMi,2000,10,48,57.2000,+29,24,57.000,-86.00,-41.00,10.0,38.00,6.15
HR4224,HR4224,2000,10,48,40.6000,-01,57,32.000,-12.00,8.00,3.0,0.00,5.93
HR4225,HR4225,2000,10,48,14.2000,-31,41,18.000,-20.00,-13.00,21.0,0.00,5.88
HR4226,HR4226,2000,10,47,38.7000,-57,28,04.000,10.00,-4.00,2.0,0.00,6.36
HR4227,53Leo,2000,10,49,15.4000,+10,32,43.000,-3.00,-25.00,-7.0,7.00,5.34
HR4228,HR4228,2000,10,48,05.4000,-59,55,09.000,-1.00,6.00,-24.0,0.00,6.00
HR4229,40Sex,2000,10,49,17.3000,-04,01,27.000,-49.00,-12.00,14.0,11.00,6.61
HR4230,44LMi,2000,10,49,53.7000,+27,58,26.000,-11.00,31.00,3.0,0.00,6.04
HR4231,de1Cha,2000,10,45,15.7000,-80,28,11.000,-38.00,-33.00,11.0,3.00,5.47
HR4232,nuHya,2000,10,49,37.5000,-16,11,37.000,94.00,200.00,-1.0,28.00,3.11
HR4233,HR4233,2000,10,49,43.5000,-09,51,10.000,9.00,-37.00,40.0,0.00,5.86
HR4234,de2Cha,2000,10,45,46.8000,-80,32,25.000,-49.00,8.00,23.0,0.00,4.45
HR4235,43UMa,2000,10,51,11.1000,+56,34,56.000,-58.00,3.00,15.0,0.00,5.67
HR4236,42UMa,2000,10,51,23.7000,+59,19,12.000,-36.00,-47.00,-17.0,0.00,5.58
HR4237,41Sex,2000,10,50,18.1000,-08,53,52.000,-4.00,-15.00,-4.0,0.00,5.79
HR4238,HR4238,2000,10,49,57.0000,-34,03,29.000,-44.00,15.00,-12.0,0.00,5.61
HR4239,HR4239,2000,10,49,24.1000,-59,19,25.000,-43.00,1.00,4.0,10.00,5.91
HR4240,HR4240,2000,10,51,05.4000,-03,05,33.000,-46.00,-6.00,37.0,0.00,5.95
HR4241,HR4241,2000,10,52,30.8000,+52,33,55.000,-20.00,-23.00,-8.0,0.00,6.65
HR4242,HR4242,2000,10,52,31.9000,+52,30,13.000,-71.00,-52.00,-3.0,0.00,6.44
HR4243,HR4243,2000,10,53,30.7000,+69,51,14.000,-398.00,-67.00,15.0,29.00,5.93
HR4244,HR4244,2000,10,52,13.7000,+01,01,31.000,-2.00,3.00,-13.0,0.00,6.38
HR4245,HR4245,2000,10,52,36.1000,-00,12,05.000,-9.00,-18.00,9.0,0.00,6.31
HR4246,44UMa,2000,10,53,34.5000,+54,35,06.000,-64.00,-11.00,1.0,16.00,5.10
HR4247,46LMi,2000,10,53,18.7000,+34,12,54.000,87.00,-278.00,16.0,24.00,3.83
HR4248,omeUMa,2000,10,53,58.7000,+43,11,24.000,45.00,-21.00,-17.0,14.00,4.71
HR4249,HR4249,2000,10,53,24.9000,-02,15,19.000,-138.00,-83.00,26.0,0.00,6.12
HR4250,HR4250,2000,10,52,30.9000,-57,14,26.000,-4.00,2.00,-24.0,0.00,5.25
HR4251,HR4251,2000,10,53,29.5000,-20,08,20.000,78.00,-239.00,-5.0,54.00,5.24
HR4252,HR4252,2000,10,53,32.9000,-15,26,44.000,67.00,-43.00,0.0,0.00,6.38
HR4253,HR4253,2000,10,53,43.7000,-02,07,45.000,-84.00,13.00,15.0,0.00,5.45
HR4254,48LMi,2000,10,54,42.2000,+25,29,27.000,-54.00,3.00,8.0,0.00,6.20
HR4255,HR4255,2000,10,54,17.8000,-13,45,29.000,-5.00,9.00,5.0,0.00,5.66
HR4256,HR4256,2000,10,54,58.2000,+34,02,05.000,-60.00,-49.00,-28.0,0.00,5.72
HR4257,HR4257,2000,10,53,29.6000,-58,51,12.000,67.00,30.00,8.0,59.00,3.78
HR4258,46UMa,2000,10,55,44.4000,+33,30,25.000,-109.00,-27.00,-22.0,0.00,5.03
HR4259,54Leo,2000,10,55,36.8000,+24,44,59.000,-72.00,-12.00,5.0,15.00,4.50
HR4260,54Leo,2000,10,55,37.3000,+24,44,56.000,-74.00,-26.00,-1.0,15.00,6.30
HR4261,HR4261,2000,10,55,11.6000,-20,39,54.000,-10.00,4.00,-12.0,0.00,6.44
HR4262,HR4262,2000,10,53,42.0000,-70,43,13.000,-34.00,-6.00,6.0,4.00,5.99
HR4263,HR4263,2000,10,55,01.0000,-42,15,04.000,-37.00,-1.00,22.0,0.00,6.11
HR4264,HR4264,2000,10,56,14.5000,+42,00,30.000,14.00,-91.00,-54.0,27.00,6.03
HR4265,55Leo,2000,10,55,42.4000,+00,44,13.000,106.00,0.00,-2.0,14.00,5.91
HR4266,HR4266,2000,10,54,29.6000,-61,49,36.000,3.00,-4.00,-3.0,0.00,5.93
HR4267,56Leo,2000,10,56,01.5000,+06,11,07.000,-22.00,-8.00,-13.0,-3.00,5.81
HR4268,HR4268,2000,10,52,27.5000,-79,33,34.000,-40.00,2.00,3.0,0.00,6.33
HR4269,HR4269,2000,10,56,16.9000,+22,21,06.000,-37.00,17.00,25.0,0.00,6.14
HR4270,50LMi,2000,10,56,34.4000,+25,30,00.000,-25.00,-15.00,30.0,0.00,6.35
HR4271,HR4271,2000,10,55,17.2000,-60,31,01.000,-36.00,84.00,-26.0,0.00,5.92
HR4272,HR4272,2000,10,59,56.8000,+77,46,12.000,-72.00,-23.00,-50.0,0.00,6.20
HR4273,ioAnt,2000,10,56,43.1000,-37,08,16.000,77.00,-128.00,-0.0,25.00,4.60
HR4274,HR4274,2000,10,57,07.9000,-50,45,54.000,-31.00,13.00,16.0,0.00,5.91
HR4275,HR4275,2000,10,59,17.9000,+51,52,56.000,-12.00,-3.00,-7.0,0.00,6.17
HR4276,HR4276,2000,10,57,48.4000,-59,43,55.000,7.00,16.00,0.0,0.00,6.11
HR4277,47UMa,2000,10,59,28.0000,+40,25,49.000,-317.00,57.00,13.0,72.00,5.05
HR4278,HR4278,2000,10,59,32.8000,+36,05,35.000,71.00,-49.00,-26.0,18.00,6.00
HR4279,HR4279,2000,10,57,15.7000,-75,05,59.000,-17.00,3.00,8.0,0.00,6.13
HR4280,HR4280,2000,11,00,14.7000,+45,31,34.000,11.00,3.00,9.0,0.00,5.47
HR4281,HR4281,2000,10,59,41.1000,+11,42,21.000,-228.00,44.00,20.0,0.00,6.55
HR4282,HR4282,2000,10,59,13.9000,-33,44,14.000,16.00,-43.00,-10.0,0.00,5.71
HR4283,HR4283,2000,11,00,25.6000,+51,30,07.000,-29.00,-15.00,0.0,0.00,6.43
HR4284,HR4284,2000,10,59,30.9000,-16,21,14.000,-46.00,-16.00,-33.0,0.00,5.89
HR4285,HR4285,2000,11,00,20.6000,+42,54,41.000,-109.00,-132.00,-6.0,19.00,6.02
HR4286,HR4286,2000,11,01,05.8000,+63,25,16.000,-40.00,-48.00,7.0,0.00,6.39
HR4287,alCrt,2000,10,59,46.5000,-18,17,56.000,-460.00,130.00,47.0,31.00,4.08
HR4288,49UMa,2000,11,00,50.4000,+39,12,44.000,-72.00,-19.00,3.0,0.00,5.08
HR4289,HR4289,2000,11,00,11.6000,-14,05,00.000,-18.00,-22.00,-6.0,0.00,5.88
HR4290,HR4290,2000,10,59,14.0000,-61,19,13.000,-31.00,19.00,16.0,0.00,6.16
HR4291,58Leo,2000,11,00,33.6000,+03,37,03.000,14.00,-16.00,6.0,7.00,4.84
HR4292,HR4292,2000,10,59,59.4000,-43,48,26.000,-58.00,11.00,-5.0,0.00,5.81
HR4293,HR4293,2000,11,00,09.3000,-42,13,33.000,28.00,3.00,-5.0,3.00,4.39
HR4294,59Leo,2000,11,00,44.8000,+06,06,05.000,-48.00,-25.00,-12.0,35.00,4.99
HR4295,beUMa,2000,11,01,50.5000,+56,22,57.000,82.00,34.00,-12.0,53.00,2.37
HR4296,HR4296,2000,11,00,08.6000,-51,49,04.000,-38.00,4.00,14.0,0.00,6.15
HR4297,HR4297,2000,11,00,57.2000,-15,47,34.000,55.00,-40.00,-5.0,0.00,6.34
HR4298,HR4298,2000,11,00,40.8000,-31,50,22.000,-80.00,105.00,-2.0,0.00,6.07
HR4299,61Leo,2000,11,01,49.7000,-02,29,05.000,12.00,-38.00,-14.0,32.00,4.74
HR4300,60Leo,2000,11,02,19.8000,+20,10,47.000,-6.00,42.00,-10.0,17.00,4.42
HR4301,alUMa,2000,11,03,43.7000,+61,45,03.000,-119.00,-67.00,-9.0,38.00,1.79
HR4302,HR4302,2000,11,02,24.4000,-26,49,53.000,65.00,-120.00,1.0,0.00,6.23
HR4303,HR4303,2000,11,03,14.6000,-00,45,09.000,-13.00,-111.00,4.0,0.00,6.14
HR4304,HR4304,2000,10,59,12.9000,-81,33,22.000,-160.00,73.00,11.0,10.00,6.71
HR4305,HR4305,2000,11,03,14.9000,-11,18,13.000,-70.00,-108.00,-8.0,0.00,5.50
HR4306,62Leo,2000,11,03,36.6000,-00,00,03.000,-57.00,1.00,-8.0,0.00,5.95
HR4307,HR4307,2000,11,03,16.1000,-31,57,39.000,-39.00,-31.00,80.0,0.00,6.46
HR4308,HR4308,2000,11,03,36.5000,-13,26,04.000,3.00,10.00,-10.0,0.00,6.34
HR4309,51UMa,2000,11,04,31.2000,+38,14,29.000,-64.00,-3.00,7.0,0.00,6.00
HR4310,chLeo,2000,11,05,01.0000,+07,20,10.000,-341.00,-47.00,5.0,29.00,4.63
HR4311,HR4311,2000,11,04,31.2000,-47,40,45.000,-110.00,27.00,-16.0,0.00,5.67
HR4312,etOct,2000,10,59,13.8000,-84,35,38.000,-68.00,-5.00,-3.0,0.00,6.19
HR4313,HR4313,2000,11,04,54.2000,-35,48,17.000,-17.00,4.00,11.0,0.00,5.43
HR4314,ch1Hya,2000,11,05,19.9000,-27,17,37.000,-188.00,-4.00,17.0,43.00,4.94
HR4315,HR4315,2000,11,05,34.0000,-11,05,20.000,13.00,-79.00,-20.0,0.00,6.09
HR4316,HR4316,2000,11,05,04.2000,-49,23,33.000,-23.00,4.00,4.0,0.00,6.13
HR4317,ch2Hya,2000,11,05,57.6000,-27,17,16.000,34.00,-14.00,30.0,0.00,5.71
HR4318,HR4318,2000,11,06,05.8000,-51,12,45.000,5.00,-65.00,53.0,0.00,6.30
HR4319,65Leo,2000,11,06,54.2000,+01,57,20.000,-383.00,-86.00,55.0,35.00,5.52
HR4320,HR4320,2000,11,06,38.7000,-28,43,40.000,-57.00,-32.00,18.0,0.00,6.77
HR4321,HR4321,2000,11,06,27.4000,-50,57,24.000,-67.00,6.00,9.0,0.00,6.32
HR4322,64Leo,2000,11,07,39.7000,+23,19,25.000,-14.00,8.00,-2.0,0.00,6.46
HR4323,HR4323,2000,11,06,29.3000,-58,40,31.000,-15.00,0.00,3.0,0.00,6.02
HR4324,HR4324,2000,11,07,08.4000,-32,35,14.000,-81.00,-52.00,-2.0,0.00,6.59
HR4325,HR4325,2000,11,06,32.4000,-62,25,27.000,-43.00,13.00,-2.0,55.00,4.61
HR4326,HR4326,2000,11,06,24.2000,-64,50,23.000,-50.00,8.00,-6.0,0.00,6.41
HR4327,HR4327,2000,11,07,16.6000,-42,38,19.000,-96.00,43.00,2.0,-1.00,5.15
HR4328,HR4328,2000,11,07,54.4000,-30,10,29.000,-513.00,-138.00,13.0,49.00,6.54
HR4329,HR4329,2000,11,06,49.9000,-70,52,41.000,-27.00,0.00,7.0,0.00,5.57
HR4330,HR4330,2000,11,09,39.9000,+67,12,37.000,-83.00,-25.00,5.0,0.00,6.06
HR4331,HR4331,2000,11,08,15.8000,-29,58,22.000,8.00,-20.00,-13.0,0.00,6.49
HR4332,67Leo,2000,11,08,49.1000,+24,39,30.000,3.00,4.00,-6.0,0.00,5.68
HR4333,HR4333,2000,11,09,19.1000,+36,18,34.000,-46.00,-24.00,22.0,0.00,5.74
HR4334,HR4334,2000,11,08,43.9000,-28,04,50.000,-80.00,-16.00,16.0,11.00,5.44
HR4335,psUMa,2000,11,09,39.8000,+44,29,55.000,-65.00,-28.00,-4.0,0.00,3.01
HR4336,HR4336,2000,11,09,38.5000,+43,12,27.000,-64.00,-11.00,18.0,0.00,5.89
HR4337,HR4337,2000,11,08,35.4000,-58,58,30.000,-7.00,0.00,7.0,-1.00,3.91
HR4338,HR4338,2000,11,08,34.0000,-61,56,50.000,-6.00,2.00,-22.0,9.00,5.13
HR4339,HR4339,2000,11,09,53.4000,-32,22,03.000,23.00,-29.00,-0.0,0.00,5.81
HR4340,HR4340,2000,11,12,11.0000,+68,16,19.000,32.00,10.00,-18.0,0.00,6.40
HR4341,HR4341,2000,11,11,43.7000,+14,24,01.000,-66.00,-9.00,6.0,0.00,6.30
HR4342,HR4342,2000,11,10,54.7000,-58,27,19.000,-36.00,3.00,17.0,0.00,6.88
HR4343,beCrt,2000,11,11,39.5000,-22,49,33.000,3.00,-100.00,6.0,51.00,4.48
HR4344,HR4344,2000,11,12,44.5000,+54,53,39.000,1.00,-2.00,-6.0,0.00,6.63
HR4345,HR4345,2000,11,12,32.2000,+35,48,49.000,-271.00,-170.00,-3.0,0.00,6.41
HR4346,HR4346,2000,11,12,14.8000,-32,26,02.000,19.00,11.00,27.0,0.00,6.38
HR4347,psCrt,2000,11,12,30.4000,-18,30,00.000,-19.00,-30.00,14.0,0.00,6.13
HR4348,HR4348,2000,11,12,34.6000,-21,44,57.000,-11.00,12.00,-24.0,0.00,6.40
HR4349,HR4349,2000,11,11,29.5000,-71,26,11.000,-20.00,3.00,26.0,0.00,6.35
HR4350,HR4350,2000,11,12,33.1000,-49,06,04.000,-96.00,33.00,-10.0,0.00,5.36
HR4351,HR4351,2000,11,13,40.2000,+41,05,19.000,-4.00,13.00,12.0,0.00,6.33
HR4352,HR4352,2000,11,12,36.0000,-60,19,03.000,-7.00,4.00,-8.0,5.00,4.60
HR4353,HR4353,2000,11,12,56.9000,-49,44,11.000,-8.00,-9.00,7.0,0.00,6.11
HR4354,HR4354,2000,11,13,14.7000,-44,22,20.000,-1.00,0.00,1.0,0.00,5.80
HR4355,HR4355,2000,11,12,45.2000,-64,10,11.000,-50.00,7.00,21.0,0.00,5.23
HR4356,69Leo,2000,11,13,45.6000,-00,04,11.000,-43.00,-2.00,5.0,18.00,5.42
HR4357,deLeo,2000,11,14,06.5000,+20,31,25.000,142.00,-130.00,-20.0,48.00,2.56
HR4358,HR4358,2000,11,14,01.8000,+08,03,38.000,48.00,-110.00,17.0,0.00,5.79
HR4359,thLeo,2000,11,14,14.4000,+15,25,46.000,-61.00,-79.00,8.0,26.00,3.34
HR4360,HR4360,2000,11,13,39.3000,-53,13,54.000,-25.00,38.00,47.0,0.00,5.76
HR4361,HR4361,2000,11,13,30.8000,-59,37,10.000,-9.00,-6.00,18.0,0.00,5.74
HR4362,72Leo,2000,11,15,12.2000,+23,05,44.000,-24.00,-6.00,16.0,10.00,4.63
HR4363,HR4363,2000,11,16,04.0000,+52,46,23.000,162.00,57.00,-41.0,52.00,6.50
HR4364,HR4364,2000,11,14,54.0000,-43,44,03.000,-25.00,-16.00,9.0,0.00,6.21
HR4365,73Leo,2000,11,15,51.9000,+13,18,27.000,-7.00,-8.00,18.0,0.00,5.32
HR4366,HR4366,2000,11,15,57.8000,+12,50,41.000,-34.00,-55.00,-20.0,0.00,6.67
HR4367,HR4367,2000,11,16,41.9000,+49,28,35.000,-83.00,-9.00,0.0,0.00,5.88
HR4368,phLeo,2000,11,16,39.7000,-03,39,06.000,-108.00,-36.00,-3.0,19.00,4.47
HR4369,HR4369,2000,11,16,58.2000,-07,08,05.000,-6.00,9.00,-8.0,4.00,6.14
HR4370,HR4370,2000,11,16,27.7000,-45,52,48.000,-136.00,66.00,-2.0,16.00,6.31
HR4371,75Leo,2000,11,17,17.4000,+02,00,38.000,56.00,-140.00,-59.0,10.00,5.18
HR4372,HR4372,2000,11,17,11.8000,-38,00,52.000,-88.00,10.00,-3.0,0.00,6.27
HR4373,HR4373,2000,11,17,39.2000,-34,44,14.000,-6.00,2.00,-9.0,0.00,6.45
HR4374,xiUMa,2000,11,18,10.9000,+31,31,45.000,-432.00,-586.00,-16.0,137.00,4.87
HR4375,xiUMa,2000,11,18,11.0000,+31,31,45.000,-430.00,-586.00,-16.0,137.00,4.41
HR4376,HR4376,2000,11,17,43.0000,-36,32,04.000,-77.00,26.00,3.0,0.00,6.68
HR4377,nuUMa,2000,11,18,28.7000,+33,05,39.000,-26.00,28.00,-9.0,20.00,3.48
HR4378,HR4378,2000,11,18,21.0000,+11,59,05.000,4.00,-36.00,-35.0,0.00,6.66
HR4379,HR4379,2000,11,17,19.0000,-67,49,25.000,13.00,-7.00,26.0,0.00,6.06
HR4380,55UMa,2000,11,19,07.9000,+38,11,08.000,-57.00,-68.00,-3.0,25.00,4.78
HR4381,76Leo,2000,11,18,55.0000,+01,39,02.000,-38.00,-55.00,5.0,0.00,5.91
HR4382,deCrt,2000,11,19,20.5000,-14,46,43.000,-122.00,208.00,-5.0,24.00,3.56
HR4383,HR4383,2000,11,20,53.8000,+67,06,02.000,49.00,-52.00,-56.0,0.00,6.21
HR4384,HR4384,2000,11,19,16.5000,-64,34,57.000,-302.00,44.00,6.0,0.00,5.99
HR4385,HR4385,2000,11,18,34.3000,-79,40,07.000,31.00,-26.00,-4.0,0.00,6.35
HR4386,siLeo,2000,11,21,08.2000,+06,01,46.000,-92.00,-12.00,-5.0,1.00,4.05
HR4387,HR4387,2000,11,19,36.3000,-75,08,33.000,-38.00,4.00,23.0,0.00,6.27
HR4388,HR4388,2000,11,21,49.3000,+57,04,30.000,-58.00,9.00,-10.0,0.00,6.43
HR4389,HR4389,2000,11,20,03.9000,-71,59,40.000,-39.00,-5.00,-0.0,0.00,6.41
HR4390,piCen,2000,11,21,00.4000,-54,29,28.000,-36.00,-6.00,9.0,11.00,3.89
HR4391,HR4391,2000,11,22,51.3000,+64,19,50.000,-5.00,34.00,1.0,0.00,6.02
HR4392,56UMa,2000,11,22,49.6000,+43,28,58.000,-38.00,-13.00,3.0,-2.00,4.99
HR4393,HR4393,2000,11,22,23.1000,-44,38,45.000,-48.00,-34.00,1.0,0.00,6.12
HR4394,HR4394,2000,11,23,18.0000,+00,07,54.000,-37.00,-18.00,22.0,0.00,6.05
HR4395,laCrt,2000,11,23,21.9000,-18,46,48.000,-312.00,-34.00,11.0,23.00,5.09
HR4396,HR4396,2000,11,23,12.7000,-36,09,53.000,-20.00,0.00,-5.0,25.00,5.00
HR4397,HR4397,2000,11,21,57.1000,-77,36,30.000,-81.00,-5.00,-6.0,0.00,6.43
HR4398,HR4398,2000,11,23,08.1000,-56,46,46.000,-30.00,6.00,3.0,0.00,5.79
HR4399,ioLeo,2000,11,23,55.5000,+10,31,45.000,168.00,-75.00,-10.0,52.00,3.94
HR4400,79Leo,2000,11,24,02.3000,+01,24,28.000,-20.00,5.00,-10.0,0.00,5.39
HR4401,HR4401,2000,11,23,21.8000,-64,57,18.000,-1.00,-5.00,19.0,10.00,5.11
HR4402,epCrt,2000,11,24,36.6000,-10,51,34.000,-28.00,27.00,3.0,0.00,4.83
HR4403,HR4403,2000,11,24,22.1000,-42,40,09.000,-5.00,1.00,10.0,0.00,6.12
HR4404,HR4404,2000,11,24,58.9000,+11,25,49.000,-102.00,-5.00,38.0,0.00,5.80
HR4405,gaCrt,2000,11,24,52.9000,-17,41,02.000,-98.00,4.00,1.0,28.00,4.08
HR4406,HR4406,2000,11,24,11.1000,-72,15,24.000,-30.00,-3.00,2.0,0.00,5.59
HR4407,HR4407,2000,11,25,57.1000,+55,51,02.000,-66.00,48.00,-6.0,0.00,5.75
HR4408,81Leo,2000,11,25,36.4000,+16,27,23.000,-143.00,-5.00,18.0,0.00,5.57
HR4409,HR4409,2000,11,25,29.4000,-36,03,47.000,-113.00,20.00,4.0,32.00,5.22
HR4410,80Leo,2000,11,25,50.0000,+03,51,36.000,-80.00,-41.00,-3.0,0.00,6.37
HR4411,HR4411,2000,11,25,33.1000,-37,44,52.000,-42.00,-14.00,7.0,0.00,5.89
HR4412,HR4412,2000,11,26,25.5000,+33,27,02.000,-40.00,16.00,-25.0,0.00,6.32
HR4413,HR4413,2000,11,25,43.2000,-63,58,22.000,-313.00,-78.00,-5.0,40.00,5.17
HR4414,83Leo,2000,11,26,45.3000,+03,00,47.000,-724.00,180.00,-3.0,54.00,6.50
HR4415,HR4415,2000,11,26,35.3000,-61,06,55.000,-26.00,2.00,9.0,0.00,5.30
HR4416,kaCrt,2000,11,27,09.5000,-12,21,24.000,-97.00,26.00,6.0,0.00,5.94
HR4417,HR4417,2000,11,26,47.3000,-53,09,36.000,-41.00,14.00,-8.0,0.00,5.81
HR4418,taLeo,2000,11,27,56.2000,+02,51,22.000,18.00,-12.00,-9.0,34.00,4.95
HR4419,HR4419,2000,11,27,53.7000,-01,42,00.000,-34.00,-3.00,-10.0,0.00,6.25
HR4420,HR4420,2000,11,27,58.5000,-35,19,43.000,-6.00,12.00,-18.0,0.00,6.45
HR4421,HR4421,2000,11,29,04.6000,+61,46,42.000,-112.00,237.00,-8.0,0.00,5.83
HR4422,57UMa,2000,11,29,04.2000,+39,20,13.000,-50.00,16.00,-11.0,25.00,5.31
HR4423,HR4423,2000,11,28,35.1000,-42,40,27.000,-40.00,8.00,3.0,7.00,5.08
HR4424,HR4424,2000,11,29,43.5000,+56,44,15.000,-89.00,-34.00,9.0,0.00,6.28
HR4425,HR4425,2000,11,28,18.2000,-72,28,28.000,-43.00,-20.00,12.0,0.00,6.09
HR4426,85Leo,2000,11,29,41.9000,+15,24,48.000,-28.00,-45.00,-29.0,0.00,5.74
HR4427,HR4427,2000,11,30,12.9000,+54,21,42.000,10.00,-57.00,-22.0,0.00,6.41
HR4428,HR4428,2000,11,29,38.6000,-24,27,48.000,-48.00,43.00,-2.0,21.00,5.76
HR4429,HR4429,2000,11,31,50.4000,+81,07,38.000,-149.00,32.00,3.0,20.00,6.15
HR4430,HR4430,2000,11,30,25.0000,+46,39,27.000,11.00,32.00,27.0,0.00,6.35
HR4431,58UMa,2000,11,30,31.1000,+43,10,24.000,-50.00,83.00,-30.0,0.00,5.94
HR4432,87Leo,2000,11,30,18.9000,-03,00,13.000,22.00,-14.00,19.0,15.00,4.77
HR4433,86Leo,2000,11,30,29.0000,+18,24,35.000,-88.00,20.00,27.0,26.00,5.52
HR4434,laDra,2000,11,31,24.2000,+69,19,52.000,-39.00,-17.00,7.0,26.00,3.84
HR4435,HR4435,2000,11,30,52.9000,+47,55,45.000,-229.00,-70.00,38.0,0.00,6.42
HR4436,HR4436,2000,11,31,10.2000,+48,47,21.000,-30.00,-40.00,6.0,0.00,6.56
HR4437,88Leo,2000,11,31,44.9000,+14,21,52.000,-330.00,-189.00,-4.0,35.00,6.20
HR4438,HR4438,2000,11,31,15.0000,-61,16,42.000,-7.00,3.00,-4.0,0.00,6.38
HR4439,HR4439,2000,11,32,20.8000,+61,04,57.000,2.00,-69.00,-46.0,45.00,5.48
HR4440,HR4440,2000,11,31,47.6000,-20,46,36.000,-131.00,32.00,10.0,0.00,6.24
HR4441,omi1Cen,2000,11,31,46.1000,-59,26,32.000,-5.00,-5.00,-20.0,24.00,5.13
HR4442,omi2Cen,2000,11,31,48.8000,-59,30,57.000,-8.00,1.00,-17.0,14.00,5.15
HR4443,HR4443,2000,11,32,16.1000,-29,15,48.000,-14.00,138.00,10.0,13.00,5.81
HR4444,HR4444,2000,11,32,16.3000,-29,15,40.000,-28.00,145.00,4.0,13.00,5.64
HR4445,HR4445,2000,11,32,23.3000,-26,44,48.000,-79.00,33.00,35.0,0.00,6.16
HR4446,HR4446,2000,11,32,47.5000,-07,49,39.000,-7.00,4.00,-1.0,0.00,5.95
HR4447,HR4447,2000,11,32,48.1000,-40,26,11.000,-69.00,52.00,3.0,0.00,5.64
HR4448,HR4448,2000,11,32,19.9000,-66,57,44.000,-4.00,-1.00,-11.0,0.00,5.90
HR4449,HR4449,2000,11,32,54.1000,-31,05,14.000,-30.00,6.00,19.0,19.00,5.04
HR4450,xiHya,2000,11,33,00.1000,-31,51,28.000,-206.00,-40.00,-5.0,27.00,3.54
HR4451,HR4451,2000,11,33,14.6000,-16,16,50.000,-2.00,-43.00,-4.0,0.00,6.05
HR4452,HR4452,2000,11,33,56.3000,+36,48,56.000,-129.00,-46.00,18.0,-14.00,6.40
HR4453,HR4453,2000,11,33,37.3000,-40,35,13.000,-71.00,24.00,9.0,28.00,5.39
HR4454,HR4454,2000,11,34,10.0000,+11,01,25.000,45.00,-31.00,-5.0,0.00,6.55
HR4455,89Leo,2000,11,34,22.0000,+03,03,36.000,-182.00,-104.00,3.0,45.00,5.77
HR4456,90Leo,2000,11,34,42.5000,+16,47,49.000,-11.00,3.00,19.0,3.00,5.95
HR4457,HR4457,2000,11,35,04.9000,+54,47,07.000,8.00,8.00,18.0,0.00,5.63
HR4458,HR4458,2000,11,34,29.5000,-32,49,53.000,-674.00,826.00,-23.0,106.00,5.98
HR4459,HR4459,2000,11,35,03.8000,+20,26,29.000,-59.00,-5.00,-7.0,0.00,6.45
HR4460,HR4460,2000,11,34,45.7000,-54,15,51.000,-56.00,17.00,3.0,0.00,4.62
HR4461,2Dra,2000,11,36,02.8000,+69,19,22.000,111.00,-127.00,-2.0,25.00,5.20
HR4462,HR4462,2000,11,34,56.8000,-49,08,12.000,-170.00,168.00,-1.0,34.00,5.50
HR4463,HR4463,2000,11,35,13.2000,-47,22,21.000,-89.00,-4.00,18.0,8.00,5.71
HR4464,HR4464,2000,11,35,43.4000,+10,54,40.000,35.00,-23.00,-5.0,0.00,6.56
HR4465,HR4465,2000,11,36,17.9000,+27,46,52.000,23.00,3.00,8.0,12.00,5.80
HR4466,HR4466,2000,11,35,55.6000,-47,38,30.000,36.00,-49.00,5.0,22.00,5.25
HR4467,laCen,2000,11,35,46.8000,-63,01,11.000,-41.00,-5.00,-1.0,0.00,3.13
HR4468,thCrt,2000,11,36,40.9000,-09,48,08.000,-61.00,8.00,1.0,0.00,4.70
HR4469,HR4469,2000,11,36,35.0000,-33,34,12.000,40.00,-37.00,42.0,0.00,5.74
HR4470,HR4470,2000,11,36,40.8000,-37,14,16.000,-13.00,-19.00,-2.0,0.00,6.31
HR4471,upLeo,2000,11,36,56.9000,-00,49,26.000,4.00,43.00,1.0,19.00,4.30
HR4472,HR4472,2000,11,36,22.3000,-61,03,08.000,-21.00,8.00,11.0,0.00,5.83
HR4473,HR4473,2000,11,37,01.2000,-32,59,17.000,-11.00,-79.00,10.0,0.00,6.29
HR4474,HR4474,2000,11,37,53.0000,+50,37,06.000,-47.00,-21.00,-4.0,0.00,6.14
HR4475,HR4475,2000,11,37,00.6000,-61,17,00.000,-224.00,6.00,3.0,2.00,5.15
HR4476,HR4476,2000,11,37,33.9000,-47,44,50.000,-72.00,27.00,-1.0,1.00,5.44
HR4477,59UMa,2000,11,38,20.6000,+43,37,32.000,-145.00,-33.00,2.0,0.00,5.59
HR4478,HR4478,2000,11,38,09.8000,+08,53,03.000,-59.00,19.00,11.0,0.00,6.17
HR4479,piCha,2000,11,37,15.6000,-75,53,48.000,-134.00,1.00,-10.0,0.00,5.65
HR4480,60UMa,2000,11,38,33.5000,+46,50,03.000,-37.00,-33.00,-24.0,0.00,6.10
HR4481,HR4481,2000,11,38,49.2000,+64,20,49.000,16.00,6.00,-22.0,4.00,6.46
HR4482,HR4482,2000,11,38,32.2000,+33,37,32.000,-28.00,-19.00,-6.0,0.00,6.27
HR4483,omeVir,2000,11,38,27.6000,+08,08,03.000,-6.00,5.00,4.0,-5.00,5.36
HR4484,HR4484,2000,11,38,24.1000,-02,26,10.000,-31.00,9.00,-15.0,0.00,6.22
HR4485,HR4485,2000,11,37,48.4000,-67,37,13.000,-83.00,-7.00,34.0,0.00,5.96
HR4486,HR4486,2000,11,38,44.9000,+45,06,31.000,-594.00,26.00,-18.0,49.00,6.44
HR4487,HR4487,2000,11,38,07.3000,-61,49,35.000,-71.00,17.00,4.0,24.00,5.15
HR4488,ioCrt,2000,11,38,40.1000,-13,12,07.000,92.00,120.00,-24.0,0.00,5.48
HR4489,HR4489,2000,11,39,00.4000,-24,43,16.000,33.00,-241.00,97.0,0.00,6.42
HR4490,HR4490,2000,11,39,51.1000,-14,28,07.000,-38.00,-11.00,5.0,0.00,6.21
HR4491,HR4491,2000,11,39,50.4000,-16,37,13.000,-10.00,-9.00,26.0,0.00,6.19
HR4492,HR4492,2000,11,39,29.4000,-65,23,52.000,-42.00,-6.00,14.0,6.00,5.17
HR4493,HR4493,2000,11,40,27.4000,+57,58,14.000,-12.00,21.00,4.0,0.00,6.37
HR4494,omiHya,2000,11,40,12.8000,-34,44,41.000,-42.00,0.00,6.0,0.00,4.70
HR4495,92Leo,2000,11,40,47.1000,+21,21,10.000,-64.00,-49.00,9.0,0.00,5.26
HR4496,61UMa,2000,11,41,03.0000,+34,12,06.000,-12.00,-381.00,-5.0,119.00,5.33
HR4497,HR4497,2000,11,40,42.6000,-53,58,07.000,4.00,-19.00,-12.0,0.00,5.96
HR4498,HR4498,2000,11,41,08.4000,-29,11,47.000,-324.00,215.00,-19.0,32.00,6.44
HR4499,HR4499,2000,11,40,53.6000,-62,05,24.000,-20.00,8.00,14.0,25.00,4.94
HR4500,HR4500,2000,11,41,43.6000,+55,10,21.000,-15.00,23.00,-7.0,0.00,6.27
HR4501,62UMa,2000,11,41,34.3000,+31,44,46.000,-351.00,32.00,32.0,26.00,5.73
HR4502,HR4502,2000,11,41,19.8000,-43,05,45.000,-82.00,3.00,8.0,0.00,5.55
HR4503,HR4503,2000,11,41,44.0000,-32,29,59.000,4.00,-42.00,34.0,15.00,5.22
HR4504,3Dra,2000,11,42,28.4000,+66,44,42.000,-43.00,38.00,3.0,0.00,5.30
HR4505,HR4505,2000,11,42,05.2000,+22,12,39.000,-92.00,-63.00,-23.0,0.00,6.59
HR4506,HR4506,2000,11,42,03.5000,-20,17,38.000,-15.00,-48.00,-14.0,0.00,6.22
HR4507,HR4507,2000,11,41,01.2000,-83,06,00.000,-71.00,15.00,12.0,0.00,6.33
HR4508,HR4508,2000,11,43,27.2000,-37,11,25.000,-15.00,-24.00,36.0,0.00,5.98
HR4509,HR4509,2000,11,42,55.4000,-79,18,23.000,132.00,-8.00,33.0,0.00,6.39
HR4510,HR4510,2000,11,43,55.1000,-06,40,38.000,59.00,-40.00,-3.0,0.00,6.07
HR4511,HR4511,2000,11,43,31.2000,-62,29,22.000,-8.00,3.00,10.0,37.00,5.03
HR4512,HR4512,2000,11,44,13.2000,+25,13,06.000,-14.00,12.00,-3.0,0.00,6.02
HR4513,HR4513,2000,11,43,52.9000,-62,52,42.000,17.00,-15.00,2.0,0.00,6.10
HR4514,zeCrt,2000,11,44,45.8000,-18,21,03.000,31.00,-30.00,-5.0,30.00,4.73
HR4515,xiVir,2000,11,45,17.1000,+08,15,30.000,61.00,-18.00,-1.0,39.00,4.85
HR4516,HR4516,2000,11,45,12.6000,-49,04,11.000,-31.00,14.00,4.0,0.00,6.26
HR4517,nuVir,2000,11,45,51.6000,+06,31,46.000,-18.00,-184.00,51.0,14.00,4.03
HR4518,chUMa,2000,11,46,03.0000,+47,46,46.000,-137.00,30.00,-9.0,19.00,3.71
HR4519,HR4519,2000,11,45,43.9000,-45,41,24.000,-47.00,9.00,-10.0,0.00,5.29
HR4520,laMus,2000,11,45,36.4000,-66,43,43.000,-103.00,37.00,16.0,0.00,3.64
HR4521,HR4521,2000,11,46,55.6000,+55,37,42.000,14.00,-30.00,2.0,0.00,5.27
HR4522,HR4522,2000,11,46,30.8000,-61,10,42.000,-27.00,-15.00,-3.0,11.00,4.11
HR4523,HR4523,2000,11,46,31.1000,-40,30,02.000,-1531.00,401.00,15.0,99.00,4.91
HR4524,HR4524,2000,11,47,07.0000,-35,54,25.000,34.00,-37.00,9.0,0.00,6.17
HR4525,HR4525,2000,11,47,15.7000,-30,17,13.000,-276.00,-240.00,12.0,64.00,6.48
HR4526,HR4526,2000,11,47,19.1000,-57,41,47.000,-25.00,17.00,-52.0,4.00,5.41
HR4527,93Leo,2000,11,47,59.1000,+20,13,08.000,-149.00,-3.00,0.0,22.00,4.53
HR4528,4Vir,2000,11,47,54.9000,+08,14,45.000,-57.00,12.00,-1.0,17.00,5.32
HR4529,HR4529,2000,11,48,23.5000,-10,18,48.000,-99.00,-115.00,15.0,0.00,6.26
HR4530,muMus,2000,11,48,14.3000,-66,48,53.000,13.00,-15.00,37.0,13.00,4.72
HR4531,HR4531,2000,11,48,38.7000,+14,17,03.000,-107.00,7.00,6.0,53.00,5.88
HR4532,HR4532,2000,11,48,45.1000,-26,44,59.000,-32.00,-10.00,7.0,19.00,5.11
HR4533,HR4533,2000,11,49,01.2000,-00,19,07.000,-217.00,9.00,4.0,0.00,6.15
HR4534,beLeo,2000,11,49,03.6000,+14,34,19.000,-497.00,-114.00,-0.0,82.00,2.14
HR4535,HR4535,2000,11,49,14.9000,+16,14,34.000,54.00,-61.00,-23.0,0.00,6.04
HR4536,HR4536,2000,11,49,41.7000,+34,55,54.000,-115.00,6.00,-7.0,0.00,5.70
HR4537,HR4537,2000,11,49,41.1000,-63,47,18.000,-21.00,6.00,29.0,0.00,4.32
HR4538,HR4538,2000,11,49,56.6000,-70,13,33.000,-9.00,1.00,18.0,9.00,4.97
HR4539,HR4539,2000,11,50,19.5000,-15,51,50.000,-13.00,9.00,-4.0,0.00,6.13
HR4540,beVir,2000,11,50,41.7000,+01,45,53.000,743.00,-271.00,5.0,104.00,3.61
HR4541,HR4541,2000,11,50,27.2000,-62,38,58.000,-12.00,-2.00,-10.0,0.00,5.70
HR4542,HR4542,2000,11,50,37.1000,-27,16,40.000,-87.00,10.00,-3.0,0.00,6.48
HR4543,HR4543,2000,11,50,55.3000,+12,16,44.000,-137.00,23.00,7.0,0.00,6.35
HR4544,HR4544,2000,11,51,02.2000,-05,20,00.000,3.00,0.00,12.0,0.00,5.64
HR4545,HR4545,2000,11,51,09.4000,+33,22,30.000,-21.00,19.00,2.0,0.00,6.27
HR4546,HR4546,2000,11,51,08.7000,-45,10,25.000,-70.00,-10.00,2.0,22.00,4.46
HR4547,HR4547,2000,11,51,21.9000,-12,11,16.000,-238.00,48.00,9.0,0.00,6.35
HR4548,HR4548,2000,11,51,41.6000,-30,50,06.000,-10.00,-295.00,33.0,19.00,5.85
HR4549,HR4549,2000,11,51,51.2000,-65,12,22.000,-39.00,-10.00,21.0,0.00,4.90
HR4550,HR4550,2000,11,52,58.8000,+37,43,07.000,4003.00,-5813.00,-98.0,116.00,6.45
HR4551,HR4551,2000,11,52,10.1000,-56,59,16.000,-119.00,33.00,23.0,0.00,5.57
HR4552,beHya,2000,11,52,54.6000,-33,54,29.000,-50.00,5.00,-1.0,10.00,4.28
HR4553,HR4553,2000,11,53,26.8000,-35,04,00.000,-79.00,-28.00,-9.0,0.00,6.17
HR4554,gaUMa,2000,11,53,49.8000,+53,41,41.000,95.00,12.00,-13.0,28.00,2.44
HR4555,HR4555,2000,11,53,50.3000,+00,33,07.000,-39.00,-7.00,10.0,0.00,6.30
HR4556,HR4556,2000,11,54,11.5000,-57,24,36.000,-14.00,5.00,-14.0,0.00,6.06
HR4557,HR4557,2000,11,54,25.8000,-37,44,56.000,-309.00,60.00,-12.0,52.00,6.46
HR4558,HR4558,2000,11,54,42.5000,-25,42,50.000,48.00,81.00,-11.0,32.00,5.30
HR4559,6Vir,2000,11,55,03.1000,+08,26,38.000,-31.00,16.00,-10.0,0.00,5.58
HR4560,65UMa,2000,11,55,05.7000,+46,28,37.000,1.00,8.00,-8.0,3.00,6.54
HR4561,65UMa,2000,11,55,11.2000,+46,28,11.000,-9.00,6.00,-7.0,3.00,7.03
HR4562,HR4562,2000,11,55,14.1000,+36,45,23.000,-54.00,-50.00,19.0,0.00,6.49
HR4563,HR4563,2000,11,54,59.8000,-63,16,44.000,-26.00,11.00,-28.0,0.00,5.91
HR4564,95Leo,2000,11,55,40.5000,+15,38,48.000,9.00,2.00,-21.0,-3.00,5.53
HR4565,HR4565,2000,11,55,40.1000,-28,28,37.000,4.00,-26.00,11.0,0.00,5.93
HR4566,66UMa,2000,11,55,58.4000,+56,35,55.000,10.00,0.00,13.0,0.00,5.84
HR4567,etCrt,2000,11,56,00.9000,-17,09,03.000,-51.00,-6.00,15.0,23.00,5.18
HR4568,HR4568,2000,11,55,54.7000,-39,41,21.000,48.00,-8.00,-0.0,0.00,6.13
HR4569,HR4569,2000,11,56,53.2000,+61,32,57.000,-31.00,-40.00,17.0,0.00,6.22
HR4570,HR4570,2000,11,56,43.9000,-47,04,21.000,-126.00,16.00,8.0,0.00,6.26
HR4571,HR4571,2000,11,57,03.7000,-33,18,55.000,-55.00,3.00,-10.0,0.00,6.21
HR4572,HR4572,2000,11,57,14.6000,+40,20,37.000,-160.00,-62.00,26.0,0.00,6.62
HR4573,HR4573,2000,11,57,40.1000,-62,26,56.000,-22.00,-6.00,20.0,0.00,5.57
HR4574,HR4574,2000,11,58,07.2000,+32,16,26.000,-109.00,-60.00,2.0,0.00,6.42
HR4575,HR4575,2000,11,58,20.6000,+61,27,53.000,42.00,0.00,-26.0,0.00,6.76
HR4576,HR4576,2000,11,58,15.2000,-56,19,02.000,-21.00,6.00,-5.0,0.00,5.44
HR4577,HR4577,2000,11,58,20.3000,-40,56,50.000,-57.00,21.00,7.0,0.00,6.79
HR4578,HR4578,2000,11,58,47.7000,-64,20,21.000,-1.00,12.00,2.0,0.00,5.61
HR4579,HR4579,2000,11,58,54.4000,-25,54,32.000,-27.00,-19.00,13.0,0.00,6.43
HR4580,HR4580,2000,11,59,03.4000,+00,31,50.000,-61.00,27.00,12.0,0.00,6.17
HR4581,HR4581,2000,11,59,17.6000,+33,10,03.000,4.00,3.00,-1.0,0.00,5.96
HR4582,HR4582,2000,11,59,10.9000,-51,41,48.000,-12.00,-3.00,10.0,0.00,6.05
HR4583,epCha,2000,11,59,37.3000,-78,13,19.000,-57.00,-2.00,13.0,12.00,4.91
HR4584,HR4584,2000,11,59,57.2000,+34,02,06.000,-64.00,42.00,-8.0,0.00,6.50
HR4585,7Vir,2000,11,59,56.9000,+03,39,19.000,-17.00,-6.00,-3.0,16.00,5.37
HR4586,HR4586,2000,12,00,18.6000,+80,51,11.000,-68.00,-38.00,32.0,0.00,6.17
HR4587,HR4587,2000,12,00,44.5000,-10,26,46.000,126.00,-476.00,0.0,80.00,5.55
HR4588,HR4588,2000,12,00,42.5000,-21,50,14.000,28.00,6.00,4.0,0.00,6.28
HR4589,piVir,2000,12,00,52.4000,+06,36,51.000,1.00,-30.00,-10.0,21.00,4.66
HR4590,HR4590,2000,12,00,51.2000,-19,39,32.000,-21.00,13.00,2.0,0.00,5.26
HR4591,HR4591,2000,12,01,01.8000,-01,46,05.000,-15.00,-70.00,36.0,0.00,6.31
HR4592,HR4592,2000,12,01,29.0000,-57,30,13.000,-73.00,-15.00,-4.0,0.00,6.16
HR4593,HR4593,2000,12,01,39.5000,+36,02,31.000,-91.00,-81.00,30.0,28.00,5.59
HR4594,67UMa,2000,12,02,06.8000,+43,02,44.000,-326.00,70.00,6.0,19.00,5.21
HR4595,HR4595,2000,12,02,20.1000,-85,37,54.000,-65.00,1.00,17.0,0.00,6.05
HR4596,HR4596,2000,12,02,28.6000,-71,29,20.000,-64.00,18.00,-9.0,0.00,6.42
HR4597,HR4597,2000,12,02,37.7000,-69,11,32.000,-39.00,-7.00,8.0,0.00,5.89
HR4598,HR4598,2000,12,02,51.6000,-07,41,01.000,-36.00,20.00,-8.0,0.00,6.22
HR4599,th1Cru,2000,12,03,01.5000,-63,18,46.000,-150.00,8.00,-2.0,21.00,4.33
HR4600,HR4600,2000,12,03,39.6000,-42,26,03.000,331.00,-114.00,36.0,39.00,5.15
HR4601,HR4601,2000,12,03,44.3000,-74,12,50.000,-27.00,7.00,9.0,0.00,6.44
HR4602,2Com,2000,12,04,16.6000,+21,27,33.000,36.00,-4.00,6.0,5.00,5.87
HR4603,th2Cru,2000,12,04,19.2000,-63,09,56.000,-20.00,8.00,16.0,0.00,4.72
HR4604,HR4604,2000,12,04,38.7000,-68,19,45.000,-54.00,-12.00,25.0,16.00,5.35
HR4605,kaCha,2000,12,04,46.5000,-76,31,09.000,-82.00,48.00,-2.0,3.00,5.04
HR4606,HR4606,2000,12,04,28.1000,+85,35,14.000,-56.00,92.00,8.0,0.00,6.27
HR4607,HR4607,2000,12,04,57.1000,-60,58,09.000,-38.00,-32.00,-0.0,0.00,5.96
HR4608,omiVir,2000,12,05,12.5000,+08,43,59.000,-220.00,46.00,-30.0,39.00,4.12
HR4609,HR4609,2000,12,05,15.1000,+76,54,21.000,147.00,-91.00,-20.0,14.00,5.80
HR4610,HR4610,2000,12,05,39.7000,+62,55,59.000,-50.00,-75.00,-26.0,0.00,6.13
HR4611,HR4611,2000,12,05,53.2000,-65,32,50.000,-31.00,-12.00,-13.0,0.00,6.33
HR4612,HR4612,2000,12,05,56.7000,-35,41,38.000,-31.00,-2.00,-18.0,0.00,6.23
HR4613,HR4613,2000,12,05,59.8000,-03,07,54.000,-28.00,-19.00,17.0,0.00,6.37
HR4614,HR4614,2000,12,06,19.8000,-68,39,03.000,-14.00,20.00,6.0,0.00,6.23
HR4615,HR4615,2000,12,06,23.1000,-65,42,33.000,-49.00,2.00,-4.0,0.00,6.06
HR4616,etCru,2000,12,06,52.9000,-64,36,49.000,33.00,-37.00,9.0,53.00,4.15
HR4617,HR4617,2000,12,07,49.8000,-75,22,01.000,-98.00,19.00,-45.0,20.00,5.18
HR4618,HR4618,2000,12,08,05.2000,-50,39,41.000,-35.00,-10.00,17.0,0.00,4.47
HR4619,HR4619,2000,12,08,04.8000,-50,45,48.000,-37.00,2.00,16.0,0.00,6.37
HR4620,HR4620,2000,12,08,14.7000,-48,41,34.000,-25.00,-17.00,3.0,0.00,5.34
HR4621,deCen,2000,12,08,21.5000,-50,43,21.000,-34.00,-8.00,11.0,26.00,2.60
HR4622,HR4622,2000,12,08,24.6000,-60,50,50.000,-13.00,3.00,10.0,0.00,6.22
HR4623,alCrv,2000,12,08,24.8000,-24,43,44.000,86.00,-40.00,4.0,70.00,4.02
HR4624,HR4624,2000,12,08,53.8000,-44,19,34.000,-46.00,-49.00,-9.0,0.00,5.75
HR4625,HR4625,2000,12,08,54.5000,-41,13,53.000,-24.00,-6.00,0.0,0.00,5.48
HR4626,10Vir,2000,12,09,41.3000,+01,53,52.000,43.00,-178.00,3.0,9.00,5.95
HR4627,HR4627,2000,12,09,47.3000,+74,39,41.000,1.00,6.00,-19.0,0.00,6.35
HR4628,HR4628,2000,12,10,02.5000,-34,42,18.000,-52.00,-18.00,-10.0,6.00,6.17
HR4629,11Vir,2000,12,10,03.4000,+05,48,25.000,-158.00,16.00,-9.0,19.00,5.72
HR4630,epCrv,2000,12,10,07.5000,-22,37,11.000,-71.00,14.00,5.0,27.00,3.00
HR4631,HR4631,2000,12,10,33.8000,-37,52,13.000,47.00,-35.00,-7.0,0.00,6.06
HR4632,3Com,2000,12,10,31.6000,+16,48,33.000,-17.00,1.00,-12.0,0.00,6.39
HR4633,HR4633,2000,12,10,46.1000,+27,16,53.000,-9.00,-14.00,-9.0,0.00,6.01
HR4634,HR4634,2000,12,11,04.9000,-61,16,39.000,-134.00,-18.00,-3.0,0.00,6.08
HR4635,3Crv,2000,12,11,03.9000,-23,36,09.000,-63.00,-16.00,11.0,23.00,5.46
HR4636,HR4636,2000,12,11,02.9000,-45,25,22.000,-18.00,9.00,6.0,0.00,6.61
HR4637,HR4637,2000,12,11,31.4000,-51,21,34.000,-208.00,-67.00,26.0,0.00,6.23
HR4638,rhCen,2000,12,11,39.1000,-52,22,07.000,-35.00,-16.00,15.0,32.00,3.96
HR4639,HR4639,2000,12,11,00.0000,+81,42,36.000,-29.00,7.00,-27.0,0.00,6.00
HR4640,4Com,2000,12,11,51.2000,+25,52,13.000,-38.00,-31.00,22.0,0.00,5.66
HR4641,68UMa,2000,12,11,44.9000,+57,03,16.000,7.00,-13.00,35.0,0.00,6.43
HR4642,HR4642,2000,12,12,01.2000,+28,32,10.000,97.00,-71.00,-15.0,0.00,6.49
HR4643,5Com,2000,12,12,09.3000,+20,32,31.000,-20.00,-19.00,-25.0,0.00,5.57
HR4644,HR4644,2000,12,12,22.0000,-62,57,03.000,-7.00,2.00,-2.0,0.00,5.92
HR4645,HR4645,2000,12,12,46.8000,-70,09,07.000,-22.00,-9.00,11.0,0.00,6.17
HR4646,HR4646,2000,12,12,11.9000,+77,36,59.000,10.00,22.00,-0.0,31.00,5.14
HR4647,HR4647,2000,12,13,13.0000,-34,07,32.000,-30.00,-6.00,3.0,0.00,6.50
HR4648,HR4648,2000,12,13,25.3000,-38,55,45.000,-3.00,-6.00,-43.0,0.00,5.76
HR4649,HR4649,2000,12,13,55.7000,-78,34,25.000,-33.00,-3.00,35.0,0.00,6.35
HR4650,12Vir,2000,12,13,25.9000,+10,15,44.000,-91.00,-10.00,2.0,0.00,5.85
HR4651,HR4651,2000,12,13,36.7000,-33,47,34.000,-6.00,-11.00,-11.0,0.00,6.33
HR4652,HR4652,2000,12,14,02.6000,-45,43,26.000,-42.00,7.00,7.0,7.00,5.31
HR4653,HR4653,2000,12,14,16.8000,-64,24,31.000,-13.00,4.00,-7.0,0.00,6.22
HR4654,HR4654,2000,12,14,43.4000,+53,26,05.000,-19.00,-15.00,0.0,0.00,6.16
HR4655,HR4655,2000,12,14,59.6000,-20,50,39.000,1.00,4.00,16.0,0.00,5.83
HR4656,deCru,2000,12,15,08.7000,-58,44,56.000,-41.00,-9.00,22.0,3.00,2.80
HR4657,HR4657,2000,12,15,10.6000,-10,18,45.000,34.00,-1017.00,8.0,34.00,6.11
HR4658,HR4658,2000,12,15,30.5000,-41,54,47.000,-331.00,-175.00,25.0,25.00,6.26
HR4659,HR4659,2000,12,15,08.5000,+70,12,00.000,-23.00,-26.00,-14.0,13.00,5.71
HR4660,deUMa,2000,12,15,25.6000,+57,01,57.000,104.00,9.00,-13.0,61.00,3.31
HR4661,HR4661,2000,12,15,47.0000,-23,21,13.000,39.00,-30.00,18.0,16.00,6.54
HR4662,gaCrv,2000,12,15,48.4000,-17,32,31.000,-161.00,23.00,-4.0,0.00,2.59
HR4663,6Com,2000,12,16,00.2000,+14,53,56.000,-80.00,-34.00,10.0,26.00,5.10
HR4664,HR4664,2000,12,16,23.5000,-72,36,53.000,-53.00,-26.00,28.0,0.00,6.22
HR4665,HR4665,2000,12,15,41.4000,+72,33,03.000,-14.00,-35.00,-48.0,0.00,6.29
HR4666,2CVn,2000,12,16,07.6000,+40,39,37.000,17.00,-32.00,-16.0,4.00,5.66
HR4667,7Com,2000,12,16,20.5000,+23,56,43.000,-27.00,-7.00,-28.0,6.00,4.95
HR4668,HR4668,2000,12,16,30.1000,+33,03,41.000,-53.00,-111.00,-42.0,22.00,5.00
HR4669,HR4669,2000,12,17,06.0000,-65,41,34.000,-57.00,-1.00,21.0,0.00,6.06
HR4670,HR4670,2000,12,17,03.3000,-16,41,37.000,-48.00,3.00,-12.0,0.00,6.05
HR4671,epMus,2000,12,17,34.1000,-67,57,39.000,-244.00,-25.00,7.0,46.00,4.11
HR4672,HR4672,2000,12,17,29.5000,+53,11,28.000,34.00,-46.00,-41.0,0.00,5.81
HR4673,HR4673,2000,12,17,30.5000,+28,56,14.000,-42.00,37.00,-7.0,0.00,5.70
HR4674,beCha,2000,12,18,20.7000,-79,18,44.000,-48.00,17.00,23.0,0.00,4.26
HR4675,HR4675,2000,12,17,47.3000,-36,05,38.000,-37.00,-6.00,-14.0,4.00,6.15
HR4676,HR4676,2000,12,17,44.3000,+15,08,39.000,44.00,-63.00,-42.0,0.00,6.34
HR4677,HR4677,2000,12,18,09.1000,-03,57,16.000,-17.00,16.00,1.0,16.00,6.99
HR4678,HR4678,2000,12,18,09.6000,-03,56,55.000,-13.00,24.00,-1.0,16.00,6.54
HR4679,zeCru,2000,12,18,26.1000,-64,00,11.000,-50.00,-10.00,16.0,0.00,4.04
HR4680,HR4680,2000,12,18,31.6000,+30,14,57.000,77.00,-116.00,-18.0,0.00,6.23
HR4681,13Vir,2000,12,18,40.3000,-00,47,14.000,29.00,-16.00,-14.0,0.00,5.90
HR4682,HR4682,2000,12,18,59.7000,-55,08,35.000,-76.00,-14.00,-7.0,10.00,5.00
HR4683,HR4683,2000,12,16,51.4000,+86,26,10.000,210.00,-3.00,-6.0,37.00,6.33
HR4684,HR4684,2000,12,19,02.1000,+26,00,28.000,-4.00,-22.00,1.0,0.00,6.48
HR4685,8Com,2000,12,19,19.1000,+23,02,05.000,-22.00,-12.00,1.0,0.00,6.27
HR4686,HR4686,2000,12,15,20.3000,+87,42,00.000,-28.00,54.00,-4.0,0.00,6.28
HR4687,HR4687,2000,12,18,49.9000,+75,09,38.000,-40.00,2.00,-3.0,18.00,5.38
HR4688,9Com,2000,12,19,29.6000,+28,09,25.000,-197.00,-129.00,-8.0,25.00,6.33
HR4689,etVir,2000,12,19,54.4000,-00,40,01.000,-63.00,-18.00,2.0,16.00,3.89
HR4690,3CVn,2000,12,19,48.7000,+48,59,03.000,-12.00,7.00,8.0,0.00,5.29
HR4691,HR4691,2000,12,20,10.7000,-22,10,32.000,-109.00,-25.00,-1.0,8.00,5.97
HR4692,HR4692,2000,12,20,28.0000,-65,50,34.000,-56.00,-15.00,-8.0,0.00,6.21
HR4693,HR4693,2000,12,20,19.7000,+26,37,10.000,-65.00,-107.00,-13.0,0.00,5.54
HR4694,HR4694,2000,12,20,17.7000,+26,00,07.000,-145.00,19.00,8.0,60.00,6.15
HR4695,16Vir,2000,12,20,21.0000,+03,18,45.000,-292.00,-65.00,36.0,-2.00,4.96
HR4696,zeCrv,2000,12,20,33.7000,-22,12,57.000,-95.00,-28.00,-6.0,0.00,5.21
HR4697,11Com,2000,12,20,43.0000,+17,47,34.000,-111.00,92.00,42.0,0.00,4.74
HR4698,HR4698,2000,12,20,41.3000,+27,03,17.000,-1.00,-114.00,-15.0,8.00,7.13
HR4699,HR4699,2000,12,20,55.7000,-13,33,56.000,-6.00,14.00,13.0,20.00,5.14
HR4700,epCru,2000,12,21,21.6000,-60,24,04.000,-175.00,87.00,-5.0,26.00,3.59
HR4701,70UMa,2000,12,20,50.8000,+57,51,50.000,41.00,-73.00,-43.0,0.00,5.55
HR4702,HR4702,2000,12,21,57.5000,-56,22,29.000,-8.00,-12.00,-1.0,0.00,5.92
HR4703,ze2Mus,2000,12,22,07.3000,-67,31,19.000,-31.00,-3.00,-17.0,7.00,5.15
HR4704,ze1Mus,2000,12,22,11.9000,-68,18,27.000,-16.00,-57.00,20.0,0.00,5.74
HR4705,HR4705,2000,12,22,10.8000,+24,46,26.000,-62.00,-8.00,-4.0,0.00,6.19
HR4706,HR4706,2000,12,22,49.3000,-57,40,34.000,-46.00,-13.00,-5.0,0.00,5.39
HR4707,12Com,2000,12,22,30.3000,+25,50,46.000,-11.00,-9.00,1.0,14.00,4.81
HR4708,17Vir,2000,12,22,32.0000,+05,18,20.000,-166.00,-53.00,5.0,27.00,6.40
HR4709,HR4709,2000,12,25,37.5000,-86,09,02.000,-17.00,-1.00,25.0,0.00,6.33
HR4710,HR4710,2000,12,23,13.8000,-67,37,54.000,-759.00,254.00,31.0,13.00,6.36
HR4711,6Crv,2000,12,23,21.6000,-24,50,26.000,-19.00,-10.00,-2.0,0.00,5.68
HR4712,HR4712,2000,12,23,35.4000,-35,24,46.000,-36.00,-3.00,-10.0,0.00,5.32
HR4713,HR4713,2000,12,23,36.9000,-39,18,11.000,-9.00,-16.00,-13.0,0.00,6.40
HR4714,HR4714,2000,12,23,44.9000,-38,54,40.000,-36.00,0.00,-8.0,0.00,5.79
HR4715,4CVn,2000,12,23,47.0000,+42,32,34.000,-78.00,15.00,-0.0,0.00,6.06
HR4716,5CVn,2000,12,24,01.5000,+51,33,44.000,14.00,13.00,-12.0,38.00,4.80
HR4717,13Com,2000,12,24,18.5000,+26,05,55.000,-16.00,-11.00,1.0,9.00,5.18
HR4718,HR4718,2000,12,24,44.7000,-41,23,03.000,-64.00,-71.00,1.0,0.00,6.25
HR4719,HR4719,2000,12,24,26.7000,+25,34,58.000,-14.00,-4.00,-6.0,11.00,6.42
HR4720,HR4720,2000,12,25,17.3000,-65,46,14.000,-80.00,-121.00,25.0,0.00,6.30
HR4721,HR4721,2000,12,25,08.5000,-42,30,52.000,-130.00,-22.00,34.0,0.00,6.11
HR4722,HR4722,2000,12,25,11.7000,-11,36,37.000,-65.00,-23.00,-3.0,0.00,5.95
HR4723,HR4723,2000,12,25,18.4000,-27,44,57.000,5.00,-1.00,10.0,0.00,6.09
HR4724,HR4724,2000,12,25,21.8000,-35,11,11.000,-34.00,-6.00,-11.0,0.00,5.73
HR4725,HR4725,2000,12,25,15.1000,+23,55,34.000,58.00,-38.00,-5.0,7.00,6.03
HR4726,71UMa,2000,12,25,03.2000,+56,46,39.000,-14.00,-18.00,-17.0,0.00,5.81
HR4727,HR4727,2000,12,25,06.4000,+63,48,10.000,-15.00,2.00,-4.0,0.00,6.32
HR4728,6CVn,2000,12,25,50.9000,+39,01,07.000,-78.00,-32.00,-4.0,30.00,5.02
HR4729,HR4729,2000,12,26,30.9000,-63,07,21.000,-40.00,-25.00,27.0,0.00,4.86
HR4730,al1Cru,2000,12,26,35.9000,-63,05,57.000,-36.00,-12.00,-11.0,8.00,1.33
HR4731,al2Cru,2000,12,26,36.5000,-63,05,58.000,-34.00,-7.00,-1.0,8.00,1.73
HR4732,HR4732,2000,12,26,31.6000,-51,27,03.000,-44.00,-17.00,5.0,0.00,4.82
HR4733,14Com,2000,12,26,24.1000,+27,16,06.000,-13.00,-8.00,-4.0,14.00,4.95
HR4734,HR4734,2000,12,26,48.2000,-48,54,48.000,-633.00,-82.00,30.0,40.00,6.26
HR4735,HR4735,2000,12,26,51.7000,-32,49,48.000,-5.00,-27.00,-15.0,0.00,5.55
HR4736,HR4736,2000,12,27,24.6000,-63,47,21.000,-35.00,-18.00,42.0,0.00,6.00
HR4737,gaCom,2000,12,26,56.3000,+28,16,06.000,-83.00,-80.00,4.0,3.00,4.36
HR4738,16Com,2000,12,26,59.3000,+26,49,32.000,-6.00,-11.00,2.0,24.00,5.00
HR4739,HR4739,2000,12,27,28.7000,-58,59,31.000,-31.00,5.00,72.0,7.00,5.50
HR4740,HR4740,2000,12,26,24.2000,+71,55,47.000,-153.00,-23.00,6.0,5.00,6.24
HR4741,HR4741,2000,12,27,42.1000,+08,36,37.000,18.00,-10.00,-6.0,0.00,6.37
HR4742,HR4742,2000,12,27,49.4000,-16,37,55.000,-18.00,3.00,-8.0,0.00,6.35
HR4743,siCen,2000,12,28,02.4000,-50,13,50.000,-30.00,-15.00,8.0,0.00,3.91
HR4744,HR4744,2000,12,28,18.9000,-64,20,29.000,-68.00,-27.00,9.0,0.00,6.04
HR4745,73UMa,2000,12,27,35.1000,+55,42,46.000,-21.00,-12.00,17.0,0.00,5.70
HR4746,HR4746,2000,12,27,51.6000,-04,36,55.000,-86.00,6.00,-12.0,0.00,6.22
HR4747,HR4747,2000,12,28,25.5000,-61,47,43.000,-34.00,-14.00,-14.0,0.00,6.22
HR4748,HR4748,2000,12,28,22.5000,-39,02,29.000,-23.00,-17.00,5.0,0.00,5.44
HR4749,HR4749,2000,12,28,33.4000,-56,24,28.000,-240.00,-220.00,8.0,21.00,6.15
HR4750,HR4750,2000,12,28,38.1000,+26,13,36.000,-20.00,-14.00,2.0,0.00,6.54
HR4751,HR4751,2000,12,28,44.6000,+25,53,57.000,-18.00,-21.00,-2.0,0.00,6.65
HR4752,17Com,2000,12,28,54.7000,+25,54,46.000,-25.00,-20.00,-3.0,21.00,5.29
HR4753,18Com,2000,12,29,26.9000,+24,06,32.000,-31.00,-1.00,25.0,0.00,5.48
HR4754,HR4754,2000,12,29,53.9000,-56,31,29.000,-22.00,19.00,42.0,0.00,5.80
HR4755,HR4755,2000,12,29,57.9000,-41,44,10.000,8.00,-25.00,3.0,0.00,6.02
HR4756,20Com,2000,12,29,43.2000,+20,53,46.000,24.00,-32.00,-5.0,0.00,5.69
HR4757,deCrv,2000,12,29,51.9000,-16,30,56.000,-210.00,-138.00,9.0,24.00,2.95
HR4758,HR4758,2000,12,30,04.8000,-13,23,35.000,-248.00,-41.00,0.0,49.00,6.35
HR4759,HR4759,2000,12,30,17.5000,-23,41,48.000,-20.00,-3.00,-11.0,0.00,5.63
HR4760,74UMa,2000,12,29,57.3000,+58,24,21.000,-62.00,91.00,7.0,39.00,5.35
HR4761,7CVn,2000,12,30,02.9000,+51,32,08.000,-289.00,24.00,19.0,35.00,6.21
HR4762,75UMa,2000,12,30,04.3000,+58,46,03.000,31.00,-24.00,-17.0,0.00,6.08
HR4763,gaCru,2000,12,31,09.9000,-57,06,48.000,23.00,-262.00,21.0,0.00,1.63
HR4764,gaCru,2000,12,31,16.7000,-57,04,52.000,2.00,0.00,2.0,0.00,6.42
HR4765,4Dra,2000,12,30,06.7000,+69,12,04.000,-59.00,-52.00,-13.0,16.00,4.95
HR4766,21Com,2000,12,31,00.6000,+24,34,02.000,-12.00,-9.00,0.0,0.00,5.46
HR4767,HR4767,2000,12,30,50.1000,+53,04,36.000,15.00,181.00,-21.0,0.00,6.21
HR4768,HR4768,2000,12,31,40.3000,-59,25,26.000,-18.00,-4.00,-20.0,10.00,5.48
HR4769,HR4769,2000,12,32,10.0000,-73,00,06.000,38.00,-24.00,5.0,0.00,5.88
HR4770,HR4770,2000,12,31,21.4000,+07,36,15.000,-18.00,10.00,-17.0,0.00,6.05
HR4771,HR4771,2000,12,31,55.8000,-63,30,22.000,-63.00,8.00,4.0,0.00,5.95
HR4772,HR4772,2000,12,31,38.7000,-05,03,09.000,-38.00,31.00,2.0,0.00,6.19
HR4773,gaMus,2000,12,32,28.0000,-72,07,59.000,-58.00,-2.00,3.0,0.00,3.87
HR4774,HR4774,2000,12,32,04.5000,-32,32,01.000,-15.00,-8.00,-9.0,0.00,6.46
HR4775,etCrv,2000,12,32,04.2000,-16,11,46.000,-426.00,-61.00,-4.0,52.00,4.31
HR4776,HR4776,2000,12,32,36.0000,-13,51,33.000,-144.00,-51.00,-1.0,0.00,5.74
HR4777,20Vir,2000,12,33,02.9000,+10,17,44.000,-51.00,5.00,1.0,0.00,6.26
HR4778,HR4778,2000,12,33,22.4000,-19,47,31.000,-13.00,-2.00,5.0,0.00,6.26
HR4779,HR4779,2000,12,33,34.3000,-12,49,49.000,-16.00,52.00,-16.0,0.00,5.58
HR4780,22Com,2000,12,33,34.2000,+24,16,59.000,-18.00,-4.00,2.0,0.00,6.29
HR4781,21Vir,2000,12,33,46.8000,-09,27,07.000,-80.00,7.00,-11.0,19.00,5.48
HR4782,HR4782,2000,12,33,59.2000,-49,54,34.000,-163.00,-40.00,18.0,0.00,6.38
HR4783,HR4783,2000,12,33,38.9000,+33,14,51.000,20.00,-33.00,-20.0,33.00,5.42
HR4784,HR4784,2000,12,33,47.4000,+33,23,05.000,2.00,-8.00,-43.0,56.00,6.24
HR4785,beCVn,2000,12,33,44.5000,+41,21,27.000,-705.00,292.00,7.0,117.00,4.26
HR4786,beCrv,2000,12,34,23.2000,-23,23,48.000,2.00,-54.00,-8.0,34.00,2.65
HR4787,kaDra,2000,12,33,29.0000,+69,47,18.000,-59.00,12.00,-11.0,13.00,3.87
HR4788,HR4788,2000,12,34,42.3000,-44,40,24.000,-83.00,-215.00,18.0,21.00,5.77
HR4789,23Com,2000,12,34,51.1000,+22,37,45.000,-65.00,21.00,-16.0,4.00,4.81
HR4790,HR4790,2000,12,35,29.0000,-61,50,31.000,-304.00,-84.00,6.0,0.00,6.22
HR4791,24Com,2000,12,35,06.3000,+18,22,38.000,-3.00,24.00,5.0,2.00,6.56
HR4792,24Com,2000,12,35,07.8000,+18,22,37.000,-6.00,23.00,4.0,2.00,5.02
HR4793,HR4793,2000,12,35,08.1000,+21,52,53.000,14.00,-19.00,-14.0,0.00,5.85
HR4794,HR4794,2000,12,35,45.5000,-41,01,19.000,-107.00,-1.00,-11.0,24.00,5.13
HR4795,6Dra,2000,12,34,44.0000,+70,01,19.000,-32.00,0.00,5.0,0.00,4.94
HR4796,HR4796,2000,12,36,01.2000,-39,52,12.000,-34.00,-37.00,6.0,0.00,5.80
HR4797,HR4797,2000,12,35,58.6000,-20,31,38.000,14.00,-37.00,-2.0,0.00,6.20
HR4798,alMus,2000,12,37,11.0000,-69,08,08.000,-48.00,-13.00,13.0,0.00,2.69
HR4799,25Vir,2000,12,36,47.4000,-05,49,55.000,-28.00,-18.00,-6.0,0.00,5.87
HR4800,HR4800,2000,12,36,23.3000,+59,29,13.000,-25.00,-11.00,-91.0,0.00,5.50
HR4801,25Com,2000,12,36,58.3000,+17,05,22.000,-37.00,-16.00,-8.0,0.00,5.68
HR4802,taCen,2000,12,37,42.2000,-48,32,28.000,-184.00,-5.00,5.0,24.00,3.86
HR4803,HR4803,2000,12,37,42.2000,-27,08,20.000,76.00,-91.00,-1.0,37.00,5.45
HR4804,HR4804,2000,12,39,14.5000,-75,22,10.000,-32.00,31.00,-20.0,0.00,6.49
HR4805,HR4805,2000,12,38,04.4000,+03,16,57.000,-29.00,-9.00,-8.0,0.00,6.33
HR4806,HR4806,2000,12,38,52.5000,-67,11,35.000,-6.00,-2.00,-16.0,0.00,6.25
HR4807,HR4807,2000,12,38,22.4000,+01,51,17.000,-80.00,-18.00,-16.0,29.00,5.71
HR4808,HR4808,2000,12,38,30.0000,+06,59,18.000,-26.00,-4.00,-26.0,14.00,7.08
HR4809,HR4809,2000,12,38,44.6000,-18,15,01.000,-119.00,25.00,-13.0,0.00,6.00
HR4810,HR4810,2000,12,39,03.5000,-30,25,20.000,-34.00,-6.00,-13.0,0.00,5.89
HR4811,9CVn,2000,12,38,46.3000,+40,52,28.000,-26.00,-16.00,-15.0,0.00,6.37
HR4812,HR4812,2000,12,39,02.1000,+22,39,34.000,-50.00,-16.00,-27.0,0.00,6.38
HR4813,chVir,2000,12,39,14.8000,-07,59,44.000,-76.00,-25.00,-20.0,20.00,4.66
HR4814,HR4814,2000,12,39,55.6000,-66,30,42.000,-59.00,-21.00,-3.0,0.00,6.26
HR4815,26Com,2000,12,39,07.3000,+21,03,45.000,-81.00,-13.00,-21.0,0.00,5.46
HR4816,HR4816,2000,12,39,16.9000,+35,57,07.000,22.00,-6.00,-15.0,0.00,6.45
HR4817,HR4817,2000,12,39,52.5000,-39,59,15.000,-47.00,-30.00,15.0,0.00,4.64
HR4818,HR4818,2000,12,41,23.0000,-46,08,44.000,-69.00,57.00,7.0,0.00,5.84
HR4819,gaCen,2000,12,41,31.0000,-48,57,35.000,-189.00,-5.00,-6.0,16.00,2.17
HR4820,HR4820,2000,12,42,05.1000,-69,24,27.000,-4.00,-2.00,4.0,0.00,6.33
HR4821,HR4821,2000,12,41,16.0000,-13,00,49.000,-113.00,19.00,-14.0,14.00,6.08
HR4822,HR4822,2000,12,41,16.2000,-13,00,54.000,-127.00,8.00,-11.0,14.00,5.98
HR4823,HR4823,2000,12,41,56.6000,-59,41,09.000,-25.00,-2.00,13.0,0.00,4.93
HR4824,27Vir,2000,12,41,34.4000,+10,25,35.000,-109.00,4.00,9.0,0.00,6.19
HR4825,gaVir,2000,12,41,39.6000,-01,26,58.000,-565.00,12.00,-20.0,99.00,3.65
HR4826,gaVir,2000,12,41,39.6000,-01,26,58.000,-565.00,12.00,-20.0,99.00,3.68
HR4827,HR4827,2000,12,41,49.2000,-19,45,31.000,-212.00,27.00,-3.0,0.00,6.03
HR4828,rhVir,2000,12,41,53.1000,+10,14,08.000,84.00,-91.00,2.0,0.00,4.88
HR4829,31Vir,2000,12,41,57.1000,+06,48,24.000,-68.00,-12.00,4.0,12.00,5.59
HR4830,HR4830,2000,12,42,50.3000,-63,03,31.000,-15.00,0.00,35.0,0.00,5.31
HR4831,HR4831,2000,12,42,35.4000,-48,48,47.000,-127.00,-32.00,-12.0,25.00,4.66
HR4832,HR4832,2000,12,42,49.6000,-55,56,50.000,-47.00,-19.00,15.0,0.00,6.08
HR4833,76UMa,2000,12,41,33.9000,+62,42,47.000,-32.00,-17.00,-4.0,0.00,6.07
HR4834,HR4834,2000,12,43,09.1000,-56,10,34.000,-41.00,-10.00,10.0,0.00,6.00
HR4835,HR4835,2000,12,43,28.2000,-58,54,11.000,-85.00,-11.00,17.0,0.00,6.40
HR4836,HR4836,2000,12,43,26.3000,-40,10,40.000,27.00,-14.00,-5.0,0.00,6.44
HR4837,HR4837,2000,12,43,38.1000,-01,34,37.000,50.00,-76.00,1.0,0.00,5.93
HR4838,HR4838,2000,12,43,58.7000,-36,20,57.000,13.00,-7.00,-1.0,0.00,6.39
HR4839,HR4839,2000,12,44,00.5000,-28,19,26.000,-27.00,-38.00,7.0,0.00,5.48
HR4840,HR4840,2000,12,43,04.2000,+61,09,20.000,-47.00,26.00,-6.0,0.00,6.38
HR4841,HR4841,2000,12,45,01.7000,-68,49,52.000,-32.00,-15.00,-3.0,0.00,6.16
HR4842,ioCru,2000,12,45,37.9000,-60,58,52.000,98.00,-63.00,7.0,36.00,4.69
HR4843,HR4843,2000,12,44,27.1000,+44,06,11.000,-27.00,5.00,-16.0,0.00,6.33
HR4844,beMus,2000,12,46,16.9000,-68,06,29.000,-39.00,-17.00,42.0,15.00,3.05
HR4845,10CVn,2000,12,44,59.5000,+39,16,44.000,-355.00,139.00,81.0,63.00,5.95
HR4846,HR4846,2000,12,45,07.8000,+45,26,25.000,-1.00,15.00,12.0,2.00,4.99
HR4847,32Vir,2000,12,45,37.1000,+07,40,24.000,-107.00,4.00,-9.0,14.00,5.22
HR4848,HR4848,2000,12,46,22.7000,-56,29,20.000,-36.00,-13.00,17.0,0.00,4.65
HR4849,33Vir,2000,12,46,22.5000,+09,32,24.000,277.00,-446.00,52.0,21.00,5.67
HR4850,HR4850,2000,12,46,46.0000,-33,18,56.000,-7.00,-30.00,31.0,0.00,5.86
HR4851,27Com,2000,12,46,38.7000,+16,34,39.000,9.00,7.00,53.0,0.00,5.12
HR4852,HR4852,2000,12,44,26.0000,+80,37,16.000,30.00,-42.00,-28.0,0.00,6.40
HR4853,beCru,2000,12,47,43.2000,-59,41,19.000,-48.00,-14.00,16.0,0.00,1.25
HR4854,HR4854,2000,12,47,02.3000,+05,57,03.000,35.00,-43.00,16.0,0.00,6.34
HR4855,34Vir,2000,12,47,13.6000,+11,57,29.000,42.00,-18.00,-2.0,0.00,6.07
HR4856,HR4856,2000,12,47,33.4000,-06,18,07.000,1.00,-44.00,13.0,0.00,6.26
HR4857,HR4857,2000,12,47,53.7000,-24,51,06.000,-41.00,40.00,49.0,0.00,6.44
HR4858,35Vir,2000,12,47,51.4000,+03,34,22.000,-6.00,-3.00,8.0,0.00,6.41
HR4859,HR4859,2000,12,47,18.9000,+62,46,51.000,16.00,-1.00,-11.0,0.00,5.89
HR4860,HR4860,2000,12,48,26.4000,-27,35,51.000,-139.00,-63.00,-10.0,0.00,5.66
HR4861,28Com,2000,12,48,14.3000,+13,33,11.000,-47.00,-28.00,-0.0,0.00,6.56
HR4862,HR4862,2000,12,49,44.9000,-71,59,11.000,1.00,-5.00,-7.0,0.00,5.55
HR4863,7Dra,2000,12,47,34.4000,+66,47,25.000,10.00,-5.00,8.0,23.00,5.43
HR4864,HR4864,2000,12,48,47.0000,+24,50,25.000,-339.00,-108.00,-8.0,43.00,6.31
HR4865,29Com,2000,12,48,54.2000,+14,07,21.000,26.00,-19.00,-8.0,0.00,5.70
HR4866,11CVn,2000,12,48,41.8000,+48,28,01.000,-65.00,16.00,-2.0,0.00,6.27
HR4867,HR4867,2000,12,48,39.4000,+60,19,12.000,105.00,1.00,-12.0,41.00,5.85
HR4868,HR4868,2000,12,50,12.0000,-60,24,03.000,-7.00,-17.00,-9.0,0.00,6.75
HR4869,30Com,2000,12,49,17.4000,+27,33,08.000,-96.00,21.00,0.0,0.00,5.78
HR4870,ioOct,2000,12,54,58.6000,-85,07,24.000,62.00,28.00,53.0,0.00,5.46
HR4871,HR4871,2000,12,50,19.6000,-48,27,35.000,-37.00,2.00,-17.0,0.00,6.24
HR4872,HR4872,2000,12,50,57.9000,-52,47,15.000,-26.00,-12.00,-7.0,0.00,5.73
HR4873,HR4873,2000,12,50,17.4000,+22,51,48.000,109.00,-69.00,6.0,0.00,6.43
HR4874,HR4874,2000,12,50,41.2000,-33,59,58.000,-28.00,-20.00,4.0,20.00,4.91
HR4875,HR4875,2000,12,50,10.7000,+37,31,01.000,-97.00,27.00,-14.0,-0.00,5.89
HR4876,HR4876,2000,12,51,17.8000,-60,19,47.000,-25.00,7.00,-21.0,0.00,5.72
HR4877,HR4877,2000,12,51,22.9000,-10,20,18.000,-8.00,-6.00,-17.0,0.00,6.41
HR4878,37Vir,2000,12,51,36.9000,+03,03,24.000,-35.00,20.00,3.0,0.00,6.02
HR4879,HR4879,2000,12,51,56.8000,-39,40,51.000,-35.00,-28.00,5.0,0.00,5.98
HR4880,HR4880,2000,12,52,05.3000,-48,05,39.000,-60.00,13.00,-2.0,0.00,6.33
HR4881,HR4881,2000,12,51,57.9000,-26,44,17.000,-111.00,40.00,-18.0,0.00,6.15
HR4882,HR4882,2000,12,52,24.6000,-53,49,46.000,-20.00,12.00,-23.0,0.00,6.24
HR4883,31Com,2000,12,51,41.9000,+27,32,26.000,-12.00,-8.00,-1.0,11.00,4.94
HR4884,32Com,2000,12,52,12.3000,+17,04,26.000,1.00,-7.00,-1.0,0.00,6.32
HR4885,HR4885,2000,12,53,03.9000,-54,57,09.000,-119.00,11.00,-9.0,0.00,5.93
HR4886,HR4886,2000,12,52,27.6000,+16,07,21.000,-43.00,-19.00,-27.0,0.00,6.30
HR4887,HR4887,2000,12,53,21.8000,-60,19,43.000,-13.00,0.00,-19.0,0.00,5.76
HR4888,HR4888,2000,12,53,06.9000,-48,56,36.000,-76.00,-30.00,-2.0,20.00,4.33
HR4889,HR4889,2000,12,53,26.2000,-40,10,44.000,63.00,-22.00,-3.0,56.00,4.27
HR4890,kaCru,2000,12,53,49.1000,-60,22,37.000,4.00,-21.00,-4.0,0.00,5.90
HR4891,38Vir,2000,12,53,11.2000,-03,33,11.000,-262.00,-3.00,-7.0,42.00,6.11
HR4892,HR4892,2000,12,49,06.6000,+83,25,05.000,-26.00,22.00,1.0,1.00,5.85
HR4893,HR4893,2000,12,49,13.6000,+83,24,46.000,-29.00,20.00,2.0,1.00,5.28
HR4894,35Com,2000,12,53,17.8000,+21,14,42.000,-47.00,-22.00,-7.0,21.00,4.90
HR4895,HR4895,2000,12,54,22.0000,-58,25,50.000,-14.00,-1.00,-7.0,0.00,6.58
HR4896,HR4896,2000,12,53,38.1000,-04,13,26.000,1.00,-41.00,37.0,0.00,6.44
HR4897,laCru,2000,12,54,39.2000,-59,08,48.000,-36.00,-10.00,12.0,0.00,4.62
HR4898,mu1Cru,2000,12,54,35.6000,-57,10,40.000,-33.00,-6.00,14.0,0.00,4.03
HR4899,mu2Cru,2000,12,54,36.8000,-57,10,06.000,-35.00,-1.00,19.0,0.00,5.17
HR4900,41Vir,2000,12,53,49.7000,+12,25,07.000,51.00,-24.00,-10.0,0.00,6.25
HR4901,HR4901,2000,12,54,18.7000,-11,38,55.000,-141.00,13.00,-24.0,0.00,6.00
HR4902,psVir,2000,12,54,21.2000,-09,32,20.000,-24.00,-15.00,18.0,21.00,4.79
HR4903,HR4903,2000,12,54,58.5000,-44,09,07.000,-223.00,-225.00,32.0,44.00,5.89
HR4904,HR4904,2000,12,54,13.1000,+33,32,04.000,-90.00,32.00,5.0,0.00,6.26
HR4905,epUMa,2000,12,54,01.7000,+55,57,35.000,112.00,-6.00,-9.0,9.00,1.77
HR4906,HR4906,2000,12,55,19.4000,-42,54,57.000,-38.00,-12.00,-7.0,0.00,5.47
HR4907,HR4907,2000,12,56,31.5000,-72,11,07.000,-27.00,-11.00,10.0,0.00,5.93
HR4908,HR4908,2000,12,55,57.0000,-56,50,10.000,-24.00,-10.00,18.0,0.00,5.32
HR4909,HR4909,2000,12,54,56.5000,+47,11,48.000,-16.00,-6.00,-17.0,0.00,5.84
HR4910,deVir,2000,12,55,36.2000,+03,23,51.000,-469.00,-54.00,-18.0,22.00,3.38
HR4911,HR4911,2000,12,55,53.3000,-15,19,37.000,-17.00,3.00,-3.0,0.00,6.17
HR4912,HR4912,2000,12,56,30.1000,-26,27,37.000,13.00,-15.00,-24.0,0.00,6.62
HR4913,HR4913,2000,12,57,04.4000,-51,11,55.000,-26.00,-15.00,25.0,0.00,5.16
HR4914,al1CVn,2000,12,56,00.4000,+38,18,53.000,-236.00,62.00,-3.0,27.00,5.60
HR4915,al2CVn,2000,12,56,01.7000,+38,19,06.000,-234.00,56.00,-3.0,27.00,2.90
HR4916,8Dra,2000,12,55,28.5000,+65,26,19.000,-5.00,-29.00,9.0,32.00,5.24
HR4917,HR4917,2000,12,56,17.6000,+54,05,58.000,-77.00,1.00,-5.0,12.00,5.82
HR4918,HR4918,2000,12,57,33.2000,-22,45,14.000,-52.00,-29.00,3.0,0.00,6.31
HR4919,HR4919,2000,12,57,07.7000,+46,10,37.000,-22.00,-47.00,7.0,0.00,6.12
HR4920,36Com,2000,12,58,55.4000,+17,24,34.000,-39.00,34.00,-2.0,0.00,4.78
HR4921,44Vir,2000,12,59,39.5000,-03,48,43.000,-37.00,8.00,-18.0,0.00,5.79
HR4922,HR4922,2000,13,00,32.6000,-33,30,19.000,-78.00,-79.00,-23.0,0.00,6.02
HR4923,deMus,2000,13,02,16.2000,-71,32,56.000,256.00,-21.00,37.0,30.00,3.62
HR4924,37Com,2000,13,00,16.5000,+30,47,06.000,-18.00,-13.00,-13.0,16.00,4.90
HR4925,46Vir,2000,13,00,35.9000,-03,22,07.000,-25.00,50.00,23.0,0.00,5.99
HR4926,HR4926,2000,13,00,38.8000,+18,22,23.000,-226.00,60.00,1.0,20.00,6.20
HR4927,HR4927,2000,12,58,47.3000,+75,28,21.000,8.00,10.00,-15.0,0.00,6.01
HR4928,9Dra,2000,12,59,55.1000,+66,35,50.000,-139.00,-13.00,-30.0,5.00,5.32
HR4929,38Com,2000,13,01,09.6000,+17,07,23.000,-5.00,-25.00,-6.0,0.00,5.96
HR4930,HR4930,2000,13,03,05.2000,-71,28,34.000,-23.00,-14.00,-5.0,0.00,6.03
HR4931,78UMa,2000,13,00,43.8000,+56,21,59.000,114.00,-9.00,-10.0,34.00,4.93
HR4932,epVir,2000,13,02,10.6000,+10,57,33.000,-273.00,20.00,-14.0,43.00,2.83
HR4933,xi1Cen,2000,13,03,33.2000,-49,31,38.000,-59.00,-14.00,0.0,12.00,4.85
HR4934,HR4934,2000,13,01,46.8000,+63,36,37.000,-180.00,29.00,-11.0,33.00,6.00
HR4935,HR4935,2000,13,03,46.1000,-20,34,59.000,142.00,18.00,34.0,3.00,5.58
HR4936,HR4936,2000,13,02,40.4000,+59,42,58.000,-29.00,-16.00,-23.0,0.00,6.53
HR4937,48Vir,2000,13,03,54.4000,-03,39,48.000,-35.00,-36.00,3.0,5.00,6.59
HR4938,HR4938,2000,13,04,48.1000,-41,11,48.000,-28.00,-34.00,-33.0,0.00,6.26
HR4939,HR4939,2000,13,05,30.8000,-52,06,54.000,-48.00,32.00,-31.0,0.00,6.43
HR4940,HR4940,2000,13,06,16.7000,-48,27,49.000,-30.00,-23.00,6.0,0.00,4.71
HR4941,HR4941,2000,13,06,35.1000,-41,35,19.000,46.00,-17.00,2.0,0.00,5.59
HR4942,xi2Cen,2000,13,06,54.6000,-49,54,22.000,-26.00,-12.00,14.0,0.00,4.27
HR4943,14CVn,2000,13,05,44.5000,+35,47,56.000,-30.00,21.00,-13.0,11.00,5.25
HR4944,HR4944,2000,13,07,24.2000,-59,51,38.000,-27.00,-12.00,4.0,0.00,5.99
HR4945,HR4945,2000,13,05,52.3000,+45,16,07.000,-12.00,28.00,-20.0,12.00,5.63
HR4946,39Com,2000,13,06,21.2000,+21,09,12.000,-69.00,-46.00,1.0,30.00,5.99
HR4947,HR4947,2000,13,06,54.3000,-35,51,43.000,41.00,-78.00,16.0,0.00,6.54
HR4948,HR4948,2000,13,06,10.2000,+29,01,46.000,-69.00,1.00,5.0,0.00,6.54
HR4949,40Com,2000,13,06,22.6000,+22,36,58.000,25.00,-49.00,-5.0,45.00,5.60
HR4950,HR4950,2000,13,04,49.7000,+73,01,31.000,-19.00,20.00,-16.0,7.00,6.31
HR4951,HR4951,2000,13,07,38.3000,-53,27,35.000,-39.00,-24.00,22.0,0.00,5.71
HR4952,thMus,2000,13,08,07.0000,-65,18,23.000,-16.00,-9.00,-28.0,0.00,5.51
HR4953,HR4953,2000,13,06,22.7000,+62,02,31.000,5.00,-37.00,15.0,0.00,6.14
HR4954,41Com,2000,13,07,10.7000,+27,37,29.000,31.00,-70.00,-16.0,8.00,4.80
HR4955,49Vir,2000,13,07,53.8000,-10,44,25.000,17.00,-6.00,-9.0,25.00,5.19
HR4956,HR4956,2000,13,07,53.6000,+27,33,21.000,-41.00,-64.00,-9.0,0.00,6.19
HR4957,HR4957,2000,13,08,32.5000,-08,59,04.000,-32.00,-62.00,16.0,0.00,5.55
HR4958,psHya,2000,13,09,03.3000,-23,07,05.000,-24.00,-36.00,-19.0,12.00,4.95
HR4959,HR4959,2000,13,09,14.4000,-09,32,18.000,-33.00,-9.00,0.0,0.00,6.32
HR4960,HR4960,2000,13,09,12.4000,+10,01,20.000,17.00,-3.00,-0.0,0.00,5.78
HR4961,50Vir,2000,13,09,45.3000,-10,19,46.000,-8.00,-12.00,-7.0,0.00,5.94
HR4962,HR4962,2000,13,09,47.8000,+16,50,55.000,-69.00,-12.00,-17.0,0.00,5.91
HR4963,thVir,2000,13,09,57.0000,-05,32,20.000,-32.00,-33.00,-3.0,26.00,4.38
HR4964,HR4964,2000,13,09,38.7000,+37,25,23.000,-103.00,5.00,-19.0,0.00,6.02
HR4965,HR4965,2000,13,10,58.4000,-52,34,01.000,-41.00,-17.00,26.0,0.00,6.06
HR4966,HR4966,2000,13,11,51.6000,-69,56,31.000,36.00,6.00,7.0,0.00,5.91
HR4967,15CVn,2000,13,09,42.0000,+38,32,02.000,-16.00,3.00,-6.0,0.00,6.28
HR4968,alCom,2000,13,09,59.3000,+17,31,46.000,-431.00,136.00,-18.0,54.00,5.22
HR4969,alCom,2000,13,09,59.3000,+17,31,46.000,-430.00,136.00,-18.0,54.00,5.22
HR4970,HR4970,2000,13,11,08.8000,-42,13,59.000,-80.00,-24.00,-11.0,0.00,5.79
HR4971,17CVn,2000,13,10,03.2000,+38,29,56.000,-70.00,44.00,0.0,0.00,5.91
HR4972,HR4972,2000,13,11,53.1000,-63,18,10.000,-6.00,3.00,-3.0,0.00,6.33
HR4973,HR4973,2000,13,11,23.2000,-43,22,08.000,-117.00,-27.00,-9.0,11.00,5.25
HR4974,HR4974,2000,13,09,50.2000,+62,13,45.000,-30.00,-8.00,-17.0,0.00,6.54
HR4975,HR4975,2000,13,12,17.4000,-59,55,15.000,-49.00,-24.00,12.0,14.00,4.60
HR4976,HR4976,2000,13,14,17.2000,-78,26,50.000,-18.00,4.00,-18.0,0.00,5.85
HR4977,HR4977,2000,13,12,48.9000,-66,13,37.000,24.00,6.00,9.0,0.00,5.90
HR4978,HR4978,2000,13,11,39.2000,-26,33,06.000,-68.00,4.00,-21.0,0.00,6.50
HR4979,HR4979,2000,13,12,03.2000,-37,48,11.000,-385.00,47.00,-15.0,53.00,4.85
HR4980,HR4980,2000,13,12,56.0000,-59,49,00.000,14.00,-107.00,16.0,0.00,6.16
HR4981,53Vir,2000,13,12,03.5000,-16,11,55.000,98.00,-286.00,-14.0,40.00,5.04
HR4982,HR4982,2000,13,12,50.9000,-42,41,59.000,-20.00,3.00,-1.0,0.00,6.22
HR4983,beCom,2000,13,11,52.4000,+27,52,41.000,-801.00,882.00,6.0,120.00,4.26
HR4984,HR4984,2000,13,12,08.4000,+24,15,29.000,-8.00,-41.00,-24.0,0.00,6.33
HR4985,HR4985,2000,13,13,23.5000,-50,42,00.000,-19.00,-27.00,-1.0,0.00,5.89
HR4986,HR4986,2000,13,12,32.9000,+11,33,22.000,-50.00,-33.00,25.0,0.00,5.77
HR4987,HR4987,2000,13,12,35.9000,+18,45,06.000,-65.00,-3.00,-20.0,0.00,6.53
HR4988,HR4988,2000,13,14,12.1000,-58,41,02.000,-51.00,-12.00,-2.0,0.00,5.89
HR4989,HR4989,2000,13,14,14.8000,-59,06,12.000,-265.00,-157.00,-65.0,53.00,4.92
HR4990,54Vir,2000,13,13,26.8000,-18,49,36.000,-20.00,-17.00,-41.0,11.00,6.28
HR4991,HR4991,2000,13,13,57.5000,-43,08,20.000,-170.00,28.00,30.0,0.00,6.16
HR4992,HR4992,2000,13,13,12.4000,+18,43,37.000,-215.00,-49.00,-24.0,0.00,6.11
HR4993,etMus,2000,13,15,14.9000,-67,53,40.000,-41.00,-8.00,-8.0,0.00,4.80
HR4994,HR4994,2000,13,15,25.7000,-69,40,47.000,-101.00,-48.00,-11.0,0.00,6.37
HR4995,55Vir,2000,13,14,10.9000,-19,55,51.000,-122.00,167.00,-45.0,10.00,5.33
HR4996,HR4996,2000,13,14,43.1000,-48,57,24.000,-129.00,-81.00,56.0,0.00,5.89
HR4997,HR4997,2000,13,13,43.0000,+40,09,10.000,-48.00,15.00,-21.0,4.00,4.92
HR4998,HR4998,2000,13,14,31.3000,+11,19,54.000,74.00,-52.00,12.0,0.00,5.67
HR4999,HR4999,2000,13,15,09.7000,-36,22,16.000,-12.00,-15.00,-4.0,0.00,6.19
HR5000,HR5000,2000,13,16,44.8000,-65,08,18.000,-103.00,-52.00,18.0,0.00,6.07
HR5001,57Vir,2000,13,15,58.8000,-19,56,35.000,306.00,-116.00,34.0,48.00,5.22
HR5002,HR5002,2000,13,17,13.0000,-66,47,01.000,-20.00,-14.00,-10.0,7.00,4.87
HR5003,HR5003,2000,13,13,32.0000,+72,47,56.000,17.00,-16.00,2.0,0.00,6.59
HR5004,19CVn,2000,13,15,32.0000,+40,51,19.000,-108.00,15.00,-18.0,0.00,5.79
HR5005,HR5005,2000,13,16,25.5000,-01,23,26.000,-35.00,-28.00,-12.0,0.00,6.68
HR5006,HR5006,2000,13,16,53.1000,-31,30,22.000,34.00,-48.00,13.0,16.00,5.10
HR5007,HR5007,2000,13,16,14.3000,+19,03,06.000,-102.00,2.00,-45.0,0.00,6.45
HR5008,HR5008,2000,13,17,13.9000,-43,58,46.000,0.00,-8.00,-12.0,0.00,5.84
HR5009,HR5009,2000,13,12,25.4000,+80,28,17.000,-9.00,12.00,-11.0,0.00,6.25
HR5010,HR5010,2000,13,16,32.3000,+19,47,07.000,-110.00,23.00,-35.0,0.00,6.45
HR5011,59Vir,2000,13,16,46.5000,+09,25,27.000,-334.00,190.00,-26.0,79.00,5.22
HR5012,HR5012,2000,13,19,18.9000,-72,02,08.000,-13.00,-56.00,-31.0,0.00,6.04
HR5013,HR5013,2000,13,17,15.6000,+13,40,32.000,7.00,39.00,-25.0,0.00,5.33
HR5014,HR5014,2000,13,17,29.9000,-00,40,36.000,-58.00,-25.00,-20.0,0.00,6.37
HR5015,siVir,2000,13,17,36.3000,+05,28,11.000,-5.00,13.00,-27.0,11.00,4.80
HR5016,HR5016,2000,13,18,34.6000,-51,17,10.000,-48.00,-23.00,-4.0,0.00,6.19
HR5017,20CVn,2000,13,17,32.5000,+40,34,21.000,-125.00,21.00,8.0,19.00,4.73
HR5018,HR5018,2000,13,16,28.6000,+68,24,29.000,-13.00,16.00,-7.0,0.00,6.20
HR5019,61Vir,2000,13,18,24.3000,-18,18,41.000,-1070.00,-1065.00,-9.0,115.00,4.74
HR5020,gaHya,2000,13,18,55.3000,-23,10,18.000,64.00,-45.00,-5.0,27.00,3.00
HR5021,HR5021,2000,13,18,51.1000,+03,41,16.000,-50.00,-11.00,-1.0,0.00,6.62
HR5022,HR5022,2000,13,18,27.8000,+34,05,53.000,33.00,3.00,-20.0,0.00,5.82
HR5023,21CVn,2000,13,18,14.5000,+49,40,55.000,-33.00,15.00,-3.0,20.00,5.15
HR5024,HR5024,2000,13,20,34.9000,-59,46,24.000,-42.00,-24.00,-10.0,0.00,6.18
HR5025,HR5025,2000,13,19,04.2000,+35,07,41.000,-30.00,19.00,-2.0,0.00,6.02
HR5026,HR5026,2000,13,20,37.8000,-52,44,53.000,-30.00,-19.00,10.0,0.00,5.48
HR5027,HR5027,2000,13,20,48.3000,-55,48,02.000,-9.00,4.00,-3.0,0.00,6.02
HR5028,ioCen,2000,13,20,35.8000,-36,42,44.000,-341.00,-85.00,0.0,62.00,2.75
HR5029,HR5029,2000,13,20,57.7000,-46,52,50.000,-75.00,4.00,-3.0,0.00,5.77
HR5030,HR5030,2000,13,22,52.6000,-72,08,48.000,-23.00,-13.00,33.0,0.00,6.05
HR5031,HR5031,2000,13,20,41.6000,+02,56,30.000,-59.00,-29.00,-4.0,5.00,6.26
HR5032,23CVn,2000,13,20,19.0000,+40,09,02.000,-58.00,-2.00,-21.0,0.00,5.60
HR5033,HR5033,2000,13,21,29.9000,-19,29,20.000,-66.00,8.00,-8.0,0.00,6.21
HR5034,HR5034,2000,13,22,35.7000,-60,58,20.000,-20.00,-13.00,3.0,0.00,6.18
HR5035,HR5035,2000,13,22,37.9000,-60,59,18.000,-39.00,-14.00,6.0,0.00,4.53
HR5036,HR5036,2000,13,22,16.2000,-52,10,59.000,-10.00,1.00,-15.0,0.00,5.83
HR5037,HR5037,2000,13,21,41.6000,+02,05,14.000,-61.00,-53.00,-7.0,0.00,5.69
HR5038,HR5038,2000,13,22,52.7000,-47,56,35.000,36.00,5.00,-0.0,0.00,6.16
HR5039,HR5039,2000,13,23,02.6000,-48,33,46.000,-6.00,-1.00,-41.0,0.00,6.38
HR5040,64Vir,2000,13,22,09.7000,+05,09,17.000,-65.00,-36.00,-10.0,0.00,5.87
HR5041,HR5041,2000,13,24,00.5000,-64,32,09.000,29.00,-26.00,12.0,2.00,4.53
HR5042,io1Mus,2000,13,25,07.1000,-74,53,16.000,-115.00,-130.00,28.0,16.00,5.05
HR5043,HR5043,2000,13,23,08.7000,-33,11,24.000,-5.00,-5.00,-13.0,0.00,6.22
HR5044,63Vir,2000,13,23,01.1000,-17,44,07.000,-47.00,-29.00,-27.0,4.00,5.37
HR5045,HR5045,2000,13,22,03.8000,+43,54,11.000,-71.00,10.00,-1.0,0.00,6.35
HR5046,HR5046,2000,13,23,52.3000,-49,49,23.000,-67.00,-44.00,-32.0,0.00,6.48
HR5047,65Vir,2000,13,23,18.9000,-04,55,28.000,-19.00,-15.00,10.0,0.00,5.89
HR5048,HR5048,2000,13,25,13.9000,-64,29,07.000,-157.00,-22.00,-2.0,8.00,5.31
HR5049,HR5049,2000,13,25,50.1000,-70,37,39.000,-67.00,-9.00,8.0,0.00,5.67
HR5050,66Vir,2000,13,24,33.2000,-05,09,50.000,159.00,-30.00,14.0,0.00,5.75
HR5051,io2Mus,2000,13,27,18.3000,-74,41,31.000,-49.00,-17.00,-3.0,0.00,6.63
HR5052,HR5052,2000,13,23,54.0000,+37,02,02.000,22.00,-6.00,0.0,0.00,6.07
HR5053,HR5053,2000,13,24,30.5000,+12,25,55.000,-16.00,41.00,-6.0,0.00,6.44
HR5054,zeUMa,2000,13,23,55.5000,+54,55,31.000,122.00,-20.00,-6.0,47.00,2.27
HR5055,zeUMa,2000,13,23,56.4000,+54,55,18.000,119.00,-28.00,-9.0,47.00,3.95
HR5056,alVir,2000,13,25,11.6000,-11,09,41.000,-41.00,-28.00,1.0,23.00,0.98
HR5057,HR5057,2000,13,25,06.7000,+23,51,16.000,-13.00,-9.00,-3.0,0.00,5.78
HR5058,HR5058,2000,13,26,07.8000,-39,45,19.000,184.00,-52.00,67.0,12.00,5.09
HR5059,HR5059,2000,13,26,11.4000,-01,11,33.000,-111.00,4.00,-20.0,0.00,5.97
HR5060,HR5060,2000,13,26,56.1000,-41,29,53.000,-4.00,-19.00,-24.0,0.00,5.69
HR5061,HR5061,2000,13,27,06.3000,-49,08,38.000,-21.00,-6.00,-18.0,0.00,6.31
HR5062,80UMa,2000,13,25,13.5000,+54,59,17.000,118.00,-16.00,-9.0,45.00,4.01
HR5063,HR5063,2000,13,27,20.8000,-49,22,51.000,11.00,10.00,-6.0,0.00,6.28
HR5064,68Vir,2000,13,26,43.2000,-12,42,28.000,-130.00,-20.00,-29.0,0.00,5.25
HR5065,HR5065,2000,13,27,14.7000,-40,09,47.000,-7.00,-2.00,14.0,0.00,6.40
HR5066,HR5066,2000,13,28,46.4000,-69,37,41.000,-47.00,-45.00,16.0,0.00,6.20
HR5067,HR5067,2000,13,26,16.6000,+46,01,41.000,24.00,-21.00,4.0,0.00,5.88
HR5068,69Vir,2000,13,27,27.2000,-15,58,25.000,-119.00,24.00,-14.0,59.00,4.76
HR5069,HR5069,2000,13,29,07.6000,-64,40,33.000,-83.00,-5.00,15.0,0.00,6.11
HR5070,HR5070,2000,13,25,59.9000,+63,15,40.000,-392.00,216.00,-31.0,28.00,6.50
HR5071,HR5071,2000,13,29,25.2000,-51,09,55.000,-2.00,-17.00,-2.0,11.00,5.06
HR5072,70Vir,2000,13,28,25.8000,+13,46,44.000,-236.00,-577.00,5.0,43.00,4.98
HR5073,HR5073,2000,13,26,08.1000,+72,23,29.000,22.00,-9.00,-48.0,0.00,5.79
HR5074,HR5074,2000,13,27,04.6000,+64,44,08.000,-68.00,28.00,-13.0,0.00,6.66
HR5075,HR5075,2000,13,27,10.7000,+64,43,10.000,-63.00,32.00,-15.0,0.00,7.04
HR5076,HR5076,2000,13,27,59.5000,+52,44,45.000,-114.00,-8.00,-7.0,0.00,6.34
HR5077,HR5077,2000,13,28,26.2000,+40,43,47.000,9.00,-56.00,-58.0,0.00,6.47
HR5078,HR5078,2000,13,29,14.9000,-01,21,52.000,-43.00,-62.00,39.0,0.00,6.43
HR5079,HR5079,2000,13,28,11.7000,+50,35,14.000,-113.00,41.00,-16.0,0.00,6.80
HR5080,HR5080,2000,13,29,42.8000,-23,16,53.000,-56.00,16.00,-10.0,0.00,4.97
HR5081,71Vir,2000,13,29,13.0000,+10,49,06.000,-61.00,-35.00,-1.0,0.00,5.65
HR5082,HR5082,2000,13,33,14.8000,-77,34,06.000,-344.00,-112.00,-36.0,34.00,6.48
HR5083,HR5083,2000,13,28,45.7000,+50,43,06.000,29.00,-83.00,-7.0,0.00,6.43
HR5084,kaOct,2000,13,40,55.5000,-85,47,10.000,-90.00,-18.00,-9.0,0.00,5.58
HR5085,HR5085,2000,13,28,27.1000,+59,56,45.000,-80.00,37.00,-3.0,25.00,5.40
HR5086,HR5086,2000,13,30,00.1000,+07,10,44.000,4.00,3.00,-3.0,0.00,6.17
HR5087,HR5087,2000,13,29,57.6000,+06,00,48.000,-17.00,50.00,-19.0,0.00,6.51
HR5088,72Vir,2000,13,30,25.7000,-06,28,13.000,42.00,17.00,-9.0,0.00,6.09
HR5089,HR5089,2000,13,31,02.7000,-39,24,27.000,-12.00,-15.00,-2.0,12.00,3.88
HR5090,HR5090,2000,13,31,33.3000,-28,06,46.000,-62.00,2.00,-4.0,0.00,6.47
HR5091,HR5091,2000,13,26,56.7000,+78,38,38.000,-146.00,29.00,15.0,0.00,5.77
HR5092,HR5092,2000,13,32,05.3000,-38,23,57.000,35.00,-43.00,4.0,0.00,6.16
HR5093,HR5093,2000,13,33,35.7000,-65,37,57.000,-48.00,-12.00,12.0,0.00,6.37
HR5094,73Vir,2000,13,32,02.8000,-18,43,44.000,-99.00,-14.00,-18.0,0.00,6.01
HR5095,74Vir,2000,13,31,57.9000,-06,15,21.000,-104.00,-45.00,18.0,20.00,4.69
HR5096,HR5096,2000,13,31,15.8000,+42,06,22.000,-93.00,26.00,-20.0,12.00,6.08
HR5097,HR5097,2000,13,32,35.9000,-28,41,34.000,-95.00,-22.00,-22.0,0.00,5.69
HR5098,HR5098,2000,13,32,34.5000,-29,33,55.000,-72.00,4.00,-20.0,0.00,6.45
HR5099,75Vir,2000,13,32,51.7000,-15,21,47.000,-73.00,-2.00,-40.0,0.00,5.55
HR5100,76Vir,2000,13,32,58.1000,-10,09,54.000,-29.00,-36.00,-1.0,21.00,5.21
HR5101,HR5101,2000,13,33,00.7000,-07,11,42.000,50.00,-5.00,10.0,0.00,6.68
HR5102,HR5102,2000,13,32,48.1000,+24,20,47.000,49.00,-206.00,6.0,0.00,6.11
HR5103,HR5103,2000,13,34,28.9000,-48,16,20.000,-29.00,-12.00,-4.0,0.00,6.33
HR5104,HR5104,2000,13,34,43.6000,-33,18,39.000,-49.00,-12.00,-9.0,0.00,6.44
HR5105,78Vir,2000,13,34,07.9000,+03,39,32.000,44.00,-24.00,-12.0,21.00,4.94
HR5106,HR5106,2000,13,34,40.5000,-13,12,52.000,-44.00,-10.00,-20.0,7.00,5.91
HR5107,zeVir,2000,13,34,41.6000,-00,35,45.000,-285.00,42.00,-13.0,44.00,3.37
HR5108,HR5108,2000,13,34,21.8000,+38,47,21.000,13.00,24.00,-12.0,0.00,6.37
HR5109,81UMa,2000,13,34,07.3000,+55,20,55.000,-22.00,-2.00,-7.0,13.00,5.60
HR5110,HR5110,2000,13,34,47.8000,+37,10,57.000,86.00,-9.00,7.0,22.00,4.98
HR5111,80Vir,2000,13,35,31.3000,-05,23,46.000,17.00,85.00,-8.0,0.00,5.73
HR5112,24CVn,2000,13,34,27.3000,+49,00,58.000,-127.00,30.00,-18.0,34.00,4.70
HR5113,HR5113,2000,13,37,12.2000,-61,41,31.000,135.00,-113.00,40.0,32.00,5.63
HR5114,HR5114,2000,13,35,33.3000,+10,12,17.000,77.00,-61.00,33.0,0.00,6.49
HR5115,HR5115,2000,13,39,11.9000,-75,41,02.000,-27.00,-6.00,18.0,0.00,6.34
HR5116,HR5116,2000,13,35,14.1000,+44,11,49.000,-16.00,15.00,-26.0,0.00,6.84
HR5117,HR5117,2000,13,36,50.5000,-34,28,04.000,-11.00,-28.00,22.0,0.00,6.50
HR5118,HR5118,2000,13,37,06.0000,-44,08,36.000,-50.00,-20.00,6.0,0.00,5.98
HR5119,HR5119,2000,13,38,45.7000,-70,26,42.000,-68.00,-32.00,2.0,0.00,6.10
HR5120,HR5120,2000,13,36,48.4000,-26,29,42.000,-91.00,21.00,-10.0,21.00,5.78
HR5121,HR5121,2000,13,37,23.7000,-46,25,42.000,-9.00,-33.00,3.0,0.00,5.90
HR5122,HR5122,2000,13,38,07.6000,-58,24,54.000,-8.00,-36.00,1.0,0.00,6.42
HR5123,HR5123,2000,13,36,59.1000,+24,36,48.000,-24.00,-5.00,-31.0,0.00,5.74
HR5124,HR5124,2000,13,38,49.1000,-57,37,23.000,-6.00,-14.00,-10.0,0.00,6.01
HR5125,HR5125,2000,13,40,00.6000,-70,47,18.000,-26.00,-28.00,-3.0,0.00,6.59
HR5126,HR5126,2000,13,36,39.8000,+49,29,12.000,-4.00,-12.00,-10.0,0.00,6.49
HR5127,25CVn,2000,13,37,27.6000,+36,17,42.000,-99.00,27.00,-6.0,30.00,4.82
HR5128,HR5128,2000,13,38,42.0000,-29,33,39.000,-78.00,-69.00,4.0,0.00,5.83
HR5129,HR5129,2000,13,38,07.9000,+14,18,06.000,36.00,-19.00,-2.0,0.00,6.52
HR5130,HR5130,2000,13,40,10.9000,-64,34,37.000,-59.00,-12.00,4.0,0.00,5.79
HR5131,HR5131,2000,13,34,42.8000,+76,32,48.000,-26.00,-3.00,-14.0,0.00,6.57
HR5132,epCen,2000,13,39,53.2000,-53,27,59.000,-28.00,-16.00,3.0,0.00,2.30
HR5133,HR5133,2000,13,37,43.0000,+50,42,53.000,-12.00,1.00,-48.0,3.00,6.48
HR5134,HR5134,2000,13,39,59.7000,-49,57,01.000,-113.00,11.00,-11.0,0.00,6.00
HR5135,HR5135,2000,13,39,40.8000,-39,44,53.000,-20.00,-25.00,-48.0,0.00,6.27
HR5136,HR5136,2000,13,39,48.6000,-40,03,07.000,-44.00,-61.00,1.0,0.00,5.60
HR5137,HR5137,2000,13,39,02.3000,+18,15,55.000,-45.00,-18.00,-11.0,0.00,6.48
HR5138,HR5138,2000,13,39,34.6000,+10,44,46.000,-112.00,-13.00,-18.0,11.00,5.57
HR5139,HR5139,2000,13,37,11.0000,+71,14,32.000,-38.00,-6.00,15.0,0.00,5.50
HR5140,HR5140,2000,13,42,01.1000,-58,47,14.000,-35.00,-10.00,-8.0,0.00,5.38
HR5141,HR5141,2000,13,41,44.7000,-54,33,36.000,-48.00,-47.00,10.0,3.00,5.01
HR5142,82UMa,2000,13,39,30.4000,+52,55,17.000,-142.00,60.00,-15.0,11.00,5.46
HR5143,HR5143,2000,13,40,15.6000,+31,00,43.000,-78.00,87.00,-18.0,0.00,6.21
HR5144,1Boo,2000,13,40,40.5000,+19,57,20.000,-49.00,23.00,-26.0,18.00,5.75
HR5145,HR5145,2000,13,40,39.1000,+28,03,55.000,-66.00,14.00,-63.0,0.00,6.23
HR5146,HR5146,2000,13,41,30.9000,-23,26,59.000,-9.00,3.00,-13.0,0.00,6.59
HR5147,HR5147,2000,13,41,45.7000,-33,35,49.000,-14.00,26.00,28.0,0.00,6.05
HR5148,HR5148,2000,13,40,23.2000,+50,31,10.000,-132.00,60.00,-15.0,49.00,6.32
HR5149,2Boo,2000,13,41,02.3000,+22,29,45.000,-20.00,-25.00,5.0,0.00,5.62
HR5150,82Vir,2000,13,41,36.8000,-08,42,11.000,-94.00,40.00,-37.0,13.00,5.01
HR5151,HR5151,2000,13,42,56.1000,-56,46,05.000,-11.00,-4.00,-23.0,0.00,6.00
HR5152,HR5152,2000,13,42,54.6000,-50,47,26.000,-7.00,-27.00,-10.0,0.00,6.41
HR5153,HR5153,2000,13,40,21.3000,+57,12,27.000,-57.00,24.00,-0.0,0.00,6.29
HR5154,83UMa,2000,13,40,44.3000,+54,40,54.000,-22.00,-9.00,-17.0,14.00,4.66
HR5155,HR5155,2000,13,42,55.0000,-41,24,04.000,-59.00,-49.00,28.0,0.00,5.98
HR5156,HR5156,2000,13,42,12.7000,+08,23,18.000,-382.00,-90.00,-11.0,35.00,6.16
HR5157,HR5157,2000,13,43,40.0000,-42,04,03.000,-26.00,-6.00,-21.0,0.00,5.98
HR5158,HR5158,2000,13,44,15.9000,-51,00,47.000,-36.00,-41.00,9.0,0.00,6.47
HR5159,84Vir,2000,13,43,03.7000,+03,32,17.000,-291.00,-71.00,-41.0,6.00,5.36
HR5160,HR5160,2000,13,42,28.8000,+41,40,27.000,-90.00,7.00,-33.0,0.00,6.30
HR5161,HR5161,2000,13,42,43.4000,+34,59,20.000,13.00,12.00,-15.0,0.00,5.98
HR5162,HR5162,2000,13,41,29.9000,+64,49,21.000,54.00,-12.00,-6.0,0.00,5.85
HR5163,HR5163,2000,13,43,54.3000,-05,29,56.000,-50.00,-18.00,-22.0,0.00,6.51
HR5164,HR5164,2000,13,43,45.2000,+22,42,01.000,49.00,-36.00,9.0,0.00,6.13
HR5165,83Vir,2000,13,44,29.8000,-16,10,45.000,13.00,-4.00,1.0,0.00,5.60
HR5166,HR5166,2000,13,44,45.7000,-25,30,03.000,-53.00,-16.00,6.0,0.00,6.21
HR5167,HR5167,2000,13,45,36.9000,-26,06,58.000,-71.00,-10.00,-10.0,0.00,5.81
HR5168,1Cen,2000,13,45,41.2000,-33,02,38.000,-462.00,-146.00,-22.0,51.00,4.23
HR5169,HR5169,2000,13,43,54.7000,+52,03,52.000,-26.00,-3.00,-7.0,0.00,6.02
HR5170,85Vir,2000,13,45,35.1000,-15,46,03.000,-44.00,-24.00,-41.0,0.00,6.19
HR5171,HR5171,2000,13,47,10.7000,-62,35,24.000,-23.00,-11.00,-36.0,0.00,6.51
HR5172,HR5172,2000,13,46,39.3000,-51,25,58.000,6.00,-33.00,-6.0,18.00,4.65
HR5173,86Vir,2000,13,45,56.3000,-12,25,36.000,-17.00,8.00,-11.0,0.00,5.51
HR5174,HR5174,2000,13,46,56.4000,-36,15,07.000,-11.00,-9.00,-10.0,19.00,5.15
HR5175,HR5175,2000,13,47,27.6000,-50,14,58.000,58.00,13.00,16.0,0.00,5.91
HR5176,HR5176,2000,13,47,38.4000,-50,19,16.000,-151.00,-23.00,28.0,13.00,5.45
HR5177,HR5177,2000,13,45,13.2000,+55,52,46.000,102.00,-360.00,-4.0,24.00,6.50
HR5178,HR5178,2000,13,47,13.5000,-09,42,33.000,8.00,-37.00,7.0,0.00,6.05
HR5179,HR5179,2000,13,46,13.5000,+41,05,19.000,-114.00,-43.00,-13.0,12.00,5.87
HR5180,HR5180,2000,13,46,19.0000,+38,30,14.000,-51.00,-2.00,-14.0,0.00,5.94
HR5181,87Vir,2000,13,47,25.4000,-17,51,36.000,59.00,-34.00,64.0,0.00,5.43
HR5182,3Boo,2000,13,46,43.3000,+25,42,08.000,-20.00,-61.00,8.0,0.00,5.95
HR5183,HR5183,2000,13,46,57.1000,+06,21,02.000,-510.00,-108.00,-31.0,26.00,6.33
HR5184,HR5184,2000,13,42,39.3000,+78,03,52.000,-62.00,49.00,-7.0,34.00,5.91
HR5185,taBoo,2000,13,47,15.7000,+17,27,24.000,-482.00,41.00,-16.0,59.00,4.50
HR5186,HR5186,2000,13,46,59.8000,+38,32,34.000,-131.00,-16.00,-10.0,0.00,5.50
HR5187,84UMa,2000,13,46,35.7000,+54,25,58.000,-19.00,1.00,-2.0,0.00,5.70
HR5188,HR5188,2000,13,55,38.7000,-82,39,58.000,-36.00,-23.00,-35.0,0.00,5.95
HR5189,HR5189,2000,13,48,55.1000,-35,42,14.000,-516.00,-174.00,4.0,39.00,6.53
HR5190,nuCen,2000,13,49,30.3000,-41,41,16.000,-22.00,-21.00,9.0,0.00,3.41
HR5191,etUMa,2000,13,47,32.4000,+49,18,48.000,-122.00,-11.00,-11.0,35.00,1.86
HR5192,2Cen,2000,13,49,26.7000,-34,27,03.000,-42.00,-57.00,41.0,31.00,4.19
HR5193,muCen,2000,13,49,37.0000,-42,28,26.000,-23.00,-20.00,9.0,0.00,3.04
HR5194,HR5194,2000,13,51,47.4000,-69,24,05.000,4.00,-3.00,10.0,0.00,5.75
HR5195,HR5195,2000,13,48,38.7000,+31,11,25.000,-7.00,37.00,11.0,0.00,5.62
HR5196,89Vir,2000,13,49,52.3000,-18,08,03.000,-100.00,-38.00,-40.0,46.00,4.97
HR5197,HR5197,2000,13,50,06.5000,-29,04,53.000,-48.00,-32.00,0.0,0.00,6.18
HR5198,HR5198,2000,13,50,19.4000,-39,54,04.000,7.00,-12.00,-4.0,0.00,6.44
HR5199,HR5199,2000,13,48,57.2000,+39,32,34.000,23.00,-2.00,-6.0,-6.00,7.40
HR5200,upBoo,2000,13,49,28.6000,+15,47,52.000,-95.00,42.00,-6.0,11.00,4.07
HR5201,6Boo,2000,13,49,42.8000,+21,15,51.000,24.00,17.00,-3.0,0.00,4.91
HR5202,HR5202,2000,13,50,34.5000,-19,53,50.000,-46.00,34.00,-30.0,0.00,6.53
HR5203,HR5203,2000,13,42,23.1000,+82,45,09.000,35.00,-41.00,-50.0,0.00,5.98
HR5204,HR5204,2000,13,49,45.0000,+36,37,58.000,-74.00,22.00,-12.0,0.00,6.38
HR5205,HR5205,2000,13,50,24.7000,+05,29,50.000,9.00,-3.00,-24.0,0.00,6.01
HR5206,HR5206,2000,13,51,47.2000,-46,53,57.000,-18.00,-30.00,-5.0,0.00,5.77
HR5207,HR5207,2000,13,52,04.8000,-52,48,42.000,-45.00,-35.00,27.0,-1.00,5.25
HR5208,HR5208,2000,13,51,36.6000,-36,26,00.000,-100.00,-117.00,0.0,0.00,6.35
HR5209,HR5209,2000,13,51,20.4000,-24,23,27.000,-572.00,-302.00,2.0,62.00,6.45
HR5210,3Cen,2000,13,51,49.6000,-32,59,40.000,-33.00,-38.00,10.0,17.00,4.56
HR5211,3Cen,2000,13,51,50.1000,-32,59,41.000,-56.00,-27.00,0.0,17.00,6.06
HR5212,HR5212,2000,13,52,00.9000,-31,37,10.000,-53.00,-52.00,9.0,16.00,6.12
HR5213,HR5213,2000,13,49,45.5000,+61,29,21.000,65.00,-99.00,-11.0,0.00,5.96
HR5214,HR5214,2000,13,51,04.5000,+34,46,21.000,31.00,-10.00,-12.0,0.00,6.65
HR5215,HR5215,2000,13,51,09.2000,+34,39,52.000,5.00,-54.00,-40.0,14.00,5.87
HR5216,HR5216,2000,13,50,27.7000,+58,32,22.000,-29.00,11.00,-40.0,0.00,6.46
HR5217,HR5217,2000,13,53,43.1000,-53,22,25.000,-24.00,-29.00,7.0,0.00,5.89
HR5218,HR5218,2000,13,54,48.9000,-67,39,09.000,-34.00,-27.00,-8.0,0.00,5.71
HR5219,HR5219,2000,13,51,47.5000,+34,26,39.000,-19.00,-32.00,-44.0,26.00,4.74
HR5220,HR5220,2000,13,52,18.4000,+12,09,55.000,28.00,-5.00,-16.0,0.00,6.04
HR5221,4Cen,2000,13,53,12.5000,-31,55,40.000,-15.00,-12.00,5.0,0.00,4.73
HR5222,HR5222,2000,13,53,32.8000,-35,39,51.000,-78.00,-19.00,-8.0,9.00,5.54
HR5223,HR5223,2000,13,53,56.9000,-47,07,41.000,-37.00,-1.00,-21.0,0.00,6.10
HR5224,HR5224,2000,13,53,52.2000,-35,18,52.000,-270.00,-75.00,5.0,0.00,6.19
HR5225,7Boo,2000,13,53,12.9000,+17,55,58.000,-39.00,4.00,-10.0,0.00,5.70
HR5226,10Dra,2000,13,51,25.9000,+64,43,24.000,1.00,-2.00,-11.0,14.00,4.65
HR5227,HR5227,2000,13,50,59.2000,+68,18,55.000,-172.00,-55.00,-45.0,25.00,6.40
HR5228,HR5228,2000,13,54,16.6000,-28,34,11.000,-170.00,-69.00,-17.0,0.00,6.04
HR5229,HR5229,2000,13,53,10.3000,+28,38,53.000,-125.00,27.00,-12.0,0.00,5.90
HR5230,HR5230,2000,13,55,12.2000,-52,09,40.000,-27.00,-24.00,23.0,0.00,5.71
HR5231,zeCen,2000,13,55,32.4000,-47,17,18.000,-57.00,-42.00,7.0,0.00,2.55
HR5232,90Vir,2000,13,54,42.1000,-01,30,11.000,-88.00,-18.00,-7.0,27.00,5.15
HR5233,HR5233,2000,13,54,58.2000,-08,03,32.000,-172.00,-30.00,-19.0,20.00,6.19
HR5234,HR5234,2000,13,56,19.8000,-54,07,55.000,-38.00,-14.00,13.0,12.00,6.14
HR5235,etBoo,2000,13,54,41.1000,+18,23,52.000,-63.00,-358.00,-0.0,108.00,2.68
HR5236,HR5236,2000,13,56,33.0000,-54,42,16.000,-38.00,-216.00,5.0,0.00,6.00
HR5237,HR5237,2000,13,55,44.5000,-31,17,06.000,-47.00,9.00,-18.0,0.00,6.51
HR5238,86UMa,2000,13,53,51.0000,+53,43,43.000,-30.00,-3.00,-16.0,12.00,5.70
HR5239,HR5239,2000,13,56,19.5000,-46,35,33.000,-164.00,-76.00,-1.0,25.00,5.83
HR5240,HR5240,2000,14,00,32.8000,-78,35,24.000,-21.00,-5.00,6.0,0.00,6.09
HR5241,HR5241,2000,13,57,38.9000,-63,41,12.000,-44.00,-30.00,22.0,33.00,4.71
HR5242,HR5242,2000,13,58,31.2000,-65,48,02.000,-33.00,-36.00,-29.0,0.00,6.20
HR5243,HR5243,2000,13,55,50.0000,+14,03,23.000,-292.00,7.00,-13.0,0.00,6.16
HR5244,92Vir,2000,13,56,27.9000,+01,03,02.000,-26.00,14.00,-23.0,0.00,5.91
HR5245,HR5245,2000,13,56,10.5000,+32,01,57.000,-118.00,48.00,-22.0,14.00,6.32
HR5246,HR5246,2000,13,57,27.7000,-23,01,22.000,-41.00,6.00,1.0,0.00,6.14
HR5247,9Boo,2000,13,56,34.2000,+27,29,31.000,28.00,-48.00,-40.0,8.00,5.01
HR5248,phCen,2000,13,58,16.3000,-42,06,03.000,-24.00,-21.00,6.0,0.00,3.83
HR5249,up1Cen,2000,13,58,40.8000,-44,48,13.000,-25.00,-24.00,5.0,0.00,3.87
HR5250,47Hya,2000,13,58,31.1000,-24,58,20.000,-49.00,-29.00,5.0,0.00,5.15
HR5251,HR5251,2000,13,59,17.3000,-50,22,12.000,11.00,-34.00,-5.0,0.00,5.91
HR5252,HR5252,2000,14,00,17.3000,-61,28,53.000,-72.00,-40.00,6.0,0.00,6.49
HR5253,HR5253,2000,14,00,52.2000,-66,16,07.000,-136.00,-16.00,-17.0,0.00,5.97
HR5254,HR5254,2000,13,58,39.9000,+14,38,58.000,-61.00,-56.00,-41.0,0.00,6.00
HR5255,10Boo,2000,13,58,38.9000,+21,41,46.000,-9.00,-45.00,6.0,13.00,5.76
HR5256,HR5256,2000,13,57,32.1000,+61,29,34.000,-34.00,210.00,-25.0,0.00,6.37
HR5257,48Hya,2000,14,00,00.1000,-25,00,37.000,-196.00,-91.00,-17.0,29.00,5.77
HR5258,HR5258,2000,13,59,49.3000,-03,32,59.000,-25.00,-58.00,-8.0,0.00,6.40
HR5259,HR5259,2000,14,01,19.0000,-40,13,20.000,-37.00,-6.00,-45.0,0.00,6.13
HR5260,up2Cen,2000,14,01,43.4000,-45,36,13.000,2.00,-19.00,-1.0,13.00,4.34
HR5261,thAps,2000,14,05,19.8000,-76,47,48.000,-94.00,-32.00,10.0,0.00,5.50
HR5262,HR5262,2000,14,01,20.4000,+08,53,41.000,36.00,-7.00,-17.0,0.00,5.99
HR5263,11Boo,2000,14,01,10.5000,+27,23,12.000,-80.00,17.00,-24.0,0.00,6.23
HR5264,taVir,2000,14,01,38.8000,+01,32,40.000,18.00,-21.00,-2.0,24.00,4.26
HR5265,HR5265,2000,14,02,22.8000,-27,25,48.000,-33.00,-8.00,0.0,0.00,5.48
HR5266,HR5266,2000,14,03,26.2000,-56,12,49.000,-83.00,-31.00,17.0,0.00,5.92
HR5267,beCen,2000,14,03,49.4000,-60,22,23.000,-32.00,-19.00,6.0,9.00,0.61
HR5268,HR5268,2000,14,03,01.7000,-31,41,02.000,22.00,83.00,5.0,18.00,6.18
HR5269,HR5269,2000,14,03,27.5000,-41,25,24.000,-34.00,-17.00,4.0,0.00,6.11
HR5270,HR5270,2000,14,02,31.8000,+09,41,11.000,-196.00,-63.00,-23.0,0.00,6.20
HR5271,HR5271,2000,14,02,12.2000,+45,45,13.000,33.00,-76.00,-49.0,0.00,6.27
HR5272,HR5272,2000,14,03,53.1000,-22,25,18.000,-12.00,13.00,-19.0,0.00,6.30
HR5273,HR5273,2000,14,03,32.3000,+10,47,12.000,83.00,-307.00,-17.0,59.00,6.30
HR5274,HR5274,2000,14,03,36.8000,+07,32,47.000,-38.00,-12.00,-20.0,0.00,6.26
HR5275,HR5275,2000,14,03,55.8000,+04,54,03.000,-11.00,-3.00,-23.0,0.00,6.24
HR5276,HR5276,2000,14,04,14.6000,-05,22,53.000,-9.00,-11.00,-9.0,0.00,6.39
HR5277,HR5277,2000,14,04,27.0000,-14,58,18.000,-36.00,-19.00,-15.0,0.00,6.28
HR5278,HR5278,2000,14,05,46.5000,-54,40,10.000,-50.00,-19.00,-36.0,0.00,6.17
HR5279,HR5279,2000,14,08,27.1000,-74,51,01.000,-252.00,179.00,-22.0,41.00,6.02
HR5280,HR5280,2000,14,02,59.7000,+50,58,19.000,-21.00,0.00,-10.0,0.00,6.15
HR5281,HR5281,2000,14,06,25.1000,-59,42,56.000,-11.00,19.00,2.0,0.00,6.42
HR5282,HR5282,2000,14,01,50.6000,+68,40,43.000,-35.00,-1.00,-22.0,0.00,6.34
HR5283,HR5283,2000,14,04,37.5000,+02,17,51.000,-30.00,-3.00,-29.0,0.00,6.28
HR5284,HR5284,2000,14,05,14.0000,-16,20,09.000,2.00,6.00,-13.0,0.00,6.56
HR5285,chCen,2000,14,06,02.8000,-41,10,47.000,-17.00,-20.00,12.0,0.00,4.36
HR5286,HR5286,2000,14,06,10.9000,-43,05,31.000,-6.00,-37.00,22.0,0.00,6.20
HR5287,piHya,2000,14,06,22.3000,-26,40,57.000,44.00,-139.00,27.0,49.00,3.27
HR5288,thCen,2000,14,06,41.0000,-36,22,12.000,-519.00,-519.00,1.0,65.00,2.06
HR5289,HR5289,2000,14,08,14.3000,-63,12,29.000,25.00,38.00,39.0,0.00,6.40
HR5290,95Vir,2000,14,06,42.8000,-09,18,48.000,-139.00,11.00,-36.0,0.00,5.46
HR5291,alDra,2000,14,04,23.3000,+64,22,33.000,-55.00,18.00,-13.0,18.00,3.65
HR5292,HR5292,2000,14,08,56.3000,-59,16,36.000,-10.00,-11.00,-2.0,0.00,6.34
HR5293,HR5293,2000,14,10,30.9000,-70,18,20.000,-6.00,-10.00,-1.0,0.00,6.05
HR5294,HR5294,2000,14,08,51.9000,-43,28,16.000,-19.00,-28.00,-2.0,0.00,6.17
HR5295,HR5295,2000,14,11,01.9000,-69,43,11.000,-35.00,-26.00,-3.0,0.00,6.06
HR5296,HR5296,2000,14,09,35.0000,-51,30,17.000,-30.00,-7.00,5.0,0.00,6.00
HR5297,HR5297,2000,14,09,54.8000,-53,26,21.000,-146.00,-96.00,-16.0,17.00,4.75
HR5298,96Vir,2000,14,09,00.6000,-10,20,04.000,-5.00,25.00,-20.0,0.00,6.47
HR5299,HR5299,2000,14,07,55.8000,+43,51,16.000,11.00,-28.00,-36.0,24.00,5.27
HR5300,13Boo,2000,14,08,17.3000,+49,27,29.000,-61.00,59.00,-13.0,20.00,5.25
HR5301,HR5301,2000,14,10,50.5000,-16,18,07.000,6.00,-6.00,18.0,12.00,4.91
HR5302,HR5302,2000,14,08,46.0000,+59,20,16.000,-123.00,-17.00,11.0,0.00,6.46
HR5303,etAps,2000,14,18,13.8000,-81,00,28.000,-31.00,-63.00,-9.0,0.00,4.91
HR5304,12Boo,2000,14,10,23.9000,+25,05,30.000,-22.00,-61.00,11.0,42.00,4.83
HR5305,3UMi,2000,14,06,56.4000,+74,35,37.000,-52.00,12.00,-4.0,0.00,6.45
HR5306,HR5306,2000,14,16,54.9000,-77,39,50.000,-17.00,9.00,-10.0,0.00,6.47
HR5307,HR5307,2000,14,11,31.2000,+01,21,44.000,-125.00,28.00,-18.0,0.00,6.43
HR5308,HR5308,2000,14,13,16.4000,-53,39,57.000,-12.00,-18.00,-3.0,9.00,5.56
HR5309,HR5309,2000,14,12,24.5000,-24,21,51.000,11.00,-28.00,11.0,0.00,6.34
HR5310,HR5310,2000,14,11,15.1000,+32,17,44.000,-25.00,22.00,-22.0,0.00,6.11
HR5311,HR5311,2000,14,13,39.9000,-54,37,33.000,-19.00,-15.00,66.0,0.00,6.11
HR5312,50Hya,2000,14,12,46.0000,-27,15,40.000,-12.00,-34.00,27.0,48.00,5.08
HR5313,HR5313,2000,14,12,15.8000,+02,24,34.000,-42.00,-26.00,-2.0,9.00,5.01
HR5314,HR5314,2000,14,13,13.2000,-26,36,44.000,9.00,-14.00,-10.0,0.00,6.24
HR5315,kaVir,2000,14,12,53.8000,-10,16,25.000,8.00,140.00,-4.0,22.00,4.19
HR5316,HR5316,2000,14,14,57.0000,-57,05,09.000,-39.00,-9.00,7.0,0.00,5.07
HR5317,HR5317,2000,14,13,40.8000,-00,50,44.000,207.00,-141.00,18.0,27.00,5.91
HR5318,HR5318,2000,14,14,42.6000,-41,50,15.000,-133.00,-21.00,-38.0,0.00,5.61
HR5319,HR5319,2000,14,15,21.2000,-53,30,35.000,-30.00,2.00,-21.0,0.00,6.39
HR5320,HR5320,2000,14,16,38.6000,-66,35,16.000,-15.00,-5.00,-9.0,0.00,5.75
HR5321,4UMi,2000,14,08,50.9000,+77,32,51.000,-32.00,34.00,6.0,10.00,4.82
HR5322,HR5322,2000,14,14,21.3000,-05,56,51.000,-306.00,88.00,-32.0,23.00,6.36
HR5323,14Boo,2000,14,14,05.2000,+12,57,34.000,-256.00,-52.00,-39.0,22.00,5.54
HR5324,HR5324,2000,14,15,01.3000,-29,16,55.000,-30.00,-15.00,-13.0,0.00,6.08
HR5325,HR5325,2000,14,15,38.8000,-45,00,03.000,137.00,-142.00,3.0,0.00,6.31
HR5326,HR5326,2000,14,16,34.2000,-59,54,50.000,-19.00,-18.00,-20.0,0.00,6.39
HR5327,HR5327,2000,14,24,23.3000,-82,50,55.000,1.00,-19.00,27.0,0.00,6.42
HR5328,ka1Boo,2000,14,13,27.7000,+51,47,16.000,54.00,-19.00,-20.0,10.00,6.69
HR5329,ka2Boo,2000,14,13,29.0000,+51,47,25.000,63.00,-2.00,-17.0,10.00,4.54
HR5330,15Boo,2000,14,14,50.8000,+10,06,02.000,-28.00,-167.00,17.0,0.00,5.29
HR5331,HR5331,2000,14,14,53.0000,+03,20,10.000,-45.00,-14.00,-48.0,0.00,6.45
HR5332,HR5332,2000,14,15,24.1000,-18,12,03.000,-39.00,-12.00,-19.0,0.00,5.43
HR5333,HR5333,2000,14,14,41.0000,+21,52,24.000,39.00,-6.00,-4.0,0.00,6.39
HR5334,HR5334,2000,14,12,04.0000,+69,25,57.000,-27.00,-47.00,-23.0,16.00,5.24
HR5335,HR5335,2000,14,14,23.5000,+41,31,08.000,-24.00,-105.00,-10.0,30.00,6.24
HR5336,epAps,2000,14,22,22.7000,-80,06,32.000,-25.00,-9.00,5.0,0.00,5.06
HR5337,HR5337,2000,14,16,18.3000,-33,14,29.000,22.00,4.00,3.0,0.00,6.55
HR5338,ioVir,2000,14,16,00.9000,-06,00,02.000,-4.00,-432.00,12.0,43.00,4.08
HR5339,deOct,2000,14,26,54.9000,-83,40,04.000,-105.00,-7.00,5.0,0.00,4.32
HR5340,alBoo,2000,14,15,39.7000,+19,10,57.000,-1093.00,-1998.00,-5.0,90.00,-0.04
HR5341,HR5341,2000,14,16,21.5000,-06,37,19.000,-32.00,-16.00,-34.0,0.00,6.44
HR5342,HR5342,2000,14,16,30.1000,-03,11,47.000,-25.00,-38.00,2.0,0.00,6.15
HR5343,HR5343,2000,14,16,04.2000,+18,54,43.000,43.00,-28.00,4.0,0.00,5.98
HR5344,HR5344,2000,14,17,03.8000,-18,35,07.000,1.00,5.00,-12.0,0.00,6.22
HR5345,HR5345,2000,14,15,16.9000,+52,32,09.000,-32.00,-4.00,-15.0,0.00,6.58
HR5346,HR5346,2000,14,16,32.8000,+20,07,17.000,-148.00,-103.00,-8.0,31.00,6.25
HR5347,HR5347,2000,14,16,24.2000,+39,44,41.000,-147.00,8.00,-24.0,0.00,6.38
HR5348,HR5348,2000,14,18,23.8000,-33,13,14.000,-70.00,-42.00,-29.0,0.00,6.54
HR5349,HR5349,2000,14,19,51.5000,-61,16,23.000,-171.00,-93.00,21.0,34.00,5.23
HR5350,ioBoo,2000,14,16,09.9000,+51,22,02.000,-150.00,92.00,-19.0,48.00,4.75
HR5351,laBoo,2000,14,16,23.0000,+46,05,18.000,-187.00,161.00,-8.0,45.00,4.18
HR5352,HR5352,2000,14,17,28.4000,+15,15,48.000,12.00,11.00,-10.0,0.00,5.80
HR5353,HR5353,2000,14,18,00.6000,-07,32,33.000,254.00,-240.00,-14.0,0.00,6.47
HR5354,ioLup,2000,14,19,24.2000,-46,03,28.000,-13.00,2.00,22.0,0.00,3.55
HR5355,HR5355,2000,14,18,38.3000,-18,42,58.000,-59.00,-42.00,-9.0,0.00,5.90
HR5356,HR5356,2000,14,19,00.8000,-25,48,56.000,-372.00,350.00,-21.0,51.00,5.87
HR5357,HR5357,2000,14,19,23.9000,-37,00,13.000,-47.00,-59.00,0.0,0.00,5.94
HR5358,HR5358,2000,14,20,19.5000,-56,23,12.000,-14.00,-9.00,4.0,0.00,4.33
HR5359,laVir,2000,14,19,06.6000,-13,22,16.000,-15.00,30.00,-11.0,17.00,4.52
HR5360,HR5360,2000,14,17,21.1000,+51,18,26.000,-25.00,-5.00,-9.0,0.00,6.20
HR5361,HR5361,2000,14,17,59.8000,+35,30,34.000,4.00,16.00,-26.0,0.00,4.81
HR5362,HR5362,2000,14,20,09.7000,-43,03,32.000,-10.00,10.00,-19.0,0.00,5.56
HR5363,HR5363,2000,14,17,49.2000,+48,00,06.000,-10.00,-45.00,-17.0,0.00,6.32
HR5364,HR5364,2000,14,20,42.5000,-45,11,14.000,34.00,-80.00,0.0,20.00,4.77
HR5365,18Boo,2000,14,19,16.3000,+13,00,15.000,106.00,-30.00,-3.0,0.00,5.41
HR5366,upVir,2000,14,19,32.5000,-02,15,56.000,-120.00,-74.00,-27.0,18.00,5.14
HR5367,psCen,2000,14,20,33.4000,-37,53,07.000,-63.00,-12.00,-5.0,3.00,4.05
HR5368,HR5368,2000,14,19,40.9000,+00,23,03.000,-41.00,-13.00,-22.0,0.00,6.19
HR5369,HR5369,2000,14,18,55.7000,+38,46,03.000,-1.00,31.00,-10.0,0.00,6.86
HR5370,20Boo,2000,14,19,45.2000,+16,18,25.000,-142.00,60.00,-8.0,0.00,4.86
HR5371,HR5371,2000,14,22,37.0000,-58,27,34.000,-52.00,13.00,15.0,24.00,4.92
HR5372,HR5372,2000,14,18,55.8000,+54,51,51.000,-28.00,11.00,-3.0,0.00,6.53
HR5373,HR5373,2000,14,19,47.7000,+38,47,38.000,22.00,-13.00,-11.0,0.00,6.33
HR5374,HR5374,2000,14,20,08.7000,+30,25,45.000,-10.00,-5.00,1.0,0.00,6.44
HR5375,HR5375,2000,14,22,38.7000,-48,19,13.000,-13.00,-13.00,-18.0,0.00,6.09
HR5376,HR5376,2000,14,22,19.7000,-34,47,13.000,-25.00,1.00,-37.0,0.00,5.56
HR5377,HR5377,2000,14,23,20.3000,-50,46,20.000,-5.00,-4.00,-7.0,0.00,6.02
HR5378,HR5378,2000,14,23,02.2000,-39,30,44.000,-27.00,-32.00,8.0,0.00,4.42
HR5379,HR5379,2000,14,25,06.3000,-68,11,43.000,-12.00,-3.00,-22.0,0.00,5.61
HR5380,HR5380,2000,14,23,48.4000,-53,10,36.000,-71.00,-24.00,7.0,0.00,6.00
HR5381,51Hya,2000,14,23,05.8000,-27,45,14.000,-193.00,-112.00,20.0,40.00,4.77
HR5382,HR5382,2000,14,25,39.5000,-66,10,24.000,-59.00,-26.00,18.0,0.00,6.36
HR5383,2Lib,2000,14,23,25.6000,-11,42,51.000,-9.00,-58.00,-1.0,0.00,6.21
HR5384,HR5384,2000,14,23,15.3000,+01,14,30.000,226.00,-477.00,-19.0,61.00,6.27
HR5385,HR5385,2000,14,23,22.6000,+08,26,42.000,-75.00,-8.00,-18.0,16.00,6.86
HR5386,HR5386,2000,14,23,22.7000,+08,26,48.000,-75.00,-8.00,-23.0,16.00,5.12
HR5387,HR5387,2000,14,23,06.8000,+25,20,17.000,-155.00,64.00,-10.0,0.00,6.22
HR5388,HR5388,2000,14,24,00.9000,+08,14,37.000,3.00,-25.00,-7.0,0.00,5.95
HR5389,HR5389,2000,14,29,36.8000,-76,43,45.000,-39.00,-26.00,-8.0,0.00,6.07
HR5390,HR5390,2000,14,24,48.6000,-24,48,23.000,-55.00,-16.00,-22.0,24.00,5.32
HR5391,HR5391,2000,14,27,07.1000,-65,49,18.000,-18.00,-13.00,-20.0,0.00,5.85
HR5392,HR5392,2000,14,24,11.3000,+05,49,12.000,-77.00,5.00,-10.0,23.00,5.10
HR5393,HR5393,2000,14,24,40.9000,-11,40,11.000,-71.00,-29.00,-36.0,12.00,6.49
HR5394,HR5394,2000,14,24,18.3000,+08,05,06.000,-114.00,-92.00,-31.0,15.00,6.19
HR5395,ta1Lup,2000,14,26,08.2000,-45,13,17.000,-12.00,-13.00,-22.0,0.00,4.56
HR5396,ta2Lup,2000,14,26,10.8000,-45,22,46.000,16.00,-8.00,-1.0,2.00,4.35
HR5397,HR5397,2000,14,25,29.8000,-19,58,11.000,-39.00,-6.00,-2.0,5.00,6.61
HR5398,HR5398,2000,14,26,13.4000,-42,19,09.000,-123.00,-71.00,-33.0,0.00,6.32
HR5399,HR5399,2000,14,25,47.7000,-26,51,09.000,-19.00,-61.00,7.0,0.00,6.48
HR5400,HR5400,2000,14,26,49.9000,-39,52,26.000,-19.00,-16.00,8.0,0.00,6.35
HR5401,HR5401,2000,14,27,12.2000,-46,08,04.000,-153.00,-82.00,-26.0,0.00,5.83
HR5402,HR5402,2000,14,25,29.2000,+38,23,35.000,7.00,-13.00,25.0,0.00,6.27
HR5403,HR5403,2000,14,28,43.5000,-59,11,52.000,-11.00,-15.00,2.0,0.00,6.45
HR5404,thBoo,2000,14,25,11.8000,+51,51,03.000,-236.00,-397.00,-11.0,72.00,4.05
HR5405,22Boo,2000,14,26,27.4000,+19,13,37.000,-71.00,25.00,-28.0,7.00,5.39
HR5406,104Vir,2000,14,27,24.4000,-06,07,13.000,-71.00,-58.00,-15.0,0.00,6.17
HR5407,52Hya,2000,14,28,10.4000,-29,29,30.000,-24.00,-23.00,16.0,0.00,4.97
HR5408,HR5408,2000,14,31,16.5000,-67,43,02.000,35.00,-66.00,78.0,0.00,5.83
HR5409,phVir,2000,14,28,12.1000,-02,13,41.000,-139.00,-2.00,-10.0,47.00,4.81
HR5410,106Vir,2000,14,28,41.7000,-06,54,02.000,-19.00,-52.00,-49.0,0.00,5.42
HR5411,HR5411,2000,14,27,27.3000,+41,01,30.000,-56.00,-19.00,-17.0,0.00,6.63
HR5412,HR5412,2000,14,30,08.6000,-45,19,18.000,-46.00,-40.00,10.0,0.00,5.50
HR5413,HR5413,2000,14,30,20.9000,-49,31,09.000,-52.00,-47.00,0.0,0.00,5.37
HR5414,HR5414,2000,14,28,31.5000,+28,17,21.000,28.00,-13.00,-13.0,0.00,7.62
HR5415,HR5415,2000,14,28,33.3000,+28,17,27.000,17.00,8.00,-12.0,0.00,7.12
HR5416,HR5416,2000,14,28,16.4000,+36,11,49.000,-24.00,2.00,-18.0,0.00,6.10
HR5417,HR5417,2000,14,30,56.5000,-40,50,42.000,-30.00,3.00,-16.0,0.00,6.39
HR5418,HR5418,2000,14,29,50.5000,+00,49,44.000,10.00,2.00,-9.0,0.00,5.94
HR5419,HR5419,2000,14,31,10.8000,-38,52,11.000,5.00,23.00,8.0,0.00,5.97
HR5420,24Boo,2000,14,28,37.8000,+49,50,41.000,-305.00,-46.00,-6.0,22.00,5.59
HR5421,HR5421,2000,14,32,32.9000,-56,53,16.000,-27.00,-12.00,-22.0,0.00,6.93
HR5422,HR5422,2000,14,29,49.7000,+31,47,28.000,-18.00,4.00,-9.0,0.00,6.06
HR5423,HR5423,2000,14,29,36.8000,+41,47,45.000,162.00,-218.00,-1.0,31.00,6.35
HR5424,HR5424,2000,14,30,45.4000,+04,46,20.000,9.00,-12.00,6.0,0.00,6.02
HR5425,siLup,2000,14,32,36.9000,-50,27,25.000,-43.00,-10.00,-2.0,0.00,4.42
HR5426,HR5426,2000,14,33,32.4000,-54,59,54.000,-95.00,4.00,-0.0,0.00,5.87
HR5427,HR5427,2000,14,33,29.9000,-52,40,48.000,-6.00,-31.00,-42.0,0.00,5.87
HR5428,HR5428,2000,14,33,09.6000,-30,42,51.000,40.00,-15.00,10.0,6.00,6.09
HR5429,rhBoo,2000,14,31,49.8000,+30,22,17.000,-100.00,119.00,-14.0,29.00,3.58
HR5430,5UMi,2000,14,27,31.5000,+75,41,46.000,9.00,23.00,10.0,19.00,4.25
HR5431,HR5431,2000,14,34,08.0000,-42,05,59.000,-16.00,-29.00,-56.0,0.00,6.60
HR5432,HR5432,2000,14,35,17.2000,-60,00,57.000,-21.00,-31.00,-7.0,0.00,6.40
HR5433,HR5433,2000,14,32,20.2000,+26,40,38.000,-64.00,-29.00,-4.0,11.00,6.01
HR5434,26Boo,2000,14,32,32.5000,+22,15,36.000,-127.00,39.00,-12.0,0.00,5.92
HR5435,gaBoo,2000,14,32,04.7000,+38,18,30.000,-114.00,153.00,-37.0,25.00,3.03
HR5436,HR5436,2000,14,30,46.1000,+63,11,08.000,-178.00,0.00,-3.0,0.00,6.09
HR5437,HR5437,2000,14,31,42.8000,+60,13,32.000,-49.00,21.00,-19.0,0.00,6.27
HR5438,HR5438,2000,14,34,50.7000,-20,26,21.000,17.00,2.00,-0.0,0.00,6.50
HR5439,HR5439,2000,14,35,31.5000,-41,31,02.000,-20.00,-17.00,10.0,0.00,5.87
HR5440,etCen,2000,14,35,30.4000,-42,09,28.000,-35.00,-35.00,-0.0,0.00,2.31
HR5441,HR5441,2000,14,33,20.3000,+36,57,34.000,-4.00,-57.00,2.0,0.00,6.43
HR5442,HR5442,2000,14,32,30.9000,+55,23,52.000,6.00,-15.00,3.0,0.00,5.76
HR5443,HR5443,2000,14,37,46.3000,-67,55,56.000,-343.00,-290.00,-30.0,51.00,6.04
HR5444,HR5444,2000,14,36,19.0000,-46,14,43.000,-38.00,19.00,-60.0,19.00,5.55
HR5445,HR5445,2000,14,34,11.7000,+32,32,04.000,108.00,7.00,-8.0,0.00,6.33
HR5446,HR5446,2000,14,36,24.2000,-39,35,50.000,-37.00,-18.00,-31.0,0.00,6.13
HR5447,siBoo,2000,14,34,40.8000,+29,44,42.000,189.00,132.00,0.0,68.00,4.46
HR5448,HR5448,2000,14,34,38.5000,+36,37,33.000,-29.00,-54.00,-12.0,0.00,6.03
HR5449,HR5449,2000,14,36,44.2000,-40,12,42.000,-16.00,-25.00,2.0,0.00,5.74
HR5450,HR5450,2000,14,37,20.1000,-46,08,02.000,-14.00,-20.00,-16.0,23.00,5.41
HR5451,HR5451,2000,14,34,15.9000,+57,03,55.000,217.00,-229.00,-22.0,25.00,6.48
HR5452,HR5452,2000,14,34,39.6000,+49,22,06.000,-45.00,54.00,-20.0,0.00,5.74
HR5453,rhLup,2000,14,37,53.2000,-49,25,33.000,-24.00,-31.00,8.0,0.00,4.05
HR5454,HR5454,2000,14,36,06.9000,+23,15,01.000,-12.00,27.00,7.0,0.00,6.38
HR5455,HR5455,2000,14,36,59.8000,-12,18,19.000,-872.00,365.00,-70.0,34.00,6.20
HR5456,HR5456,2000,14,38,19.6000,-38,47,39.000,66.00,-23.00,28.0,0.00,6.02
HR5457,HR5457,2000,14,39,11.0000,-46,35,03.000,-182.00,-211.00,-12.0,21.00,6.07
HR5458,HR5458,2000,14,39,24.7000,-49,03,20.000,-167.00,-132.00,-17.0,9.00,6.39
HR5459,al1Cen,2000,14,39,35.9000,-60,50,07.000,-3642.00,699.00,-22.0,751.00,-0.01
HR5460,al2Cen,2000,14,39,36.1000,-60,50,08.000,-3646.00,700.00,-21.0,751.00,1.33
HR5461,HR5461,2000,14,40,32.8000,-56,26,27.000,-7.00,-11.00,-5.0,0.00,6.30
HR5462,HR5462,2000,14,38,14.0000,+18,17,54.000,-29.00,-68.00,-14.0,38.00,5.91
HR5463,alCir,2000,14,42,30.4000,-64,58,31.000,-192.00,-232.00,7.0,56.00,3.19
HR5464,HR5464,2000,14,38,12.5000,+43,38,31.000,-113.00,30.00,-49.0,0.00,5.70
HR5465,HR5465,2000,14,41,55.7000,-58,36,58.000,19.00,-42.00,11.0,0.00,6.22
HR5466,HR5466,2000,14,41,01.4000,-36,08,06.000,-22.00,-8.00,-23.0,0.00,5.67
HR5467,HR5467,2000,14,38,15.2000,+54,01,24.000,18.00,-16.00,-3.0,0.00,5.85
HR5468,33Boo,2000,14,38,50.2000,+44,24,16.000,-67.00,-17.00,-13.0,12.00,5.39
HR5469,alLup,2000,14,41,55.8000,-47,23,18.000,-21.00,-18.00,5.0,0.00,2.30
HR5470,alAps,2000,14,47,51.6000,-79,02,41.000,-12.00,-15.00,-1.0,29.00,3.83
HR5471,HR5471,2000,14,41,57.6000,-37,47,37.000,-23.00,-32.00,1.0,0.00,4.00
HR5472,HR5472,2000,14,40,21.9000,+21,58,32.000,-18.00,34.00,1.0,0.00,6.10
HR5473,HR5473,2000,14,40,42.4000,+13,32,03.000,55.00,-25.00,-8.0,0.00,5.91
HR5474,HR5474,2000,14,41,51.1000,-30,56,00.000,-31.00,-22.00,-11.0,3.00,6.37
HR5475,pi1Boo,2000,14,40,43.6000,+16,25,06.000,15.00,15.00,-1.0,2.00,4.94
HR5476,pi2Boo,2000,14,40,43.9000,+16,25,04.000,1.00,10.00,-7.0,2.00,5.88
HR5477,zeBoo,2000,14,41,08.9000,+13,43,42.000,53.00,-16.00,-6.0,9.00,4.83
HR5478,zeBoo,2000,14,41,08.9000,+13,43,42.000,53.00,-16.00,-6.0,9.00,4.43
HR5479,HR5479,2000,14,33,38.3000,+79,39,37.000,-101.00,81.00,-23.0,15.00,6.26
HR5480,31Boo,2000,14,41,38.8000,+08,09,42.000,-9.00,3.00,-22.0,11.00,4.86
HR5481,32Boo,2000,14,41,43.5000,+11,39,38.000,-157.00,-114.00,-23.0,23.00,5.56
HR5482,HR5482,2000,14,45,17.3000,-62,52,33.000,63.00,-84.00,-1.0,11.00,5.36
HR5483,HR5483,2000,14,41,54.2000,+21,07,25.000,-10.00,-53.00,-11.0,0.00,6.38
HR5484,4Lib,2000,14,43,13.6000,-24,59,51.000,-19.00,-1.00,-4.0,0.00,5.73
HR5485,HR5485,2000,14,43,39.4000,-35,10,25.000,-64.00,-180.00,-38.0,14.00,4.05
HR5486,HR5486,2000,14,44,55.5000,-58,28,40.000,-83.00,-53.00,-24.0,0.00,6.11
HR5487,muVir,2000,14,43,03.6000,-05,39,30.000,109.00,-316.00,5.0,45.00,3.88
HR5488,HR5488,2000,14,45,10.9000,-55,36,07.000,-15.00,-13.00,-6.0,0.00,6.10
HR5489,HR5489,2000,14,44,59.2000,-35,11,31.000,3.00,-4.00,-5.0,19.00,4.92
HR5490,34Boo,2000,14,43,25.4000,+26,31,40.000,-13.00,-17.00,6.0,2.00,4.81
HR5491,HR5491,2000,15,28,19.1000,-88,07,59.000,-91.00,-77.00,-15.0,0.00,6.48
HR5492,HR5492,2000,14,42,03.2000,+61,15,43.000,70.00,-30.00,-6.0,17.00,6.25
HR5493,HR5493,2000,14,43,44.4000,+40,27,33.000,-14.00,23.00,13.0,0.00,5.73
HR5494,HR5494,2000,14,46,29.1000,-47,26,28.000,-22.00,-15.00,-11.0,0.00,5.74
HR5495,HR5495,2000,14,47,01.3000,-52,23,01.000,-16.00,-82.00,-21.0,21.00,5.21
HR5496,HR5496,2000,14,45,11.7000,-01,25,04.000,-53.00,-4.00,-47.0,0.00,6.07
HR5497,54Hya,2000,14,46,00.1000,-25,26,35.000,-150.00,-104.00,-13.0,49.00,4.94
HR5498,HR5498,2000,14,47,12.3000,-52,12,20.000,-25.00,-17.00,-34.0,0.00,6.07
HR5499,HR5499,2000,14,46,06.8000,-23,09,11.000,27.00,-58.00,7.0,0.00,5.81
HR5500,HR5500,2000,14,48,44.4000,-66,35,38.000,-21.00,-25.00,19.0,0.00,5.91
HR5501,108Vir,2000,14,45,30.2000,+00,43,02.000,-38.00,-7.00,-20.0,0.00,5.69
HR5502,omiBoo,2000,14,45,14.5000,+16,57,52.000,-58.00,-49.00,-9.0,45.00,4.60
HR5503,5Lib,2000,14,45,57.8000,-15,27,35.000,-32.00,0.00,-40.0,0.00,6.33
HR5504,HR5504,2000,14,46,10.9000,-21,10,34.000,-62.00,-104.00,-0.0,26.00,6.40
HR5505,epBoo,2000,14,44,59.2000,+27,04,30.000,-50.00,21.00,-23.0,16.00,5.12
HR5506,epBoo,2000,14,44,59.2000,+27,04,27.000,-49.00,21.00,-17.0,16.00,2.70
HR5507,HR5507,2000,14,45,20.7000,+18,53,05.000,32.00,14.00,-4.0,0.00,6.13
HR5508,HR5508,2000,14,47,05.1000,-38,17,27.000,52.00,-90.00,41.0,0.00,5.94
HR5509,HR5509,2000,14,47,32.1000,-43,33,27.000,-13.00,-32.00,-23.0,0.00,6.30
HR5510,HR5510,2000,14,45,13.7000,+32,47,18.000,45.00,-72.00,30.0,0.00,6.28
HR5511,109Vir,2000,14,46,14.9000,+01,53,34.000,-114.00,-26.00,-6.0,37.00,3.72
HR5512,HR5512,2000,14,46,06.0000,+15,07,55.000,-84.00,20.00,-22.0,0.00,5.63
HR5513,HR5513,2000,14,47,13.7000,-21,19,29.000,-13.00,4.00,-24.0,0.00,6.06
HR5514,55Hya,2000,14,47,22.5000,-25,37,28.000,-8.00,-16.00,-18.0,0.00,5.63
HR5515,HR5515,2000,14,49,06.9000,-56,40,04.000,-110.00,-123.00,13.0,0.00,6.23
HR5516,56Hya,2000,14,47,44.8000,-26,05,15.000,41.00,-7.00,-1.0,34.00,5.24
HR5517,57Hya,2000,14,47,57.5000,-26,38,47.000,-13.00,-11.00,6.0,0.00,5.77
HR5518,HR5518,2000,14,47,54.9000,-12,50,23.000,43.00,-85.00,33.0,0.00,6.35
HR5519,HR5519,2000,14,48,38.1000,-36,38,05.000,-14.00,-48.00,41.0,0.00,6.04
HR5520,HR5520,2000,14,53,13.7000,-73,11,24.000,21.00,33.00,38.0,0.00,5.60
HR5521,HR5521,2000,14,49,18.7000,-24,15,06.000,-23.00,-3.00,-26.0,0.00,5.68
HR5522,HR5522,2000,14,48,54.1000,-00,50,52.000,-8.00,17.00,-16.0,0.00,6.14
HR5523,muLib,2000,14,49,19.1000,-14,08,56.000,-61.00,-14.00,-4.0,6.00,5.31
HR5524,HR5524,2000,14,48,23.3000,+24,22,00.000,-110.00,45.00,-31.0,10.00,6.14
HR5525,pi1Oct,2000,15,01,50.8000,-83,13,40.000,16.00,53.00,14.0,0.00,5.65
HR5526,58Hya,2000,14,50,17.3000,-27,57,37.000,-241.00,-59.00,-10.0,11.00,4.41
HR5527,HR5527,2000,14,52,35.0000,-63,48,36.000,-24.00,-9.00,-21.0,0.00,5.87
HR5528,omiLup,2000,14,51,38.4000,-43,34,32.000,-20.00,-27.00,7.0,0.00,4.32
HR5529,HR5529,2000,14,49,06.7000,+37,48,40.000,-253.00,111.00,-35.0,21.00,6.16
HR5530,al1Lib,2000,14,50,41.2000,-15,59,50.000,-98.00,-66.00,-23.0,50.00,5.15
HR5531,al2Lib,2000,14,50,52.7000,-16,02,30.000,-106.00,-67.00,-10.0,58.00,2.75
HR5532,HR5532,2000,14,49,58.4000,+28,36,57.000,17.00,3.00,1.0,0.00,5.80
HR5533,38Boo,2000,14,49,18.7000,+46,06,58.000,-2.00,-76.00,-5.0,0.00,5.74
HR5534,HR5534,2000,14,50,15.8000,+23,54,43.000,143.00,34.00,-2.0,69.00,5.85
HR5535,11Lib,2000,14,51,01.0000,-02,17,57.000,84.00,-123.00,83.0,16.00,4.94
HR5536,HR5536,2000,14,51,00.1000,-00,15,26.000,-26.00,15.00,-20.0,0.00,6.18
HR5537,HR5537,2000,14,49,32.3000,+51,22,29.000,12.00,8.00,-5.0,0.00,6.51
HR5538,39Boo,2000,14,49,41.3000,+48,43,14.000,-76.00,96.00,-32.0,9.00,5.69
HR5539,zeCir,2000,14,54,42.4000,-65,59,29.000,-22.00,-22.00,-18.0,0.00,6.09
HR5540,HR5540,2000,14,57,52.9000,-76,39,46.000,-74.00,-15.00,-31.0,8.00,5.34
HR5541,HR5541,2000,14,50,29.6000,+37,16,19.000,-211.00,94.00,-67.0,26.00,5.48
HR5542,HR5542,2000,14,52,33.1000,-30,34,37.000,-329.00,-27.00,-28.0,31.00,6.29
HR5543,HR5543,2000,14,52,51.1000,-37,48,12.000,-18.00,-21.00,6.0,0.00,5.03
HR5544,xiBoo,2000,14,51,23.3000,+19,06,04.000,137.00,-98.00,3.0,156.00,4.55
HR5545,pi2Oct,2000,15,04,46.7000,-83,02,18.000,-16.00,-10.00,-21.0,0.00,5.65
HR5546,HR5546,2000,14,55,34.6000,-60,06,51.000,-125.00,-115.00,-14.0,31.00,5.20
HR5547,HR5547,2000,15,00,11.8000,-77,09,37.000,-3.00,4.00,2.0,0.00,5.93
HR5548,12Lib,2000,14,54,20.1000,-24,38,32.000,-10.00,-27.00,9.0,41.00,5.30
HR5549,HR5549,2000,14,54,38.0000,-33,18,02.000,0.00,2.00,-24.0,0.00,5.82
HR5550,HR5550,2000,14,53,23.3000,+15,42,16.000,-22.00,9.00,21.0,21.00,6.40
HR5551,thCir,2000,14,56,44.0000,-62,46,51.000,-11.00,0.00,3.0,0.00,5.11
HR5552,HR5552,2000,14,51,26.4000,+59,17,38.000,-122.00,139.00,11.0,0.00,5.46
HR5553,HR5553,2000,14,53,23.7000,+19,09,10.000,-452.00,216.00,-29.0,87.00,6.01
HR5554,xi1Lib,2000,14,54,22.9000,-11,53,54.000,-52.00,-10.00,-24.0,0.00,5.80
HR5555,HR5555,2000,14,59,56.0000,-75,01,57.000,-6.00,-14.00,-3.0,0.00,6.20
HR5556,HR5556,2000,14,56,17.3000,-52,48,35.000,26.00,5.00,7.0,0.00,5.38
HR5557,omeOct,2000,15,11,08.3000,-84,47,15.000,-8.00,9.00,-7.0,0.00,5.91
HR5558,HR5558,2000,14,55,44.7000,-33,51,21.000,20.00,0.00,0.0,7.00,5.32
HR5559,HR5559,2000,14,56,32.0000,-47,52,45.000,-40.00,-20.00,15.0,0.00,5.64
HR5560,HR5560,2000,14,57,01.4000,-51,26,49.000,-76.00,-9.00,24.0,0.00,6.64
HR5561,HR5561,2000,14,56,35.8000,-39,24,58.000,-26.00,-24.00,-7.0,0.00,6.36
HR5562,HR5562,2000,14,56,30.9000,-32,38,12.000,-8.00,-28.00,12.0,0.00,6.06
HR5563,beUMi,2000,14,50,42.3000,+74,09,20.000,-31.00,12.00,17.0,39.00,2.08
HR5564,xi2Lib,2000,14,56,46.1000,-11,24,35.000,11.00,8.00,15.0,0.00,5.46
HR5565,HR5565,2000,14,57,13.6000,-29,09,28.000,-27.00,-31.00,8.0,0.00,6.29
HR5566,HR5566,2000,14,58,08.8000,-48,51,47.000,-7.00,-333.00,37.0,51.00,6.35
HR5567,HR5567,2000,14,56,13.2000,+14,26,47.000,-13.00,0.00,-22.0,0.00,5.77
HR5568,HR5568,2000,14,57,28.0000,-21,24,56.000,1045.00,-1729.00,20.0,173.00,5.74
HR5569,HR5569,2000,14,55,58.7000,+32,18,01.000,-43.00,4.00,-12.0,0.00,6.12
HR5570,16Lib,2000,14,57,11.0000,-04,20,47.000,-94.00,-150.00,22.0,47.00,4.49
HR5571,beLup,2000,14,58,31.9000,-43,08,02.000,-35.00,-39.00,0.0,0.00,2.68
HR5572,HR5572,2000,14,58,36.8000,-39,54,24.000,-47.00,-63.00,24.0,0.00,6.15
HR5573,HR5573,2000,14,57,33.3000,-00,10,03.000,62.00,-26.00,20.0,34.00,5.53
HR5574,HR5574,2000,14,57,03.6000,+21,33,19.000,-23.00,-28.00,-11.0,0.00,6.49
HR5575,HR5575,2000,14,57,11.7000,+16,23,18.000,5.00,1.00,-16.0,0.00,5.71
HR5576,kaCen,2000,14,59,09.7000,-42,06,15.000,-19.00,-24.00,8.0,0.00,3.13
HR5577,59Hya,2000,14,58,39.2000,-27,39,26.000,-42.00,-10.00,-10.0,8.00,5.65
HR5578,17Lib,2000,14,58,13.4000,-11,09,18.000,-11.00,-14.00,-17.0,0.00,6.60
HR5579,HR5579,2000,14,59,13.9000,-37,52,53.000,-17.00,-20.00,15.0,0.00,6.47
HR5580,HR5580,2000,14,59,27.1000,-43,09,36.000,-18.00,-13.00,-10.0,0.00,6.10
HR5581,HR5581,2000,14,56,23.0000,+49,37,43.000,115.00,-223.00,-15.0,27.00,5.63
HR5582,18Lib,2000,14,58,53.6000,-11,08,39.000,-101.00,-61.00,-12.0,0.00,5.87
HR5583,HR5583,2000,14,58,52.8000,-04,59,21.000,-357.00,-97.00,-29.0,26.00,6.09
HR5584,HR5584,2000,14,59,23.1000,+04,34,04.000,5.00,-8.00,-12.0,0.00,5.93
HR5585,HR5585,2000,15,01,13.0000,-38,03,30.000,13.00,-34.00,41.0,0.00,5.89
HR5586,deLib,2000,15,00,58.4000,-08,31,08.000,-63.00,-5.00,-39.0,20.00,4.92
HR5587,HR5587,2000,15,01,58.1000,-34,21,32.000,-25.00,-20.00,-3.0,0.00,6.22
HR5588,40Boo,2000,14,59,36.9000,+39,15,55.000,-32.00,42.00,12.0,0.00,5.64
HR5589,HR5589,2000,14,57,35.0000,+65,55,57.000,-79.00,32.00,7.0,10.00,4.60
HR5590,HR5590,2000,15,01,19.8000,-02,45,18.000,27.00,-23.00,-15.0,0.00,5.52
HR5591,60Hya,2000,15,02,06.4000,-28,03,38.000,85.00,-29.00,8.0,0.00,5.85
HR5592,HR5592,2000,15,00,52.4000,+22,02,44.000,10.00,6.00,-26.0,0.00,6.38
HR5593,etCir,2000,15,04,48.2000,-64,01,54.000,99.00,4.00,45.0,32.00,5.17
HR5594,HR5594,2000,15,01,48.9000,-00,08,26.000,9.00,-24.00,-34.0,2.00,5.71
HR5595,HR5595,2000,15,02,59.3000,-32,38,36.000,-15.00,-21.00,6.0,0.00,5.44
HR5596,HR5596,2000,14,50,20.4000,+82,30,43.000,176.00,-222.00,-43.0,16.00,5.64
HR5597,HR5597,2000,15,00,38.7000,+47,16,40.000,-9.00,24.00,-14.0,0.00,6.37
HR5598,HR5598,2000,15,07,08.7000,-71,54,19.000,23.00,-15.00,9.0,0.00,6.52
HR5599,HR5599,2000,15,02,44.9000,-03,01,53.000,-39.00,-20.00,-22.0,0.00,6.61
HR5600,omeBoo,2000,15,02,06.5000,+25,00,29.000,-7.00,-51.00,14.0,25.00,4.81
HR5601,110Vir,2000,15,02,54.0000,+02,05,29.000,-54.00,16.00,-16.0,25.00,4.40
HR5602,beBoo,2000,15,01,56.8000,+40,23,26.000,-41.00,-28.00,-20.0,37.00,3.50
HR5603,siLib,2000,15,04,04.2000,-25,16,55.000,-73.00,-43.00,-4.0,64.00,3.29
HR5604,HR5604,2000,15,04,42.9000,-40,51,41.000,-15.00,-39.00,-30.0,0.00,6.41
HR5605,piLup,2000,15,05,07.2000,-47,03,04.000,-20.00,-19.00,5.0,9.00,4.72
HR5606,piLup,2000,15,05,07.2000,-47,03,04.000,-19.00,-19.00,5.0,9.00,4.82
HR5607,HR5607,2000,15,05,19.1000,-41,04,02.000,20.00,-3.00,-3.0,19.00,5.15
HR5608,HR5608,2000,15,01,27.1000,+60,12,16.000,-17.00,15.00,-9.0,0.00,5.93
HR5609,HR5609,2000,15,03,06.1000,+35,12,21.000,-38.00,12.00,-27.0,0.00,5.51
HR5610,HR5610,2000,15,04,06.4000,+05,29,33.000,-10.00,-41.00,-8.0,17.00,6.50
HR5611,HR5611,2000,15,07,56.8000,-65,16,32.000,7.00,-9.00,-4.0,0.00,6.17
HR5612,HR5612,2000,15,03,06.6000,+44,38,40.000,-93.00,24.00,-20.0,0.00,6.65
HR5613,HR5613,2000,15,03,36.5000,+34,33,58.000,-2.00,-16.00,-25.0,0.00,6.59
HR5614,HR5614,2000,15,05,47.7000,-25,47,23.000,-2.00,-20.00,-32.0,0.00,6.67
HR5615,HR5615,2000,15,06,13.9000,-36,15,51.000,-17.00,8.00,-37.0,0.00,6.27
HR5616,psBoo,2000,15,04,26.7000,+26,56,51.000,-174.00,-6.00,-26.0,18.00,4.54
HR5617,HR5617,2000,15,07,25.9000,-49,05,18.000,14.00,17.00,-12.0,0.00,5.77
HR5618,44Boo,2000,15,03,47.4000,+47,39,16.000,-407.00,33.00,-25.0,86.00,4.76
HR5619,HR5619,2000,15,06,33.3000,-30,55,08.000,-16.00,-38.00,2.0,0.00,5.96
HR5620,HR5620,2000,15,06,27.1000,-22,01,55.000,63.00,-58.00,5.0,0.00,6.17
HR5621,HR5621,2000,15,09,29.9000,-67,05,03.000,-5.00,-1.00,9.0,0.00,5.76
HR5622,nuLib,2000,15,06,37.6000,-16,15,25.000,-33.00,-22.00,-15.0,20.00,5.20
HR5623,HR5623,2000,15,09,25.5000,-63,38,34.000,-15.00,-18.00,12.0,0.00,6.28
HR5624,HR5624,2000,15,08,12.1000,-40,35,02.000,-30.00,-32.00,3.0,0.00,5.79
HR5625,HR5625,2000,15,08,39.1000,-42,52,04.000,-27.00,-18.00,1.0,0.00,5.85
HR5626,laLup,2000,15,08,50.6000,-45,16,47.000,-16.00,-19.00,10.0,12.00,4.05
HR5627,47Boo,2000,15,05,25.8000,+48,09,04.000,-66.00,31.00,-13.0,26.00,5.57
HR5628,HR5628,2000,15,12,33.8000,-72,46,13.000,-24.00,-7.00,-13.0,0.00,6.01
HR5629,HR5629,2000,15,03,57.8000,+65,55,11.000,23.00,-7.00,-5.0,0.00,6.13
HR5630,HR5630,2000,15,06,35.1000,+36,27,20.000,-63.00,28.00,-5.0,0.00,6.35
HR5631,HR5631,2000,15,07,40.3000,+05,29,53.000,-3.00,-17.00,3.0,0.00,6.16
HR5632,HR5632,2000,15,10,44.6000,-61,25,21.000,-198.00,-21.00,38.0,0.00,6.30
HR5633,HR5633,2000,15,07,20.4000,+18,26,30.000,43.00,-55.00,-6.0,15.00,6.02
HR5634,45Boo,2000,15,07,18.1000,+24,52,09.000,185.00,-165.00,-7.0,64.00,4.93
HR5635,HR5635,2000,15,06,16.7000,+54,33,23.000,48.00,15.00,16.0,29.00,5.25
HR5636,HR5636,2000,15,10,07.5000,-38,47,33.000,-6.00,-23.00,-35.0,0.00,5.98
HR5637,HR5637,2000,15,11,16.0000,-55,20,46.000,-2.00,-8.00,-4.0,0.00,5.54
HR5638,46Boo,2000,15,08,23.8000,+26,18,04.000,5.00,-14.00,21.0,0.00,5.67
HR5639,HR5639,2000,15,08,53.4000,+13,14,06.000,-56.00,64.00,-49.0,0.00,6.10
HR5640,HR5640,2000,15,08,35.5000,+25,06,31.000,-8.00,-1.00,-16.0,0.00,5.81
HR5641,HR5641,2000,15,10,18.6000,-26,19,58.000,-32.00,-10.00,-33.0,0.00,5.76
HR5642,HR5642,2000,15,11,34.9000,-45,16,39.000,-9.00,14.00,-4.0,0.00,6.44
HR5643,HR5643,2000,15,11,31.9000,-45,16,46.000,25.00,-55.00,21.0,0.00,7.39
HR5644,HR5644,2000,15,14,19.1000,-70,04,46.000,-1.00,-6.00,-4.0,0.00,5.81
HR5645,HR5645,2000,15,13,01.0000,-61,44,38.000,-10.00,-8.00,-31.0,0.00,6.32
HR5646,ka1Lup,2000,15,11,56.1000,-48,44,16.000,-95.00,-49.00,-6.0,0.00,3.87
HR5647,ka2Lup,2000,15,11,57.6000,-48,44,37.000,-103.00,-40.00,0.0,0.00,5.69
HR5648,HR5648,2000,15,08,19.5000,+50,03,18.000,-4.00,-18.00,-29.0,0.00,6.39
HR5649,zeLup,2000,15,12,17.1000,-52,05,57.000,-112.00,-73.00,-10.0,43.00,3.41
HR5650,HR5650,2000,15,12,31.3000,-48,13,07.000,-14.00,-28.00,-43.0,0.00,6.33
HR5651,HR5651,2000,15,12,49.5000,-44,30,02.000,-34.00,-28.00,14.0,0.00,4.82
HR5652,io1Lib,2000,15,12,13.3000,-19,47,30.000,-36.00,-39.00,-12.0,30.00,4.54
HR5653,HR5653,2000,15,13,07.4000,-36,05,29.000,-43.00,-21.00,-3.0,0.00,6.10
HR5654,HR5654,2000,15,12,04.3000,+18,58,33.000,-17.00,5.00,-35.0,6.00,5.89
HR5655,HR5655,2000,15,13,17.5000,-24,00,30.000,-11.00,-20.00,3.0,0.00,6.47
HR5656,io2Lib,2000,15,13,19.2000,-19,38,51.000,-51.00,-37.00,-4.0,0.00,6.08
HR5657,23Lib,2000,15,13,28.7000,-25,18,33.000,-398.00,-71.00,3.0,34.00,6.45
HR5658,HR5658,2000,15,13,53.3000,-26,11,37.000,-15.00,0.00,-28.0,0.00,5.84
HR5659,HR5659,2000,15,12,43.5000,+19,17,09.000,-590.00,290.00,-37.0,24.00,6.68
HR5660,1Lup,2000,15,14,37.3000,-31,31,09.000,-5.00,1.00,-23.0,14.00,4.91
HR5661,HR5661,2000,15,16,36.4000,-60,54,14.000,-26.00,0.00,6.0,0.00,5.73
HR5662,26Lib,2000,15,14,33.7000,-17,46,07.000,-22.00,-14.00,-26.0,0.00,6.17
HR5663,HR5663,2000,15,15,53.8000,-48,04,27.000,18.00,-32.00,-9.0,0.00,5.95
HR5664,deCir,2000,15,16,56.7000,-60,57,27.000,-19.00,-9.00,9.0,0.00,5.09
HR5665,HR5665,2000,15,13,31.9000,+22,59,00.000,49.00,93.00,-5.0,0.00,6.30
HR5666,epCir,2000,15,17,38.9000,-63,36,38.000,1.00,8.00,-5.0,4.00,4.86
HR5667,HR5667,2000,15,16,04.0000,-41,29,28.000,-5.00,-6.00,-27.0,-3.00,5.16
HR5668,HR5668,2000,15,16,10.5000,-43,29,05.000,-7.00,3.00,-21.0,0.00,6.04
HR5669,HR5669,2000,15,14,50.7000,-05,30,10.000,-18.00,5.00,-27.0,0.00,6.28
HR5670,beCir,2000,15,17,30.8000,-58,48,04.000,-100.00,-137.00,10.0,53.00,4.07
HR5671,gaTrA,2000,15,18,54.6000,-68,40,46.000,-72.00,-31.00,-3.0,10.00,2.89
HR5672,HR5672,2000,15,10,44.1000,+67,46,53.000,1.00,0.00,-8.0,0.00,6.17
HR5673,HR5673,2000,15,13,35.6000,+38,15,53.000,-10.00,-47.00,-62.0,0.00,6.20
HR5674,HR5674,2000,15,14,06.1000,+31,47,17.000,43.00,-18.00,4.0,0.00,5.99
HR5675,3Ser,2000,15,15,11.4000,+04,56,22.000,-18.00,5.00,-34.0,21.00,5.33
HR5676,chBoo,2000,15,14,29.2000,+29,09,51.000,-66.00,30.00,-16.0,26.00,5.26
HR5677,HR5677,2000,15,14,10.3000,+42,10,17.000,19.00,-14.00,-7.0,0.00,6.13
HR5678,HR5678,2000,15,16,23.0000,-22,23,58.000,-34.00,3.00,-5.0,0.00,5.50
HR5679,4Ser,2000,15,15,49.1000,+00,22,20.000,-107.00,15.00,-12.0,20.00,5.63
HR5680,HR5680,2000,15,18,48.9000,-60,29,47.000,-27.00,-2.00,-3.0,0.00,5.46
HR5681,deBoo,2000,15,15,30.2000,+33,18,53.000,86.00,-112.00,-12.0,30.00,3.47
HR5682,HR5682,2000,15,18,09.4000,-41,03,39.000,28.00,7.00,-6.0,0.00,6.28
HR5683,muLup,2000,15,18,32.0000,-47,52,30.000,-26.00,-38.00,15.0,13.00,4.27
HR5684,HR5684,2000,15,20,40.7000,-67,28,53.000,-3.00,-8.00,-4.0,0.00,6.28
HR5685,beLib,2000,15,17,00.4000,-09,22,59.000,-96.00,-19.00,-35.0,-3.00,2.61
HR5686,2Lup,2000,15,17,49.9000,-30,08,56.000,-8.00,-10.00,-4.0,18.00,4.34
HR5687,HR5687,2000,15,18,56.4000,-40,47,18.000,-14.00,-24.00,11.0,0.00,5.59
HR5688,HR5688,2000,15,18,41.3000,-31,12,34.000,-6.00,-8.00,-24.0,0.00,6.18
HR5689,HR5689,2000,15,19,31.6000,-37,05,48.000,-92.00,-124.00,11.0,0.00,6.20
HR5690,HR5690,2000,15,18,26.2000,-00,27,41.000,6.00,-7.00,-13.0,0.00,5.89
HR5691,HR5691,2000,15,14,38.3000,+67,20,48.000,221.00,-390.00,-47.0,46.00,5.13
HR5692,HR5692,2000,15,18,24.5000,+20,34,22.000,-12.00,-20.00,-8.0,0.00,5.70
HR5693,HR5693,2000,15,14,51.9000,+68,56,43.000,24.00,-9.00,-11.0,0.00,6.51
HR5694,5Ser,2000,15,19,18.8000,+01,45,55.000,374.00,-514.00,54.0,37.00,5.06
HR5695,deLup,2000,15,21,22.3000,-40,38,51.000,-15.00,-26.00,0.0,0.00,3.22
HR5696,HR5696,2000,15,21,35.3000,-40,44,59.000,-10.00,-32.00,-4.0,0.00,6.20
HR5697,HR5697,2000,15,21,30.1000,-38,13,09.000,-13.00,-41.00,7.0,0.00,6.48
HR5698,nu1Lup,2000,15,22,08.3000,-47,55,40.000,-140.00,-137.00,-11.0,32.00,5.00
HR5699,nu2Lup,2000,15,21,48.2000,-48,19,04.000,-1617.00,-277.00,-69.0,66.00,5.65
HR5700,HR5700,2000,15,23,10.4000,-60,39,25.000,-90.00,-20.00,6.0,0.00,5.67
HR5701,28Lib,2000,15,20,53.7000,-18,09,31.000,-11.00,-61.00,3.0,0.00,6.17
HR5702,HR5702,2000,15,19,30.2000,+32,30,55.000,-15.00,16.00,-25.0,0.00,6.32
HR5703,omiLib,2000,15,21,01.4000,-15,32,54.000,24.00,26.00,5.0,0.00,6.30
HR5704,gaCir,2000,15,23,22.7000,-59,19,15.000,-16.00,-38.00,-17.0,10.00,4.51
HR5705,ph1Lup,2000,15,21,48.4000,-36,15,41.000,-89.00,-84.00,-29.0,14.00,3.56
HR5706,HR5706,2000,15,20,47.1000,-02,24,48.000,-253.00,-177.00,-47.0,33.00,6.35
HR5707,HR5707,2000,15,21,07.6000,-05,49,29.000,-50.00,-8.00,-33.0,0.00,5.54
HR5708,epLup,2000,15,22,40.9000,-44,41,22.000,-19.00,-13.00,8.0,9.00,3.37
HR5709,omiCrB,2000,15,20,08.5000,+29,36,58.000,-120.00,-47.00,-53.0,1.00,5.51
HR5710,6Ser,2000,15,21,02.0000,+00,42,55.000,-42.00,-106.00,9.0,7.00,5.35
HR5711,HR5711,2000,15,21,06.9000,+24,57,28.000,-26.00,-26.00,-2.0,0.00,6.39
HR5712,ph2Lup,2000,15,23,09.4000,-36,51,31.000,-18.00,-23.00,2.0,0.00,4.54
HR5713,HR5713,2000,15,26,14.7000,-68,18,33.000,121.00,11.00,25.0,0.00,5.89
HR5714,11UMi,2000,15,17,05.9000,+71,49,26.000,7.00,11.00,-16.0,15.00,5.02
HR5715,HR5715,2000,15,20,05.2000,+51,57,31.000,14.00,12.00,8.0,0.00,5.66
HR5716,HR5716,2000,15,20,41.6000,+44,26,03.000,27.00,-106.00,-0.0,0.00,6.19
HR5717,7Ser,2000,15,22,23.2000,+12,34,03.000,-4.00,-4.00,4.0,0.00,6.28
HR5718,50Boo,2000,15,21,48.6000,+32,56,02.000,-51.00,17.00,-7.0,5.00,5.37
HR5719,upLup,2000,15,24,44.9000,-39,42,37.000,-37.00,-47.00,-8.0,8.00,5.37
HR5720,HR5720,2000,15,23,52.2000,-12,22,10.000,-38.00,-39.00,-26.0,0.00,5.72
HR5721,8Ser,2000,15,23,43.7000,-01,01,21.000,76.00,-30.00,-2.0,0.00,6.12
HR5722,HR5722,2000,15,25,06.6000,-38,10,10.000,-10.00,-29.00,3.0,0.00,7.03
HR5723,epLib,2000,15,24,11.9000,-10,19,20.000,-67.00,-154.00,-10.0,35.00,4.94
HR5724,HR5724,2000,15,25,20.2000,-38,44,01.000,-52.00,-16.00,-3.0,12.00,4.60
HR5725,HR5725,2000,15,27,33.1000,-64,31,53.000,-15.00,-19.00,-9.0,0.00,5.71
HR5726,HR5726,2000,15,22,37.4000,+39,34,53.000,2.00,-15.00,-12.0,0.00,5.50
HR5727,etCrB,2000,15,23,12.3000,+30,17,16.000,138.00,-187.00,-7.0,61.00,5.58
HR5728,etCrB,2000,15,23,12.3000,+30,17,16.000,137.00,-187.00,-7.0,61.00,6.08
HR5729,rhOct,2000,15,43,16.8000,-84,27,55.000,131.00,97.00,-11.0,0.00,5.57
HR5730,ka1Aps,2000,15,31,30.8000,-73,23,22.000,-6.00,-13.00,62.0,0.00,5.49
HR5731,HR5731,2000,15,22,37.3000,+62,02,50.000,10.00,-34.00,-24.0,0.00,5.98
HR5732,HR5732,2000,15,24,05.1000,+45,16,16.000,-14.00,8.00,-10.0,0.00,6.01
HR5733,mu1Boo,2000,15,24,29.4000,+37,22,38.000,-146.00,87.00,-13.0,39.00,4.31
HR5734,mu2Boo,2000,15,24,30.9000,+37,20,52.000,-144.00,94.00,-9.0,39.00,6.50
HR5735,gaUMi,2000,15,20,43.7000,+71,50,02.000,-19.00,20.00,-4.0,3.00,3.05
HR5736,HR5736,2000,15,27,18.2000,-36,46,04.000,-12.00,-35.00,4.0,0.00,5.45
HR5737,HR5737,2000,15,22,38.4000,+63,20,29.000,-13.00,-91.00,-46.0,5.00,5.79
HR5738,HR5738,2000,15,28,27.2000,-51,35,51.000,-7.00,5.00,-16.0,0.00,6.10
HR5739,ta1Ser,2000,15,25,47.4000,+15,25,41.000,-13.00,-7.00,-20.0,13.00,5.17
HR5740,HR5740,2000,15,25,53.3000,+19,28,51.000,-57.00,-6.00,-3.0,0.00,6.27
HR5741,HR5741,2000,15,26,17.4000,+34,20,09.000,-114.00,56.00,-48.0,0.00,5.46
HR5742,HR5742,2000,15,29,24.3000,-46,43,58.000,-10.00,-6.00,-28.0,5.00,5.24
HR5743,ze1Lib,2000,15,28,15.4000,-16,42,59.000,17.00,-32.00,-21.0,0.00,5.64
HR5744,ioDra,2000,15,24,55.8000,+58,57,58.000,-9.00,17.00,-11.0,40.00,3.29
HR5745,HR5745,2000,15,27,38.9000,+25,06,06.000,7.00,-14.00,-7.0,0.00,6.02
HR5746,10Ser,2000,15,28,38.2000,+01,50,32.000,-83.00,-29.00,-10.0,31.00,5.17
HR5747,beCrB,2000,15,27,49.7000,+29,06,21.000,-179.00,86.00,-19.0,32.00,3.68
HR5748,HR5748,2000,15,26,32.5000,+54,01,12.000,48.00,-19.00,-5.0,0.00,6.45
HR5749,HR5749,2000,15,30,36.3000,-20,43,42.000,14.00,-19.00,-11.0,0.00,6.22
HR5750,ze3Lib,2000,15,30,40.4000,-16,36,34.000,18.00,1.00,-2.0,0.00,5.82
HR5751,HR5751,2000,15,32,04.4000,-38,37,23.000,-26.00,-89.00,-1.0,0.00,6.25
HR5752,HR5752,2000,15,28,44.5000,+47,12,05.000,-15.00,-2.00,-16.0,0.00,6.15
HR5753,HR5753,2000,15,31,50.3000,-32,52,52.000,-12.00,-24.00,5.0,0.00,6.46
HR5754,HR5754,2000,15,27,40.8000,+62,16,32.000,33.00,-24.00,-5.0,0.00,6.50
HR5755,HR5755,2000,15,27,51.4000,+60,40,13.000,-19.00,-2.00,-47.0,0.00,5.90
HR5756,HR5756,2000,15,31,43.4000,-20,09,53.000,-75.00,-28.00,-40.0,0.00,6.22
HR5757,HR5757,2000,15,39,18.3000,-77,55,05.000,-85.00,-123.00,13.0,0.00,6.18
HR5758,HR5758,2000,15,30,55.4000,+08,34,45.000,34.00,-3.00,-1.0,0.00,6.57
HR5759,HR5759,2000,15,28,56.8000,+55,11,42.000,-7.00,36.00,-7.0,0.00,6.43
HR5760,HR5760,2000,15,30,22.7000,+31,17,10.000,-24.00,-12.00,-4.0,0.00,6.46
HR5761,HR5761,2000,15,30,27.9000,+36,48,15.000,-59.00,23.00,2.0,0.00,6.37
HR5762,HR5762,2000,15,32,36.7000,-19,40,14.000,-21.00,-35.00,-33.0,18.00,5.52
HR5763,nu1Boo,2000,15,30,55.8000,+40,49,59.000,11.00,-7.00,-10.0,20.00,5.02
HR5764,ze4Lib,2000,15,32,55.2000,-16,51,10.000,-11.00,-14.00,9.0,0.00,5.50
HR5765,HR5765,2000,15,33,09.1000,-24,29,22.000,-3.00,-38.00,-8.0,0.00,7.00
HR5766,HR5766,2000,15,36,17.4000,-65,36,48.000,-92.00,-63.00,-8.0,0.00,6.51
HR5767,HR5767,2000,15,34,01.6000,-40,03,58.000,-55.00,-25.00,-40.0,0.00,5.82
HR5768,HR5768,2000,15,29,21.2000,+62,05,59.000,-24.00,-1.00,-40.0,0.00,6.38
HR5769,HR5769,2000,15,31,22.4000,+36,36,59.000,6.00,-31.00,-50.0,0.00,6.38
HR5770,ta2Ser,2000,15,32,09.7000,+16,03,22.000,1.00,9.00,-18.0,0.00,6.22
HR5771,epTrA,2000,15,36,43.2000,-66,19,01.000,23.00,-55.00,-16.0,38.00,4.11
HR5772,11Ser,2000,15,32,57.9000,-01,11,11.000,-17.00,-42.00,-16.0,0.00,5.51
HR5773,HR5773,2000,15,34,20.9000,-39,20,58.000,-28.00,-47.00,0.0,0.00,6.36
HR5774,nu2Boo,2000,15,31,47.0000,+40,53,58.000,-17.00,-9.00,-17.0,20.00,5.02
HR5775,36Lib,2000,15,34,37.3000,-28,02,49.000,14.00,-33.00,12.0,11.00,5.15
HR5776,gaLup,2000,15,35,08.5000,-41,10,01.000,-15.00,-28.00,2.0,8.00,2.78
HR5777,37Lib,2000,15,34,10.7000,-10,03,52.000,309.00,-234.00,48.0,27.00,4.62
HR5778,thCrB,2000,15,32,55.8000,+31,21,33.000,-19.00,-11.00,-25.0,27.00,4.14
HR5779,HR5779,2000,15,34,20.8000,-05,41,42.000,-95.00,11.00,-38.0,0.00,6.51
HR5780,HR5780,2000,15,34,26.6000,-09,11,00.000,-16.00,-23.00,-2.0,0.00,5.17
HR5781,HR5781,2000,15,35,53.2000,-44,57,31.000,-25.00,-30.00,7.0,14.00,4.54
HR5782,ka2Aps,2000,15,40,21.2000,-73,26,48.000,-21.00,-24.00,-19.0,0.00,5.65
HR5783,HR5783,2000,15,33,52.8000,+17,08,16.000,-42.00,-38.00,-21.0,0.00,6.45
HR5784,HR5784,2000,15,36,12.1000,-44,23,49.000,-45.00,-57.00,-19.0,17.00,5.43
HR5785,HR5785,2000,15,30,55.7000,+64,12,31.000,-117.00,81.00,10.0,2.00,5.79
HR5786,HR5786,2000,15,41,54.6000,-76,04,55.000,-18.00,-41.00,0.0,0.00,5.95
HR5787,gaLib,2000,15,35,31.6000,-14,47,22.000,65.00,9.00,-28.0,41.00,3.91
HR5788,deSer,2000,15,34,48.1000,+10,32,15.000,-74.00,-5.00,-38.0,21.00,3.80
HR5789,deSer,2000,15,34,48.1000,+10,32,21.000,-74.00,12.00,-42.0,21.00,3.80
HR5790,HR5790,2000,15,36,11.4000,-33,05,34.000,-16.00,-17.00,-4.0,0.00,6.24
HR5791,HR5791,2000,15,35,04.6000,+01,40,08.000,-74.00,-35.00,-20.0,0.00,6.56
HR5792,HR5792,2000,15,40,11.5000,-70,13,40.000,-49.00,-60.00,-2.0,0.00,6.44
HR5793,alCrB,2000,15,34,41.3000,+26,42,53.000,121.00,-89.00,2.0,45.00,2.23
HR5794,upLib,2000,15,37,01.5000,-28,08,06.000,-9.00,3.00,-25.0,44.00,3.58
HR5795,ta3Ser,2000,15,35,33.2000,+17,39,20.000,-79.00,-14.00,-22.0,0.00,6.12
HR5796,HR5796,2000,15,35,53.4000,+11,15,56.000,-30.00,-12.00,-26.0,0.00,6.07
HR5797,omeLup,2000,15,38,03.2000,-42,34,03.000,-153.00,57.00,-7.0,17.00,4.33
HR5798,HR5798,2000,15,38,49.5000,-52,22,22.000,-36.00,-35.00,-12.0,15.00,5.44
HR5799,14Ser,2000,15,36,33.7000,-00,33,42.000,-27.00,-22.00,-23.0,0.00,6.51
HR5800,muCrB,2000,15,35,15.0000,+39,00,36.000,29.00,6.00,-19.0,3.00,5.11
HR5801,HR5801,2000,15,37,28.5000,-26,16,48.000,-10.00,-23.00,1.0,0.00,6.19
HR5802,16Ser,2000,15,36,29.6000,+10,00,36.000,45.00,-129.00,8.0,30.00,5.26
HR5803,HR5803,2000,15,39,56.5000,-59,54,30.000,-122.00,-220.00,-22.0,29.00,5.95
HR5804,ta5Ser,2000,15,36,29.3000,+16,07,08.000,76.00,-7.00,-2.0,0.00,5.93
HR5805,HR5805,2000,15,38,32.7000,-39,09,39.000,-13.00,-32.00,5.0,0.00,6.57
HR5806,HR5806,2000,15,37,48.1000,-23,08,30.000,-22.00,-80.00,7.0,0.00,5.78
HR5807,HR5807,2000,15,38,42.3000,-39,07,41.000,23.00,-8.00,14.0,0.00,6.04
HR5808,HR5808,2000,15,35,49.3000,+38,22,26.000,29.00,-6.00,3.0,0.00,6.42
HR5809,HR5809,2000,15,38,15.7000,-28,12,24.000,3.00,-26.00,29.0,0.00,6.32
HR5810,HR5810,2000,15,38,16.3000,-21,00,58.000,68.00,-60.00,32.0,0.00,5.84
HR5811,HR5811,2000,15,35,16.3000,+53,55,19.000,-11.00,-4.00,-10.0,0.00,5.97
HR5812,taLib,2000,15,38,39.4000,-29,46,40.000,-15.00,-30.00,3.0,0.00,3.66
HR5813,HR5813,2000,15,36,53.4000,+29,59,28.000,87.00,-60.00,-13.0,0.00,6.52
HR5814,41Lib,2000,15,38,54.5000,-19,18,07.000,85.00,-76.00,47.0,0.00,5.38
HR5815,HR5815,2000,15,38,40.0000,-08,47,40.000,22.00,-14.00,4.0,11.00,6.50
HR5816,HR5816,2000,15,38,40.1000,-08,47,28.000,28.00,-18.00,0.0,11.00,6.48
HR5817,HR5817,2000,15,36,04.1000,+52,04,11.000,-22.00,82.00,-16.0,0.00,6.74
HR5818,HR5818,2000,15,35,57.1000,+54,37,50.000,-35.00,-10.00,-19.0,0.00,5.74
HR5819,HR5819,2000,15,39,21.3000,-23,09,01.000,-36.00,-29.00,-9.0,0.00,6.34
HR5820,ps1Lup,2000,15,39,46.0000,-34,24,43.000,4.00,-15.00,-23.0,32.00,4.67
HR5821,HR5821,2000,15,40,58.3000,-47,44,08.000,-27.00,-25.00,-54.0,0.00,6.23
HR5822,HR5822,2000,15,40,15.4000,-31,12,49.000,-61.00,-20.00,-22.0,0.00,6.34
HR5823,phBoo,2000,15,37,49.6000,+40,21,12.000,63.00,62.00,-10.0,21.00,5.24
HR5824,42Lib,2000,15,40,16.9000,-23,49,05.000,-13.00,-12.00,-22.0,49.00,4.96
HR5825,HR5825,2000,15,41,11.3000,-44,39,40.000,-177.00,-262.00,-5.0,60.00,4.64
HR5826,thUMi,2000,15,31,24.9000,+77,20,58.000,-49.00,10.00,-25.0,21.00,4.96
HR5827,HR5827,2000,15,38,48.9000,+34,40,30.000,-6.00,-16.00,4.0,0.00,6.11
HR5828,HR5828,2000,15,37,32.0000,+54,30,32.000,-37.00,-15.00,-23.0,0.00,5.87
HR5829,HR5829,2000,15,29,11.0000,+80,26,55.000,-228.00,113.00,-14.0,39.00,6.58
HR5830,HR5830,2000,15,38,16.2000,+46,47,52.000,90.00,-126.00,-2.0,9.00,5.75
HR5831,HR5831,2000,15,40,10.4000,+12,03,11.000,-7.00,-7.00,-21.0,0.00,6.25
HR5832,HR5832,2000,15,42,37.2000,-49,29,22.000,-4.00,-18.00,-20.0,0.00,6.04
HR5833,ze1CrB,2000,15,39,22.2000,+36,38,12.000,-14.00,-13.00,-19.0,15.00,6.00
HR5834,ze2CrB,2000,15,39,22.7000,+36,38,09.000,-13.00,-6.00,-24.0,15.00,5.07
HR5835,HR5835,2000,15,38,34.3000,+50,25,24.000,5.00,-38.00,-14.0,0.00,5.84
HR5836,HR5836,2000,15,43,55.1000,-60,17,14.000,-17.00,-5.00,-37.0,0.00,6.48
HR5837,HR5837,2000,15,42,38.3000,-37,25,30.000,-48.00,-21.00,-16.0,8.00,5.24
HR5838,kaLib,2000,15,41,56.8000,-19,40,44.000,-37.00,-103.00,-4.0,40.00,4.74
HR5839,ps2Lup,2000,15,42,41.0000,-34,42,38.000,-21.00,-29.00,4.0,0.00,4.75
HR5840,ta6Ser,2000,15,40,59.2000,+16,01,29.000,28.00,-13.00,3.0,0.00,6.01
HR5841,HR5841,2000,15,39,09.5000,+57,55,28.000,-5.00,11.00,-8.0,0.00,6.45
HR5842,ioSer,2000,15,41,33.1000,+19,40,13.000,-57.00,-46.00,-17.0,11.00,4.52
HR5843,chSer,2000,15,41,47.4000,+12,50,51.000,40.00,-3.00,2.0,32.00,5.33
HR5844,HR5844,2000,15,37,39.1000,+69,17,00.000,-47.00,58.00,-29.0,0.00,5.62
HR5845,ta7Ser,2000,15,41,54.7000,+18,27,50.000,-72.00,53.00,-30.0,21.00,5.81
HR5846,HR5846,2000,15,44,22.6000,-41,49,10.000,-28.00,-47.00,19.0,0.00,5.94
HR5847,HR5847,2000,15,43,24.9000,-15,02,36.000,-4.00,-96.00,21.0,0.00,6.31
HR5848,etLib,2000,15,44,04.4000,-15,40,22.000,-34.00,-66.00,-31.0,0.00,5.41
HR5849,gaCrB,2000,15,42,44.6000,+26,17,44.000,-105.00,45.00,-11.0,33.00,3.84
HR5850,HR5850,2000,15,43,10.6000,+13,40,04.000,-10.00,-32.00,-10.0,2.00,6.48
HR5851,HR5851,2000,15,47,53.6000,-65,26,33.000,-5.00,-42.00,-30.0,0.00,6.18
HR5852,HR5852,2000,15,47,53.7000,-65,26,33.000,-5.00,-42.00,-24.0,0.00,6.39
HR5853,psSer,2000,15,44,01.8000,+02,30,54.000,-54.00,-151.00,19.0,46.00,5.88
HR5854,alSer,2000,15,44,16.1000,+06,25,32.000,137.00,47.00,3.0,53.00,2.65
HR5855,piCrB,2000,15,43,59.3000,+32,30,57.000,-32.00,-10.00,-4.0,0.00,5.56
HR5856,HR5856,2000,15,46,12.8000,-28,03,42.000,-67.00,-26.00,-21.0,0.00,6.51
HR5857,HR5857,2000,15,42,50.7000,+52,21,39.000,-67.00,32.00,-16.0,10.00,5.51
HR5858,ta8Ser,2000,15,44,42.1000,+17,15,51.000,-26.00,0.00,-5.0,0.00,6.14
HR5859,HR5859,2000,15,45,23.5000,+05,26,49.000,27.00,-15.00,-10.0,0.00,5.58
HR5860,HR5860,2000,15,46,44.2000,-34,40,57.000,-21.00,-28.00,5.0,0.00,5.61
HR5861,HR5861,2000,15,45,39.7000,+00,53,29.000,43.00,8.00,14.0,0.00,6.33
HR5862,HR5862,2000,15,47,25.4000,-40,11,39.000,-176.00,-37.00,-28.0,0.00,6.42
HR5863,25Ser,2000,15,46,05.6000,-01,48,16.000,-27.00,-38.00,-12.0,0.00,5.40
HR5864,HR5864,2000,15,47,29.0000,-37,54,59.000,-430.00,-217.00,-5.0,75.00,6.01
HR5865,HR5865,2000,15,48,50.3000,-52,26,17.000,-7.00,-2.00,-18.0,0.00,6.07
HR5866,HR5866,2000,15,46,45.4000,-06,07,13.000,-9.00,-2.00,-51.0,0.00,6.24
HR5867,beSer,2000,15,46,11.3000,+15,25,19.000,67.00,-45.00,-1.0,41.00,3.67
HR5868,laSer,2000,15,46,26.6000,+07,21,11.000,-223.00,-67.00,-66.0,94.00,4.43
HR5869,HR5869,2000,15,50,06.9000,-53,12,34.000,-48.00,-30.00,16.0,0.00,5.77
HR5870,upSer,2000,15,47,17.3000,+14,06,55.000,-60.00,39.00,-34.0,0.00,5.71
HR5871,HR5871,2000,15,49,57.5000,-48,54,43.000,-32.00,-1.00,12.0,0.00,5.84
HR5872,HR5872,2000,15,50,16.3000,-45,24,06.000,45.00,-33.00,2.0,0.00,6.12
HR5873,HR5873,2000,15,51,06.8000,-55,03,21.000,-1.00,-14.00,-1.0,0.00,5.73
HR5874,HR5874,2000,15,48,13.3000,+13,47,19.000,-6.00,-116.00,-54.0,0.00,6.00
HR5875,HR5875,2000,15,48,56.8000,-03,49,07.000,-33.00,9.00,-16.0,0.00,5.53
HR5876,HR5876,2000,15,52,56.7000,-65,09,09.000,35.00,8.00,16.0,0.00,6.54
HR5877,HR5877,2000,15,48,02.0000,+31,44,09.000,32.00,-41.00,-20.0,0.00,6.44
HR5878,HR5878,2000,15,46,34.8000,+55,28,29.000,-125.00,76.00,-4.0,0.00,5.92
HR5879,kaSer,2000,15,48,44.4000,+18,08,30.000,-51.00,-88.00,-39.0,21.00,4.09
HR5880,HR5880,2000,15,48,34.4000,+28,09,24.000,-2.00,-15.00,25.0,10.00,5.85
HR5881,muSer,2000,15,49,37.2000,-03,25,49.000,-86.00,-24.00,-9.0,7.00,3.53
HR5882,HR5882,2000,15,51,31.5000,-47,03,38.000,-112.00,-30.00,30.0,0.00,6.01
HR5883,chLup,2000,15,50,57.5000,-33,37,38.000,-6.00,-30.00,5.0,0.00,3.95
HR5884,HR5884,2000,15,53,22.8000,-62,36,25.000,-11.00,-23.00,8.0,0.00,6.19
HR5885,1Sco,2000,15,50,58.7000,-25,45,05.000,-18.00,-24.00,3.0,0.00,4.64
HR5886,HR5886,2000,15,46,40.0000,+62,35,58.000,39.00,-55.00,-6.0,18.00,5.19
HR5887,HR5887,2000,15,47,38.0000,+55,22,36.000,11.00,10.00,-2.0,13.00,5.86
HR5888,omeSer,2000,15,50,17.5000,+02,11,47.000,31.00,-51.00,-4.0,27.00,5.23
HR5889,deCrB,2000,15,49,35.7000,+26,04,06.000,-76.00,-63.00,-19.0,14.00,4.63
HR5890,HR5890,2000,15,52,51.5000,-50,36,55.000,15.00,11.00,-0.0,0.00,6.60
HR5891,kaTrA,2000,15,55,29.6000,-68,36,11.000,-12.00,-3.00,6.0,7.00,5.09
HR5892,epSer,2000,15,50,49.0000,+04,28,40.000,128.00,63.00,-9.0,41.00,3.71
HR5893,HR5893,2000,15,52,12.8000,-29,53,12.000,-135.00,-89.00,-17.0,0.00,6.40
HR5894,HR5894,2000,15,50,41.7000,+15,08,01.000,-5.00,-41.00,24.0,0.00,5.20
HR5895,36Ser,2000,15,51,15.6000,-03,05,26.000,-87.00,-27.00,-8.0,10.00,5.11
HR5896,HR5896,2000,15,51,38.4000,-14,08,01.000,-26.00,-5.00,-22.0,0.00,6.19
HR5897,beTrA,2000,15,55,08.5000,-63,25,50.000,-191.00,-398.00,0.0,83.00,2.85
HR5898,HR5898,2000,15,54,52.6000,-60,44,36.000,-9.00,3.00,-5.0,0.00,6.15
HR5899,rhSer,2000,15,51,15.9000,+20,58,40.000,-53.00,19.00,-62.0,15.00,4.76
HR5900,HR5900,2000,15,55,32.3000,-60,10,40.000,-52.00,-75.00,0.0,28.00,5.77
HR5901,kaCrB,2000,15,51,13.9000,+35,39,27.000,-7.00,-347.00,-24.0,34.00,4.82
HR5902,laLib,2000,15,53,20.1000,-20,10,02.000,-11.00,-23.00,6.0,0.00,5.03
HR5903,zeUMi,2000,15,44,03.5000,+77,47,40.000,20.00,-1.00,-13.0,16.00,4.32
HR5904,2Sco,2000,15,53,36.7000,-25,19,38.000,-16.00,-25.00,-10.0,6.00,4.59
HR5905,HR5905,2000,15,56,06.0000,-60,28,58.000,-34.00,-81.00,-11.0,0.00,5.76
HR5906,HR5906,2000,15,53,53.8000,-24,31,59.000,-24.00,-23.00,2.0,0.00,5.39
HR5907,HR5907,2000,15,53,55.8000,-23,58,41.000,-15.00,-25.00,-9.0,0.00,5.42
HR5908,thLib,2000,15,53,49.5000,-16,43,46.000,99.00,133.00,3.0,36.00,4.15
HR5909,HR5909,2000,15,52,56.2000,+17,24,13.000,-41.00,2.00,-12.0,0.00,6.36
HR5910,HR5910,2000,15,54,30.0000,-27,20,19.000,-25.00,-23.00,4.0,0.00,6.14
HR5911,39Ser,2000,15,53,12.1000,+13,11,48.000,-151.00,-561.00,36.0,41.00,6.10
HR5912,3Sco,2000,15,54,39.5000,-25,14,37.000,-13.00,-22.00,-9.0,0.00,5.87
HR5913,HR5913,2000,15,53,34.9000,+16,04,30.000,27.00,-20.00,2.0,0.00,6.09
HR5914,chHer,2000,15,52,40.5000,+42,27,06.000,440.00,632.00,-55.0,56.00,4.62
HR5915,47Lib,2000,15,55,00.3000,-19,22,59.000,-16.00,-20.00,-7.0,0.00,5.94
HR5916,HR5916,2000,15,55,30.4000,-31,05,01.000,14.00,24.00,44.0,0.00,6.21
HR5917,4Sco,2000,15,55,30.1000,-26,15,57.000,-45.00,-21.00,-29.0,0.00,5.62
HR5918,HR5918,2000,15,56,06.5000,-39,51,51.000,-35.00,-18.00,-18.0,0.00,6.03
HR5919,40Ser,2000,15,54,40.3000,+08,34,49.000,2.00,2.00,-25.0,0.00,6.29
HR5920,HR5920,2000,15,58,58.1000,-65,02,16.000,-13.00,-19.00,0.0,0.00,5.75
HR5921,HR5921,2000,15,57,03.8000,-48,09,44.000,-109.00,-95.00,2.0,0.00,6.31
HR5922,HR5922,2000,15,52,16.6000,+55,49,36.000,-23.00,57.00,-30.0,0.00,5.81
HR5923,HR5923,2000,15,56,13.9000,-31,47,09.000,36.00,1.00,18.0,0.00,6.29
HR5924,HR5924,2000,15,54,34.6000,+20,18,39.000,-82.00,43.00,-61.0,23.00,5.44
HR5925,xi1Lup,2000,15,56,53.5000,-33,57,59.000,18.00,-42.00,-10.0,25.00,5.12
HR5926,xi2Lup,2000,15,56,54.2000,-33,57,51.000,20.00,-39.00,-12.0,25.00,5.62
HR5927,HR5927,2000,15,56,14.4000,-14,23,58.000,31.00,-73.00,-6.0,0.00,6.37
HR5928,rhSco,2000,15,56,53.1000,-29,12,51.000,-13.00,-25.00,-0.0,0.00,3.88
HR5929,HR5929,2000,15,57,21.3000,-36,11,06.000,-18.00,-2.00,-5.0,0.00,5.80
HR5930,HR5930,2000,15,56,33.4000,-14,49,45.000,69.00,-27.00,12.0,0.00,6.13
HR5931,HR5931,2000,15,55,39.8000,+18,37,14.000,-14.00,-15.00,-42.0,0.00,6.26
HR5932,2Her,2000,15,54,37.9000,+43,08,19.000,-32.00,65.00,-10.0,34.00,5.37
HR5933,gaSer,2000,15,56,27.2000,+15,39,42.000,312.00,-1281.00,7.0,69.00,3.85
HR5934,HR5934,2000,15,57,40.4000,-20,58,59.000,-16.00,-18.00,1.0,0.00,5.85
HR5935,HR5935,2000,15,58,30.7000,-37,30,11.000,-25.00,-2.00,-14.0,0.00,6.31
HR5936,laCrB,2000,15,55,47.6000,+37,56,49.000,31.00,83.00,-12.0,44.00,5.45
HR5937,HR5937,2000,15,59,54.0000,-54,01,16.000,-23.00,-17.00,-38.0,0.00,6.10
HR5938,4Her,2000,15,55,30.6000,+42,33,58.000,-25.00,15.00,-17.0,0.00,5.75
HR5939,HR5939,2000,16,01,10.7000,-63,46,36.000,-9.00,-3.00,5.0,0.00,6.41
HR5940,phSer,2000,15,57,14.6000,+14,24,52.000,-121.00,87.00,-68.0,0.00,5.54
HR5941,48Lib,2000,15,58,11.4000,-14,16,46.000,-12.00,-15.00,-6.0,0.00,4.88
HR5942,HR5942,2000,15,58,34.8000,-24,49,53.000,-14.00,-18.00,-11.0,0.00,5.43
HR5943,HR5943,2000,15,59,30.3000,-41,44,40.000,-40.00,-18.00,-27.0,19.00,4.99
HR5944,piSco,2000,15,58,51.1000,-26,06,51.000,-11.00,-26.00,-3.0,10.00,2.89
HR5945,HR5945,2000,15,59,58.0000,-40,39,10.000,21.00,8.00,-26.0,0.00,6.49
HR5946,HR5946,2000,16,01,06.4000,-54,34,40.000,-43.00,-39.00,-32.0,0.00,6.13
HR5947,epCrB,2000,15,57,35.3000,+26,52,40.000,-76.00,-61.00,-31.0,24.00,4.15
HR5948,etLup,2000,16,00,07.3000,-38,23,49.000,-22.00,-32.00,8.0,8.00,3.41
HR5949,HR5949,2000,15,55,49.7000,+58,54,42.000,-24.00,22.00,-8.0,0.00,6.31
HR5950,HR5950,2000,15,57,29.9000,+39,41,43.000,-63.00,60.00,-14.0,0.00,6.31
HR5951,HR5951,2000,16,02,52.4000,-62,32,30.000,-42.00,-23.00,4.0,0.00,6.25
HR5952,HR5952,2000,16,00,53.7000,-40,26,07.000,14.00,37.00,-15.0,0.00,6.21
HR5953,deSco,2000,16,00,20.0000,-22,37,18.000,-12.00,-22.00,-7.0,0.00,2.32
HR5954,49Lib,2000,16,00,19.6000,-16,32,00.000,-630.00,-394.00,-25.0,35.00,5.47
HR5955,HR5955,2000,16,05,55.8000,-72,24,03.000,-37.00,69.00,49.0,0.00,5.70
HR5956,HR5956,2000,16,01,19.5000,-31,53,22.000,10.00,-4.00,1.0,0.00,6.33
HR5957,HR5957,2000,15,58,57.7000,+36,38,38.000,22.00,29.00,11.0,0.00,5.62
HR5958,HR5958,2000,15,59,30.2000,+25,55,13.000,-5.00,13.00,-29.0,0.00,2.00
HR5959,50Lib,2000,16,00,47.6000,-08,24,41.000,-14.00,-13.00,-19.0,0.00,5.55
HR5960,HR5960,2000,15,57,47.4000,+54,44,59.000,-150.00,110.00,-11.0,22.00,4.95
HR5961,io1Nor,2000,16,03,31.9000,-57,46,31.000,-124.00,-85.00,-14.0,23.00,4.63
HR5962,etNor,2000,16,03,12.9000,-49,13,47.000,43.00,10.00,-0.0,22.00,4.65
HR5963,HR5963,2000,16,00,51.1000,+04,25,39.000,-41.00,75.00,-4.0,0.00,5.83
HR5964,HR5964,2000,15,59,04.4000,+49,52,52.000,23.00,-41.00,4.0,0.00,6.05
HR5965,HR5965,2000,16,02,39.4000,-29,08,09.000,36.00,-13.00,5.0,0.00,6.03
HR5966,5Her,2000,16,01,14.3000,+17,49,06.000,-48.00,157.00,-19.0,-7.00,5.12
HR5967,HR5967,2000,16,03,24.2000,-38,36,09.000,-16.00,-27.00,-2.0,0.00,4.89
HR5968,rhCrB,2000,16,01,02.7000,+33,18,13.000,-192.00,-766.00,18.0,40.00,5.41
HR5969,HR5969,2000,16,03,20.6000,-25,51,55.000,-71.00,-38.00,-39.0,32.00,5.00
HR5970,HR5970,2000,16,03,34.3000,-32,00,02.000,-44.00,-28.00,28.0,0.00,6.01
HR5971,ioCrB,2000,16,01,26.6000,+29,51,04.000,-39.00,-9.00,-19.0,10.00,4.99
HR5972,piSer,2000,16,02,17.7000,+22,48,16.000,2.00,28.00,-28.0,12.00,4.83
HR5973,HR5973,2000,16,03,54.7000,-24,43,35.000,1.00,9.00,26.0,0.00,6.21
HR5974,HR5974,2000,16,04,17.8000,-33,12,52.000,-31.00,-55.00,-28.0,0.00,6.10
HR5975,HR5975,2000,16,04,36.7000,-37,51,47.000,-137.00,-117.00,-6.0,0.00,5.90
HR5976,43Ser,2000,16,03,45.7000,+04,59,12.000,-41.00,12.00,-44.0,0.00,6.08
HR5977,xiSco,2000,16,04,22.1000,-11,22,23.000,-60.00,-29.00,-29.0,48.00,5.07
HR5978,xiSco,2000,16,04,22.1000,-11,22,23.000,-60.00,-29.00,-29.0,48.00,4.77
HR5979,HR5979,2000,16,07,24.0000,-56,11,29.000,-3.00,-11.00,2.0,0.00,6.16
HR5980,deNor,2000,16,06,29.4000,-45,10,24.000,2.00,28.00,-16.0,35.00,4.72
HR5981,HR5981,2000,16,02,05.5000,+52,54,57.000,-2.00,-34.00,-7.0,0.00,5.93
HR5982,upHer,2000,16,02,47.9000,+46,02,12.000,59.00,-58.00,3.0,0.00,4.76
HR5983,HR5983,2000,16,03,19.4000,+36,37,54.000,10.00,-17.00,-1.0,0.00,5.83
HR5984,be1Sco,2000,16,05,26.2000,-19,48,20.000,-6.00,-19.00,-1.0,9.00,2.62
HR5985,be2Sco,2000,16,05,26.5000,-19,48,07.000,-19.00,-20.00,-4.0,0.00,4.92
HR5986,thDra,2000,16,01,53.3000,+58,33,55.000,-320.00,335.00,-9.0,51.00,4.01
HR5987,thLup,2000,16,06,35.5000,-36,48,08.000,-17.00,-29.00,15.0,0.00,4.23
HR5988,HR5988,2000,16,06,06.3000,-23,36,23.000,-13.00,-28.00,-7.0,0.00,5.92
HR5989,HR5989,2000,16,05,44.5000,-06,17,30.000,37.00,-8.00,-11.0,12.00,6.53
HR5990,HR5990,2000,16,05,59.8000,-06,08,22.000,-30.00,4.00,-32.0,0.00,6.41
HR5991,HR5991,2000,16,07,16.4000,-36,45,20.000,66.00,-43.00,26.0,0.00,5.73
HR5992,HR5992,2000,16,05,37.8000,+08,05,46.000,-9.00,-2.00,-21.0,0.00,6.29
HR5993,ome1Sco,2000,16,06,48.4000,-20,40,09.000,-9.00,-21.00,-3.0,0.00,3.96
HR5994,io2Nor,2000,16,09,18.6000,-57,56,04.000,-13.00,-63.00,0.0,0.00,5.57
HR5995,HR5995,2000,16,03,09.3000,+59,24,39.000,-23.00,-22.00,-5.0,0.00,6.19
HR5996,HR5996,2000,16,07,03.4000,-14,04,15.000,-258.00,24.00,-16.0,0.00,6.32
HR5997,ome2Sco,2000,16,07,24.3000,-20,52,07.000,41.00,-38.00,-5.0,21.00,4.32
HR5998,HR5998,2000,16,07,51.9000,-24,27,43.000,-11.00,-7.00,-5.0,0.00,6.33
HR5999,HR5999,2000,16,08,34.2000,-39,06,19.000,-19.00,-31.00,8.0,0.00,7.05
HR6000,HR6000,2000,16,08,34.4000,-39,05,35.000,-27.00,-35.00,-3.0,0.00,6.65
HR6001,HR6001,2000,16,08,07.6000,-26,19,36.000,108.00,-3.00,-18.0,0.00,5.38
HR6002,11Sco,2000,16,07,36.4000,-12,44,44.000,-45.00,-29.00,-25.0,0.00,5.78
HR6003,HR6003,2000,16,08,43.7000,-23,41,08.000,-9.00,-25.00,-14.0,0.00,5.88
HR6004,45Ser,2000,16,07,37.5000,+09,53,30.000,-21.00,-4.00,-28.0,0.00,5.63
HR6005,HR6005,2000,16,07,22.2000,+21,49,21.000,-13.00,-41.00,57.0,0.00,6.14
HR6006,HR6006,2000,16,09,31.7000,-32,38,59.000,-26.00,-53.00,-5.0,0.00,6.19
HR6007,HR6007,2000,16,09,52.6000,-33,32,45.000,-23.00,-42.00,-21.0,0.00,5.54
HR6008,kaHer,2000,16,08,04.5000,+17,02,49.000,-32.00,-7.00,-11.0,2.00,5.00
HR6009,kaHer,2000,16,08,04.9000,+17,03,16.000,-31.00,-28.00,38.0,2.00,6.25
HR6010,47Ser,2000,16,08,28.0000,+08,32,03.000,-17.00,-10.00,-22.0,0.00,5.73
HR6011,HR6011,2000,16,08,58.9000,+03,27,16.000,-28.00,16.00,9.0,0.00,5.91
HR6012,HR6012,2000,16,09,55.2000,-18,20,27.000,-84.00,-76.00,-25.0,0.00,6.47
HR6013,8Her,2000,16,08,46.6000,+17,12,21.000,-21.00,-26.00,-17.0,0.00,6.14
HR6014,HR6014,2000,16,09,11.2000,+06,22,44.000,236.00,-738.00,-4.0,30.00,5.97
HR6015,HR6015,2000,16,11,17.7000,-41,07,11.000,-77.00,-127.00,-14.0,0.00,5.86
HR6016,HR6016,2000,16,09,50.5000,-03,28,01.000,-30.00,-7.00,-46.0,8.00,5.37
HR6017,HR6017,2000,16,11,02.0000,-29,24,59.000,-93.00,-87.00,-27.0,25.00,5.13
HR6018,taCrB,2000,16,08,58.3000,+36,29,27.000,-53.00,333.00,-19.0,31.00,4.76
HR6019,zeNor,2000,16,13,22.6000,-55,32,27.000,-105.00,-43.00,-46.0,0.00,5.81
HR6020,de1Aps,2000,16,20,20.8000,-78,41,45.000,-14.00,-35.00,-12.0,20.00,4.68
HR6021,de2Aps,2000,16,20,26.8000,-78,40,02.000,-7.00,-25.00,-10.0,20.00,5.27
HR6022,HR6022,2000,16,13,16.8000,-53,40,18.000,-17.00,-16.00,-12.0,0.00,5.83
HR6023,phHer,2000,16,08,46.2000,+44,56,06.000,-25.00,38.00,-16.0,20.00,4.26
HR6024,kaNor,2000,16,13,28.7000,-54,37,50.000,-2.00,-24.00,-14.0,22.00,4.94
HR6025,HR6025,2000,16,06,19.7000,+67,48,37.000,-35.00,66.00,-18.0,10.00,5.44
HR6026,nuSco,2000,16,11,58.6000,-19,26,59.000,-10.00,-9.00,-14.0,30.00,6.30
HR6027,nuSco,2000,16,11,59.7000,-19,27,38.000,-10.00,-23.00,2.0,30.00,4.01
HR6028,13Sco,2000,16,12,18.2000,-27,55,35.000,-13.00,-25.00,10.0,0.00,4.59
HR6029,12Sco,2000,16,12,15.9000,-28,25,03.000,-32.00,-43.00,-3.0,21.00,5.67
HR6030,deTrA,2000,16,15,26.3000,-63,41,08.000,2.00,-11.00,-5.0,29.00,3.85
HR6031,psSco,2000,16,12,00.0000,-10,03,51.000,-1.00,-14.00,-6.0,20.00,4.94
HR6032,HR6032,2000,16,11,29.7000,+09,42,45.000,14.00,-5.00,-27.0,0.00,6.53
HR6033,16Sco,2000,16,12,07.3000,-08,32,51.000,42.00,3.00,5.0,-9.00,5.43
HR6034,HR6034,2000,16,03,31.3000,+76,47,37.000,-21.00,16.00,-16.0,0.00,5.56
HR6035,HR6035,2000,16,11,28.7000,+16,39,56.000,3.00,4.00,-17.0,0.00,6.08
HR6036,HR6036,2000,16,09,02.9000,+57,56,16.000,-24.00,22.00,-10.0,0.00,6.33
HR6037,HR6037,2000,16,17,05.5000,-67,56,29.000,-46.00,-94.00,-9.0,0.00,5.75
HR6038,HR6038,2000,16,09,26.0000,+55,49,44.000,-33.00,25.00,-15.0,0.00,6.49
HR6039,10Her,2000,16,11,38.0000,+23,29,41.000,-29.00,-12.00,-25.0,0.00,5.70
HR6040,HR6040,2000,16,15,49.7000,-57,54,44.000,-22.00,-48.00,-15.0,0.00,5.63
HR6041,HR6041,2000,16,12,56.5000,-04,13,15.000,-32.00,-15.00,-16.0,0.00,6.25
HR6042,HR6042,2000,16,13,45.7000,-24,25,19.000,13.00,-13.00,6.0,0.00,6.41
HR6043,HR6043,2000,16,11,39.7000,+33,20,33.000,15.00,10.00,0.0,9.00,6.29
HR6044,HR6044,2000,16,14,22.3000,-33,00,41.000,-15.00,-34.00,-23.0,0.00,5.92
HR6045,thNor,2000,16,15,15.3000,-47,22,20.000,-32.00,-51.00,1.0,0.00,5.14
HR6046,HR6046,2000,16,11,48.0000,+36,25,30.000,-11.00,-36.00,-31.0,0.00,5.63
HR6047,9Her,2000,16,13,15.4000,+05,01,16.000,40.00,-7.00,-2.0,14.00,5.48
HR6048,chSco,2000,16,13,50.9000,-11,50,15.000,-10.00,-6.00,-25.0,29.00,5.22
HR6049,HR6049,2000,16,15,24.0000,-42,53,59.000,-26.00,-9.00,4.0,0.00,6.14
HR6050,HR6050,2000,16,11,47.6000,+42,22,28.000,-6.00,27.00,-21.0,0.00,5.87
HR6051,HR6051,2000,16,14,28.8000,-21,06,27.000,-27.00,-26.00,-8.0,0.00,6.41
HR6052,HR6052,2000,16,12,45.3000,+26,40,15.000,49.00,-25.00,-8.0,12.00,6.50
HR6053,HR6053,2000,16,14,39.1000,-18,32,07.000,-106.00,-109.00,-17.0,0.00,6.32
HR6054,HR6054,2000,16,14,53.6000,-25,28,37.000,7.00,-19.00,-8.0,0.00,6.05
HR6055,HR6055,2000,16,16,43.1000,-53,48,40.000,-6.00,4.00,-28.0,20.00,5.44
HR6056,deOph,2000,16,14,20.7000,-03,41,40.000,-44.00,-143.00,-20.0,34.00,2.74
HR6057,HR6057,2000,16,14,13.5000,+05,54,07.000,29.00,-12.00,-21.0,0.00,6.31
HR6058,ga1Nor,2000,16,17,00.9000,-50,04,06.000,-5.00,-4.00,-17.0,-1.00,4.99
HR6059,HR6059,2000,16,17,20.9000,-53,05,12.000,-59.00,-58.00,-24.0,0.00,6.33
HR6060,18Sco,2000,16,15,37.3000,-08,22,10.000,234.00,-501.00,11.0,62.00,5.50
HR6061,HR6061,2000,16,15,51.5000,-14,50,57.000,9.00,4.00,-11.0,0.00,6.09
HR6062,HR6062,2000,16,18,51.9000,-57,53,59.000,0.00,-1.00,5.0,0.00,6.49
HR6063,siCrB,2000,16,14,40.8000,+33,51,31.000,-271.00,-79.00,-11.0,45.00,5.64
HR6064,siCrB,2000,16,14,40.8000,+33,51,30.000,-271.00,-79.00,-17.0,45.00,6.66
HR6065,16Her,2000,16,15,28.7000,+18,48,30.000,-64.00,-77.00,-18.0,10.00,5.69
HR6066,HR6066,2000,16,16,58.8000,-21,18,14.000,-15.00,-16.00,-8.0,0.00,6.61
HR6067,HR6067,2000,16,16,55.3000,-03,57,12.000,40.00,9.00,-8.0,0.00,6.18
HR6068,HR6068,2000,16,15,47.4000,+27,25,20.000,-29.00,-33.00,-11.0,0.00,6.14
HR6069,HR6069,2000,16,12,25.1000,+67,08,39.000,-23.00,-43.00,-10.0,0.00,6.21
HR6070,HR6070,2000,16,18,17.9000,-28,36,50.000,-28.00,-99.00,-13.0,31.00,4.78
HR6071,laNor,2000,16,19,17.7000,-42,40,26.000,16.00,-11.00,-15.0,0.00,5.45
HR6072,ga2Nor,2000,16,19,50.4000,-50,09,20.000,-155.00,-53.00,-29.0,44.00,4.02
HR6073,HR6073,2000,16,20,25.2000,-55,08,24.000,19.00,-21.00,-0.0,0.00,5.77
HR6074,upCrB,2000,16,16,44.8000,+29,09,01.000,23.00,-16.00,7.0,0.00,5.78
HR6075,epOph,2000,16,18,19.3000,-04,41,33.000,85.00,41.00,-10.0,43.00,3.24
HR6076,HR6076,2000,16,19,07.7000,-20,13,04.000,11.00,-5.00,8.0,0.00,6.29
HR6077,HR6077,2000,16,19,32.7000,-30,54,24.000,85.00,23.00,-8.0,30.00,5.49
HR6078,HR6078,2000,16,19,00.4000,-14,52,21.000,-28.00,15.00,-42.0,0.00,5.94
HR6079,19UMi,2000,16,10,49.5000,+75,52,39.000,-1.00,13.00,-1.0,0.00,5.48
HR6080,HR6080,2000,16,20,32.6000,-39,25,51.000,-12.00,-64.00,3.0,0.00,6.12
HR6081,omiSco,2000,16,20,38.2000,-24,10,10.000,-3.00,-23.00,-8.0,5.00,4.55
HR6082,20UMi,2000,16,12,32.2000,+75,12,38.000,-41.00,34.00,-26.0,0.00,6.39
HR6083,HR6083,2000,16,22,28.0000,-49,34,20.000,-11.00,-24.00,-10.0,0.00,5.33
HR6084,siSco,2000,16,21,11.3000,-25,35,34.000,-10.00,-21.00,3.0,0.00,2.89
HR6085,HR6085,2000,16,22,28.9000,-43,54,44.000,-27.00,-14.00,-11.0,0.00,5.88
HR6086,HR6086,2000,16,17,15.3000,+59,45,18.000,7.00,28.00,-36.0,0.00,5.40
HR6087,HR6087,2000,16,20,04.3000,+21,07,57.000,-17.00,-50.00,-25.0,0.00,6.05
HR6088,HR6088,2000,16,14,33.5000,+73,23,42.000,-5.00,40.00,-15.0,0.00,5.98
HR6089,HR6089,2000,16,25,22.0000,-63,07,29.000,-27.00,23.00,31.0,0.00,6.15
HR6090,HR6090,2000,16,19,11.2000,+49,02,17.000,-23.00,33.00,-32.0,0.00,5.91
HR6091,HR6091,2000,16,19,55.1000,+39,42,31.000,-132.00,4.00,-29.0,43.00,5.46
HR6092,taHer,2000,16,19,44.4000,+46,18,48.000,-11.00,40.00,-14.0,30.00,3.89
HR6093,siSer,2000,16,22,04.4000,+01,01,45.000,-155.00,50.00,-50.0,43.00,4.82
HR6094,HR6094,2000,16,24,01.3000,-39,11,35.000,75.00,1.00,10.0,54.00,5.40
HR6095,gaHer,2000,16,21,55.2000,+19,09,11.000,-47.00,43.00,-35.0,24.00,3.75
HR6096,HR6096,2000,16,22,38.9000,-02,04,47.000,-13.00,3.00,-16.0,0.00,6.23
HR6097,HR6097,2000,16,23,56.7000,-33,11,58.000,-16.00,-31.00,-2.0,9.00,6.47
HR6098,zeTrA,2000,16,28,28.1000,-70,05,04.000,196.00,108.00,9.0,94.00,4.91
HR6099,HR6099,2000,16,24,54.2000,-45,20,57.000,24.00,-1.00,1.0,0.00,6.33
HR6100,HR6100,2000,16,24,31.7000,-37,33,57.000,-20.00,-24.00,9.0,0.00,5.42
HR6101,HR6101,2000,16,18,09.4000,+68,33,16.000,-44.00,47.00,-11.0,-4.00,6.41
HR6102,gaAps,2000,16,33,27.0000,-78,53,50.000,-131.00,-76.00,5.0,56.00,3.89
HR6103,xiCrB,2000,16,22,05.8000,+30,53,31.000,-96.00,109.00,-29.0,16.00,4.85
HR6104,psOph,2000,16,24,06.2000,-20,02,15.000,-27.00,-47.00,0.0,-2.00,4.50
HR6105,HR6105,2000,16,24,39.6000,-29,42,12.000,63.00,-102.00,-0.0,36.00,6.63
HR6106,HR6106,2000,16,24,39.7000,-29,42,17.000,66.00,-80.00,-3.0,36.00,5.84
HR6107,nu1CrB,2000,16,22,21.4000,+33,47,57.000,7.00,-37.00,-13.0,3.00,5.20
HR6108,nu2CrB,2000,16,22,29.2000,+33,42,13.000,-7.00,59.00,-40.0,21.00,5.39
HR6109,ioTrA,2000,16,27,57.3000,-64,03,29.000,46.00,27.00,-5.0,29.00,5.27
HR6110,HR6110,2000,16,22,56.5000,+32,19,59.000,23.00,-7.00,-1.0,0.00,6.40
HR6111,21Her,2000,16,24,10.8000,+06,56,53.000,3.00,14.00,-33.0,0.00,5.85
HR6112,rhOph,2000,16,25,35.2000,-23,26,50.000,2.00,-18.00,-10.0,13.00,5.02
HR6113,rhOph,2000,16,25,35.1000,-23,26,46.000,-7.00,-17.00,-10.0,13.00,5.92
HR6114,HR6114,2000,16,28,15.2000,-58,35,59.000,-21.00,-38.00,2.0,0.00,5.69
HR6115,epNor,2000,16,27,11.1000,-47,33,18.000,-5.00,-30.00,-12.0,0.00,4.47
HR6116,etUMi,2000,16,17,30.3000,+75,45,19.000,-85.00,252.00,-10.0,43.00,4.95
HR6117,omeHer,2000,16,25,25.0000,+14,02,00.000,44.00,-59.00,-6.0,41.00,4.57
HR6118,chOph,2000,16,27,01.4000,-18,27,23.000,-2.00,-22.00,-3.0,0.00,4.42
HR6119,HR6119,2000,16,25,47.7000,+18,53,33.000,22.00,-3.00,-28.0,10.00,6.70
HR6120,HR6120,2000,16,29,45.0000,-57,45,21.000,-18.00,15.00,5.0,0.00,6.06
HR6121,HR6121,2000,16,26,11.5000,+11,24,27.000,-31.00,14.00,-21.0,0.00,6.11
HR6122,HR6122,2000,16,28,14.7000,-37,10,46.000,33.00,-8.00,-14.0,0.00,5.79
HR6123,25Her,2000,16,25,24.2000,+37,23,38.000,6.00,-12.00,-1.0,0.00,5.54
HR6124,HR6124,2000,16,26,50.1000,+02,20,51.000,23.00,-27.00,4.0,0.00,6.07
HR6125,HR6125,2000,16,30,49.4000,-61,38,01.000,-13.00,-13.00,4.0,6.00,5.20
HR6126,HR6126,2000,16,21,48.7000,+69,06,34.000,-19.00,-4.00,-8.0,9.00,5.25
HR6127,HR6127,2000,16,24,25.3000,+55,12,18.000,12.00,23.00,-4.0,0.00,5.74
HR6128,HR6128,2000,16,27,43.5000,-07,35,53.000,14.00,-155.00,99.0,8.00,5.23
HR6129,upOph,2000,16,27,48.1000,-08,22,18.000,-87.00,21.00,-31.0,28.00,4.63
HR6130,HR6130,2000,16,23,47.0000,+61,41,48.000,-37.00,34.00,-24.0,3.00,5.67
HR6131,HR6131,2000,16,29,42.3000,-46,14,36.000,-1.00,-5.00,-12.0,0.00,5.35
HR6132,etDra,2000,16,23,59.5000,+61,30,51.000,-17.00,61.00,-14.0,51.00,2.74
HR6133,HR6133,2000,17,15,59.3000,-87,33,59.000,-119.00,-155.00,-4.0,0.00,6.57
HR6134,alSco,2000,16,29,24.4000,-26,25,55.000,-10.00,-20.00,-3.0,24.00,0.96
HR6135,HR6135,2000,16,34,19.3000,-70,59,17.000,-17.00,-13.00,-17.0,0.00,5.50
HR6136,HR6136,2000,16,28,34.0000,+00,39,54.000,4.00,-67.00,7.0,6.00,5.39
HR6137,HR6137,2000,16,28,48.9000,-08,07,44.000,-58.00,-73.00,0.0,0.00,6.48
HR6138,HR6138,2000,16,45,53.6000,-83,14,20.000,9.00,13.00,-17.0,0.00,6.57
HR6139,HR6139,2000,17,00,58.5000,-86,21,52.000,5.00,-1.00,7.0,0.00,6.04
HR6140,HR6140,2000,16,29,46.9000,-14,33,03.000,37.00,14.00,-31.0,0.00,5.68
HR6141,22Sco,2000,16,30,12.4000,-25,06,54.000,-8.00,-22.00,4.0,0.00,4.79
HR6142,HR6142,2000,16,31,41.7000,-41,49,01.000,-16.00,0.00,-14.0,0.00,5.33
HR6143,HR6143,2000,16,31,22.9000,-34,42,16.000,-9.00,-17.00,1.0,0.00,4.23
HR6144,HR6144,2000,16,30,29.9000,-07,30,54.000,-15.00,-11.00,2.0,0.00,6.50
HR6145,HR6145,2000,16,31,22.8000,-26,32,16.000,-29.00,-34.00,39.0,0.00,6.10
HR6146,30Her,2000,16,28,38.5000,+41,52,54.000,30.00,-9.00,3.0,18.00,5.04
HR6147,phOph,2000,16,31,08.3000,-16,36,46.000,-51.00,-35.00,-34.0,14.00,4.28
HR6148,beHer,2000,16,30,13.2000,+21,29,23.000,-98.00,-15.00,-26.0,24.00,2.77
HR6149,laOph,2000,16,30,54.8000,+01,59,02.000,-27.00,-73.00,-14.0,10.00,3.82
HR6150,HR6150,2000,16,28,43.4000,+51,24,28.000,34.00,6.00,-16.0,0.00,6.29
HR6151,thTrA,2000,16,35,44.8000,-65,29,43.000,32.00,-29.00,10.0,14.00,5.52
HR6152,HR6152,2000,16,30,33.6000,+20,28,45.000,-78.00,-63.00,19.0,0.00,5.25
HR6153,omeOph,2000,16,32,08.2000,-21,27,59.000,28.00,39.00,3.0,28.00,4.45
HR6154,HR6154,2000,16,31,13.4000,+22,11,43.000,-12.00,3.00,-26.0,0.00,5.76
HR6155,muNor,2000,16,34,05.0000,-44,02,43.000,5.00,-4.00,9.0,0.00,4.94
HR6156,34Her,2000,16,30,06.0000,+48,57,39.000,-48.00,-62.00,-8.0,0.00,6.45
HR6157,HR6157,2000,16,31,02.8000,+35,13,30.000,-8.00,-16.00,24.0,0.00,6.25
HR6158,28Her,2000,16,32,35.7000,+05,31,16.000,15.00,1.00,-27.0,0.00,5.63
HR6159,29Her,2000,16,32,36.3000,+11,29,17.000,-180.00,-78.00,3.0,-12.00,4.84
HR6160,HR6160,2000,16,35,07.9000,-45,14,41.000,-22.00,-73.00,-56.0,0.00,6.46
HR6161,15Dra,2000,16,27,59.0000,+68,46,05.000,-25.00,36.00,-7.0,14.00,5.00
HR6162,HR6162,2000,16,31,47.3000,+45,35,54.000,-7.00,43.00,-16.0,22.00,5.65
HR6163,beAps,2000,16,43,04.6000,-77,31,03.000,-287.00,-350.00,-30.0,34.00,4.24
HR6164,HR6164,2000,16,36,22.5000,-42,51,32.000,-6.00,-9.00,-36.0,0.00,5.47
HR6165,taSco,2000,16,35,53.0000,-28,12,58.000,-8.00,-22.00,2.0,20.00,2.82
HR6166,HR6166,2000,16,36,22.5000,-35,15,20.000,22.00,0.00,-2.0,22.00,4.16
HR6167,HR6167,2000,16,38,52.7000,-60,59,25.000,-5.00,-23.00,-7.0,0.00,6.18
HR6168,siHer,2000,16,34,06.2000,+42,26,13.000,-11.00,46.00,-11.0,10.00,4.20
HR6169,HR6169,2000,16,35,26.3000,+17,03,26.000,-7.00,-4.00,-9.0,0.00,6.41
HR6170,HR6170,2000,16,32,25.7000,+60,49,24.000,22.00,-10.00,-9.0,0.00,5.94
HR6171,12Oph,2000,16,36,21.5000,-02,19,29.000,458.00,-310.00,-15.0,93.00,5.75
HR6172,et1TrA,2000,16,41,23.3000,-68,17,46.000,-6.00,-12.00,-43.0,0.00,5.91
HR6173,HR6173,2000,16,25,43.1000,+78,57,50.000,-115.00,108.00,-12.0,28.00,5.56
HR6174,HR6174,2000,16,38,26.2000,-43,23,55.000,-22.00,-27.00,1.0,0.00,5.83
HR6175,zeOph,2000,16,37,09.5000,-10,34,02.000,14.00,26.00,-15.0,3.00,2.56
HR6176,HR6176,2000,16,36,43.0000,+15,29,53.000,-9.00,-8.00,0.0,0.00,6.30
HR6177,HR6177,2000,16,40,50.5000,-60,26,46.000,51.00,-70.00,4.0,0.00,6.18
HR6178,HR6178,2000,16,39,05.2000,-37,13,03.000,-12.00,-47.00,3.0,0.00,5.91
HR6179,HR6179,2000,16,38,01.6000,-06,32,17.000,-7.00,-8.00,-22.0,0.00,6.09
HR6180,HR6180,2000,16,31,28.1000,+72,36,43.000,-43.00,41.00,-33.0,11.00,6.30
HR6181,HR6181,2000,16,37,48.0000,+13,41,13.000,-35.00,-63.00,-21.0,0.00,6.31
HR6182,HR6182,2000,16,43,22.1000,-67,25,57.000,12.00,-37.00,-2.0,0.00,6.03
HR6183,HR6183,2000,16,36,11.2000,+46,36,48.000,-11.00,4.00,-15.0,0.00,5.79
HR6184,16Dra,2000,16,36,11.5000,+52,54,01.000,-9.00,33.00,-9.0,10.00,5.53
HR6185,17Dra,2000,16,36,13.7000,+52,55,28.000,-9.00,27.00,-10.0,10.00,5.08
HR6186,17Dra,2000,16,36,14.1000,+52,55,27.000,-9.00,27.00,-18.0,10.00,6.53
HR6187,HR6187,2000,16,41,20.3000,-48,45,47.000,-8.00,-3.00,23.0,7.00,5.65
HR6188,HR6188,2000,16,41,40.2000,-49,39,06.000,-1.00,-7.00,6.0,0.00,5.65
HR6189,HR6189,2000,16,39,39.1000,-09,33,16.000,7.00,-145.00,-19.0,0.00,6.35
HR6190,HR6190,2000,16,40,34.5000,-20,24,31.000,12.00,34.00,33.0,0.00,6.26
HR6191,HR6191,2000,16,30,38.8000,+77,26,48.000,-104.00,276.00,-32.0,17.00,6.34
HR6192,HR6192,2000,16,41,45.5000,-33,08,47.000,-59.00,-83.00,-8.0,0.00,5.87
HR6193,HR6193,2000,16,41,36.2000,-24,28,05.000,-49.00,-8.00,-47.0,0.00,6.09
HR6194,36Her,2000,16,40,35.1000,+04,12,26.000,-2.00,-11.00,-28.0,1.00,6.93
HR6195,37Her,2000,16,40,38.7000,+04,13,11.000,-1.00,-13.00,-34.0,1.00,5.77
HR6196,HR6196,2000,16,41,34.4000,-17,44,32.000,-20.00,-1.00,-25.0,47.00,4.96
HR6197,HR6197,2000,16,43,03.4000,-46,04,14.000,-15.00,-18.00,-16.0,0.00,6.23
HR6198,HR6198,2000,16,36,55.0000,+63,04,22.000,4.00,-87.00,-42.0,0.00,6.16
HR6199,HR6199,2000,16,38,00.4000,+56,00,56.000,0.00,66.00,-19.0,15.00,5.29
HR6200,42Her,2000,16,38,44.9000,+48,55,42.000,-47.00,31.00,-55.0,17.00,4.90
HR6201,HR6201,2000,16,41,11.5000,-01,00,02.000,6.00,-15.00,-12.0,0.00,6.24
HR6202,HR6202,2000,16,41,53.7000,-19,55,28.000,22.00,41.00,5.0,0.00,5.57
HR6203,HR6203,2000,16,40,51.4000,+12,23,42.000,-26.00,-10.00,-32.0,0.00,6.08
HR6204,HR6204,2000,16,46,40.0000,-67,06,35.000,-14.00,-15.00,-2.0,5.00,5.13
HR6205,14Oph,2000,16,41,42.5000,+01,10,52.000,-97.00,51.00,-45.0,30.00,5.74
HR6206,HR6206,2000,16,43,45.5000,-41,07,08.000,-46.00,-16.00,-26.0,0.00,6.20
HR6207,HR6207,2000,16,44,39.8000,-53,09,09.000,-9.00,-18.00,-2.0,0.00,5.96
HR6208,HR6208,2000,16,41,00.6000,+24,51,31.000,-34.00,0.00,-68.0,0.00,6.06
HR6209,HR6209,2000,16,43,53.9000,-41,06,47.000,-26.00,-13.00,-2.0,0.00,6.12
HR6210,HR6210,2000,16,43,47.6000,-38,09,24.000,-9.00,-49.00,7.0,0.00,6.05
HR6211,HR6211,2000,16,43,38.7000,-32,06,22.000,-2.00,-23.00,-3.0,0.00,6.46
HR6212,zeHer,2000,16,41,17.2000,+31,36,11.000,-470.00,394.00,-70.0,102.00,2.81
HR6213,39Her,2000,16,41,36.7000,+26,55,01.000,2.00,-44.00,-12.0,0.00,5.92
HR6214,HR6214,2000,16,44,42.6000,-40,50,23.000,-10.00,-24.00,12.0,0.00,5.71
HR6215,HR6215,2000,16,46,21.2000,-58,30,13.000,-8.00,-16.00,-16.0,0.00,5.74
HR6216,HR6216,2000,16,44,17.3000,-27,27,22.000,-19.00,-7.00,-26.0,12.00,6.58
HR6217,alTrA,2000,16,48,39.9000,-69,01,40.000,14.00,-34.00,-3.0,31.00,1.92
HR6218,HR6218,2000,16,45,00.2000,-28,30,35.000,-28.00,1.00,-55.0,0.00,6.02
HR6219,HR6219,2000,16,47,19.5000,-58,20,29.000,-19.00,-20.00,-53.0,0.00,5.58
HR6220,etHer,2000,16,42,53.8000,+38,55,20.000,37.00,-83.00,8.0,34.00,3.53
HR6221,HR6221,2000,16,46,47.8000,-39,22,38.000,-32.00,-34.00,-9.0,0.00,5.48
HR6222,HR6222,2000,16,43,51.7000,+34,02,20.000,-71.00,58.00,-10.0,0.00,5.99
HR6223,18Dra,2000,16,40,55.1000,+64,35,21.000,1.00,-13.00,0.0,9.00,4.83
HR6224,16Oph,2000,16,45,29.7000,+01,01,13.000,2.00,13.00,-13.0,0.00,6.03
HR6225,25Sco,2000,16,46,51.3000,-25,31,43.000,-5.00,-14.00,2.0,0.00,6.71
HR6226,HR6226,2000,16,42,58.4000,+55,41,25.000,49.00,85.00,-45.0,0.00,6.16
HR6227,HR6227,2000,16,45,22.5000,+15,44,43.000,27.00,-43.00,-19.0,23.00,5.56
HR6228,43Her,2000,16,45,49.9000,+08,34,57.000,0.00,15.00,-21.0,10.00,5.15
HR6229,etAra,2000,16,49,47.1000,-59,02,29.000,38.00,-28.00,9.0,25.00,3.76
HR6230,HR6230,2000,16,45,11.7000,+43,13,02.000,-15.00,-45.00,-13.0,0.00,6.05
HR6231,HR6231,2000,16,52,17.4000,-67,40,55.000,-73.00,-64.00,8.0,0.00,6.32
HR6232,19Oph,2000,16,47,09.8000,+02,03,52.000,-10.00,-14.00,-6.0,0.00,6.10
HR6233,HR6233,2000,16,51,53.9000,-65,22,32.000,-4.00,-14.00,-10.0,0.00,6.13
HR6234,45Her,2000,16,47,46.4000,+05,14,48.000,-16.00,-41.00,-16.0,14.00,5.24
HR6235,HR6235,2000,16,48,27.0000,-14,54,34.000,-11.00,-4.00,-26.0,0.00,6.03
HR6236,HR6236,2000,16,50,35.9000,-50,02,44.000,-18.00,-23.00,25.0,8.00,6.47
HR6237,HR6237,2000,16,45,17.8000,+56,46,55.000,18.00,66.00,-4.0,46.00,4.85
HR6238,HR6238,2000,16,37,52.9000,+78,55,06.000,-20.00,38.00,-20.0,47.00,6.32
HR6239,HR6239,2000,16,48,08.9000,+13,35,26.000,16.00,-16.00,1.0,0.00,6.35
HR6240,HR6240,2000,16,49,27.8000,-15,40,03.000,12.00,31.00,-2.0,0.00,6.10
HR6241,epSco,2000,16,50,09.8000,-34,17,36.000,-611.00,-255.00,-3.0,22.00,2.29
HR6242,HR6242,2000,16,47,19.8000,+42,14,20.000,3.00,-26.00,-7.0,0.00,5.87
HR6243,20Oph,2000,16,49,50.0000,-10,46,59.000,96.00,-93.00,-1.0,16.00,4.65
HR6244,HR6244,2000,16,50,59.8000,-37,30,52.000,-29.00,-9.00,-17.0,6.00,6.11
HR6245,HR6245,2000,16,51,33.7000,-41,13,50.000,1.00,-1.00,-65.0,0.00,5.22
HR6246,HR6246,2000,16,49,34.6000,+13,15,41.000,-29.00,-21.00,-23.0,13.00,5.91
HR6247,mu1Sco,2000,16,51,52.2000,-38,02,51.000,-11.00,-25.00,-25.0,0.00,3.08
HR6248,HR6248,2000,16,50,22.3000,-02,39,14.000,9.00,-30.00,31.0,0.00,6.32
HR6249,HR6249,2000,16,52,19.1000,-41,51,16.000,-18.00,-1.00,25.0,0.00,6.49
HR6250,47Her,2000,16,50,19.4000,+07,14,52.000,53.00,-11.00,-4.0,25.00,5.49
HR6251,HR6251,2000,16,54,00.5000,-57,54,34.000,-32.00,-126.00,-41.0,0.00,5.94
HR6252,mu2Sco,2000,16,52,20.1000,-38,01,03.000,-11.00,-24.00,1.0,0.00,3.57
HR6253,HR6253,2000,16,55,24.7000,-63,16,11.000,8.00,-23.00,-9.0,0.00,6.02
HR6254,52Her,2000,16,49,14.2000,+45,59,00.000,26.00,-55.00,-1.0,10.00,4.82
HR6255,21Oph,2000,16,51,24.9000,+01,12,58.000,-23.00,-5.00,-26.0,21.00,5.51
HR6256,HR6256,2000,16,49,40.5000,+43,25,50.000,-17.00,-7.00,-20.0,0.00,6.13
HR6257,HR6257,2000,16,53,42.5000,-43,03,03.000,-16.00,-27.00,-12.0,0.00,5.96
HR6258,50Her,2000,16,50,39.0000,+29,48,24.000,-5.00,0.00,-10.0,0.00,5.72
HR6259,HR6259,2000,16,50,43.1000,+32,33,13.000,19.00,46.00,-30.0,0.00,6.13
HR6260,HR6260,2000,16,54,01.8000,-41,48,23.000,-8.00,-8.00,-6.0,0.00,5.45
HR6261,HR6261,2000,16,53,58.8000,-41,59,41.000,-2.00,-18.00,-36.0,0.00,6.32
HR6262,ze1Sco,2000,16,53,59.7000,-42,21,44.000,4.00,-4.00,-26.0,0.00,4.73
HR6263,HR6263,2000,16,54,11.8000,-41,51,01.000,12.00,-39.00,-24.0,0.00,6.45
HR6264,HR6264,2000,16,50,36.1000,+41,53,48.000,-74.00,70.00,-37.0,0.00,6.29
HR6265,HR6265,2000,16,54,19.6000,-41,49,12.000,-11.00,-11.00,-44.0,0.00,6.59
HR6266,HR6266,2000,16,54,26.9000,-42,28,44.000,-3.00,-5.00,-24.0,0.00,5.88
HR6267,HR6267,2000,16,43,06.0000,+77,30,51.000,48.00,212.00,7.0,30.00,5.98
HR6268,49Her,2000,16,52,04.9000,+14,58,27.000,17.00,4.00,-23.0,0.00,6.52
HR6269,HR6269,2000,16,53,25.2000,-20,24,56.000,-50.00,-29.00,-17.0,0.00,5.88
HR6270,51Her,2000,16,51,45.3000,+24,39,23.000,11.00,6.00,-16.0,10.00,5.04
HR6271,ze2Sco,2000,16,54,35.0000,-42,21,41.000,-124.00,-236.00,-19.0,28.00,3.62
HR6272,HR6272,2000,16,54,58.4000,-41,09,04.000,-17.00,-13.00,-140.0,0.00,5.77
HR6273,HR6273,2000,16,54,36.0000,-30,35,14.000,39.00,2.00,1.0,0.00,6.35
HR6274,HR6274,2000,16,56,08.9000,-50,40,30.000,-6.00,-19.00,19.0,0.00,6.33
HR6275,HR6275,2000,16,56,28.7000,-52,17,02.000,-45.00,-46.00,-6.0,0.00,5.94
HR6276,HR6276,2000,16,59,33.8000,-69,16,06.000,-22.00,-16.00,-1.0,0.00,5.79
HR6277,HR6277,2000,16,54,10.6000,-01,36,44.000,15.00,-71.00,-20.0,0.00,6.25
HR6278,HR6278,2000,16,54,40.3000,-11,47,33.000,22.00,-13.00,-5.0,0.00,6.57
HR6279,53Her,2000,16,52,58.1000,+31,42,06.000,-91.00,-17.00,-22.0,12.00,5.32
HR6280,23Oph,2000,16,54,35.7000,-06,09,14.000,-31.00,-20.00,-17.0,21.00,5.25
HR6281,ioOph,2000,16,54,00.5000,+10,09,55.000,-51.00,-36.00,-21.0,29.00,4.38
HR6282,HR6282,2000,16,55,57.8000,-33,30,26.000,23.00,-2.00,-93.0,0.00,6.37
HR6283,HR6283,2000,16,56,36.0000,-40,49,25.000,5.00,-9.00,4.0,0.00,6.15
HR6284,HR6284,2000,16,56,01.8000,-16,48,22.000,81.00,40.00,-3.0,0.00,6.37
HR6285,zeAra,2000,16,58,37.2000,-55,59,25.000,-19.00,-36.00,-6.0,44.00,3.13
HR6286,HR6286,2000,16,53,17.6000,+47,25,01.000,-37.00,105.00,-63.0,0.00,6.00
HR6287,HR6287,2000,16,54,55.2000,+20,57,31.000,56.00,6.00,-3.0,11.00,5.41
HR6288,27Sco,2000,16,57,11.1000,-33,15,34.000,-9.00,-5.00,-76.0,0.00,5.48
HR6289,HR6289,2000,16,58,18.0000,-50,38,28.000,-9.00,-41.00,-44.0,0.00,5.55
HR6290,HR6290,2000,16,55,16.0000,+13,37,11.000,34.00,-36.00,-5.0,0.00,6.34
HR6291,24Oph,2000,16,56,48.0000,-23,09,00.000,-4.00,1.00,-26.0,9.00,5.58
HR6292,56Her,2000,16,55,02.1000,+25,43,50.000,14.00,-21.00,1.0,0.00,6.08
HR6293,54Her,2000,16,55,22.2000,+18,26,00.000,-110.00,14.00,12.0,20.00,5.35
HR6294,HR6294,2000,16,57,04.0000,-19,32,24.000,-10.00,-15.00,-27.0,8.00,6.27
HR6295,ep1Ara,2000,16,59,35.1000,-53,09,38.000,4.00,17.00,23.0,5.00,4.06
HR6296,HR6296,2000,16,57,26.1000,-10,57,48.000,21.00,-81.00,-103.0,0.00,6.19
HR6297,HR6297,2000,17,00,06.2000,-54,35,49.000,-15.00,-64.00,-20.0,0.00,5.65
HR6298,HR6298,2000,16,58,52.4000,-37,37,16.000,24.00,-61.00,-27.0,18.00,6.09
HR6299,kaOph,2000,16,57,40.1000,+09,22,30.000,-291.00,-10.00,-56.0,31.00,3.20
HR6300,HR6300,2000,17,00,27.1000,-48,38,52.000,-3.00,-79.00,-29.0,0.00,6.00
HR6301,HR6301,2000,16,57,32.0000,+13,53,03.000,-77.00,70.00,-31.0,0.00,6.37
HR6302,HR6302,2000,16,58,41.6000,-14,52,11.000,-2.00,-30.00,-13.0,0.00,6.59
HR6303,HR6303,2000,17,00,32.3000,-45,27,06.000,-4.00,0.00,-0.0,0.00,6.65
HR6304,HR6304,2000,17,01,47.4000,-58,57,30.000,-3.00,-11.00,-6.0,0.00,6.11
HR6305,57Her,2000,16,57,31.0000,+25,21,10.000,4.00,13.00,9.0,0.00,6.28
HR6306,HR6306,2000,16,56,06.4000,+50,02,20.000,-21.00,-8.00,-31.0,0.00,6.56
HR6307,HR6307,2000,16,57,42.3000,+24,22,53.000,6.00,-18.00,-22.0,0.00,6.32
HR6308,HR6308,2000,16,59,57.6000,-25,05,31.000,-5.00,-6.00,-32.0,0.00,5.86
HR6310,26Oph,2000,17,00,09.5000,-24,59,21.000,61.00,-57.00,19.0,0.00,5.75
HR6311,HR6311,2000,17,00,36.9000,-35,56,03.000,-13.00,-70.00,17.0,0.00,5.97
HR6312,HR6312,2000,17,01,46.1000,-51,07,51.000,-27.00,-39.00,-28.0,0.00,6.45
HR6313,HR6313,2000,16,57,50.2000,+42,30,45.000,-7.00,-46.00,28.0,0.00,6.34
HR6314,ep2Ara,2000,17,03,08.8000,-53,14,13.000,-3.00,-144.00,7.0,39.00,5.29
HR6315,19Dra,2000,16,56,01.7000,+65,08,05.000,240.00,50.00,-23.0,62.00,4.89
HR6316,HR6316,2000,17,01,52.7000,-32,08,37.000,-7.00,-51.00,5.0,0.00,5.03
HR6317,HR6317,2000,17,00,29.4000,+06,35,01.000,44.00,-48.00,-10.0,0.00,6.59
HR6318,30Oph,2000,17,01,03.6000,-04,13,21.000,-41.00,-75.00,-7.0,15.00,4.82
HR6319,20Dra,2000,16,56,25.2000,+65,02,21.000,-41.00,32.00,-21.0,29.00,6.41
HR6320,HR6320,2000,17,04,24.7000,-57,42,44.000,-8.00,-22.00,3.0,0.00,5.73
HR6321,29Oph,2000,17,01,51.2000,-18,53,08.000,-38.00,-18.00,44.0,0.00,6.26
HR6322,epUMi,2000,16,45,58.1000,+82,02,14.000,17.00,6.00,-11.0,10.00,4.23
HR6323,HR6323,2000,17,03,41.7000,-47,09,36.000,5.00,29.00,0.0,0.00,6.06
HR6324,epHer,2000,17,00,17.4000,+30,55,35.000,-47.00,28.00,-25.0,28.00,3.92
HR6325,HR6325,2000,17,00,58.1000,+22,37,56.000,-11.00,-21.00,11.0,0.00,5.65
HR6326,HR6326,2000,17,01,33.0000,+14,56,58.000,4.00,-8.00,-32.0,0.00,6.31
HR6327,HR6327,2000,17,03,50.8000,-38,09,08.000,71.00,-23.00,-15.0,0.00,5.91
HR6328,HR6328,2000,17,01,09.6000,+27,11,47.000,-14.00,-63.00,-31.0,0.00,6.55
HR6329,HR6329,2000,17,01,59.1000,+08,27,02.000,39.00,3.00,6.0,10.00,6.33
HR6330,HR6330,2000,16,59,21.5000,+56,41,19.000,-51.00,37.00,-15.0,0.00,6.03
HR6331,HR6331,2000,17,05,05.3000,-45,30,06.000,-31.00,-17.00,-5.0,0.00,6.28
HR6332,59Her,2000,17,01,36.4000,+33,34,06.000,3.00,2.00,-12.0,23.00,5.25
HR6333,HR6333,2000,17,02,18.7000,+25,30,20.000,55.00,97.00,-50.0,14.00,5.75
HR6334,HR6334,2000,17,04,49.4000,-34,07,22.000,8.00,-2.00,4.0,0.00,4.87
HR6335,HR6335,2000,16,56,16.8000,+73,07,40.000,0.00,-21.00,-13.0,0.00,6.30
HR6336,HR6336,2000,17,02,17.2000,+31,53,05.000,45.00,37.00,-13.0,0.00,6.36
HR6337,HR6337,2000,17,03,07.8000,+14,05,31.000,23.00,-64.00,43.0,5.00,4.98
HR6338,HR6338,2000,17,05,48.6000,-44,06,18.000,28.00,19.00,-33.0,0.00,6.19
HR6339,HR6339,2000,17,03,10.4000,+14,30,40.000,-169.00,-185.00,-56.0,29.00,6.52
HR6340,HR6340,2000,17,04,45.3000,-20,29,41.000,-6.00,-24.00,-11.0,0.00,6.30
HR6341,HR6341,2000,17,03,39.3000,+13,36,19.000,-23.00,-35.00,-32.0,0.00,5.93
HR6342,HR6342,2000,17,03,58.0000,+13,34,03.000,22.00,-129.00,46.0,0.00,6.08
HR6343,HR6343,2000,17,03,52.7000,+19,41,26.000,-19.00,16.00,-39.0,0.00,6.35
HR6344,HR6344,2000,17,06,20.3000,-37,13,39.000,12.00,-23.00,-21.0,0.00,5.98
HR6345,HR6345,2000,16,59,02.6000,+69,11,11.000,0.00,-38.00,-27.0,17.00,6.40
HR6346,61Her,2000,17,03,30.2000,+35,24,51.000,33.00,-35.00,-12.0,10.00,6.69
HR6347,HR6347,2000,17,06,28.4000,-35,27,04.000,13.00,-6.00,2.0,0.00,6.13
HR6348,HR6348,2000,17,01,16.7000,+60,38,57.000,-55.00,58.00,-17.0,0.00,6.13
HR6349,HR6349,2000,17,05,16.9000,+00,42,09.000,-3.00,-338.00,-18.0,46.00,6.01
HR6350,HR6350,2000,17,06,11.8000,-21,33,53.000,-11.00,-77.00,-45.0,0.00,6.30
HR6351,HR6351,2000,17,03,53.5000,+34,47,25.000,-68.00,-2.00,-20.0,0.00,6.04
HR6352,HR6352,2000,17,04,41.3000,+19,35,57.000,9.00,1.00,-24.0,0.00,6.17
HR6353,HR6353,2000,17,05,32.3000,-00,53,31.000,2.00,4.00,16.0,0.00,5.64
HR6354,HR6354,2000,17,06,53.2000,-26,30,47.000,1.00,-11.00,-24.0,0.00,6.29
HR6355,60Her,2000,17,05,22.7000,+12,44,27.000,51.00,-10.00,-4.0,22.00,4.91
HR6356,HR6356,2000,17,10,06.3000,-61,40,32.000,-1.00,-10.00,4.0,0.00,6.39
HR6357,HR6357,2000,17,12,19.8000,-70,43,16.000,41.00,-79.00,-24.0,0.00,6.22
HR6358,HR6358,2000,17,06,09.7000,+09,44,00.000,23.00,-8.00,-6.0,0.00,6.37
HR6359,HR6359,2000,17,06,13.1000,+10,27,15.000,49.00,18.00,-24.0,0.00,6.37
HR6360,HR6360,2000,17,02,15.3000,+64,36,02.000,-50.00,25.00,-25.0,16.00,6.10
HR6361,HR6361,2000,17,06,52.9000,-01,39,23.000,33.00,-36.00,7.0,0.00,6.38
HR6362,HR6362,2000,17,05,05.0000,+43,48,44.000,6.00,0.00,-9.0,0.00,6.43
HR6363,HR6363,2000,17,04,49.8000,+48,48,15.000,26.00,-66.00,12.0,0.00,6.09
HR6364,HR6364,2000,17,06,18.1000,+22,05,03.000,-94.00,-38.00,-96.0,11.00,5.56
HR6365,HR6365,2000,17,08,14.9000,-17,36,33.000,6.00,-32.00,-14.0,0.00,5.99
HR6366,HR6366,2000,17,08,47.5000,-30,24,13.000,-15.00,-62.00,-30.0,0.00,5.97
HR6367,HR6367,2000,17,08,13.6000,-01,04,46.000,-20.00,-34.00,-21.0,8.00,6.06
HR6368,HR6368,2000,17,13,17.5000,-67,11,48.000,-180.00,-93.00,-8.0,0.00,5.89
HR6369,muDra,2000,17,05,19.8000,+54,28,13.000,-73.00,85.00,-18.0,46.00,5.83
HR6370,muDra,2000,17,05,19.7000,+54,28,13.000,-73.00,85.00,-15.0,46.00,5.80
HR6371,HR6371,2000,17,10,42.3000,-44,33,27.000,-33.00,-56.00,-7.0,17.00,5.08
HR6372,HR6372,2000,17,08,54.5000,-03,52,58.000,-59.00,-158.00,15.0,0.00,6.36
HR6373,HR6373,2000,17,16,35.6000,-74,31,59.000,-27.00,-58.00,0.0,0.00,6.25
HR6374,HR6374,2000,17,11,38.9000,-48,52,27.000,29.00,-30.00,15.0,0.00,5.84
HR6375,HR6375,2000,17,09,48.0000,-10,31,24.000,57.00,-105.00,-3.0,14.00,5.56
HR6376,HR6376,2000,17,07,46.7000,+40,30,58.000,-38.00,-33.00,-7.0,0.00,6.34
HR6377,HR6377,2000,17,08,02.0000,+35,56,07.000,-24.00,-10.00,-30.0,15.00,5.39
HR6378,etOph,2000,17,10,22.7000,-15,43,29.000,39.00,98.00,-1.0,52.00,2.43
HR6379,HR6379,2000,17,01,40.2000,+75,17,50.000,16.00,-79.00,1.0,0.00,6.21
HR6380,etSco,2000,17,12,09.2000,-43,14,21.000,24.00,-287.00,-28.0,63.00,3.33
HR6381,HR6381,2000,17,12,16.2000,-39,30,25.000,-13.00,-75.00,12.0,0.00,5.67
HR6382,HR6382,2000,17,12,16.5000,-38,49,20.000,19.00,-43.00,-32.0,0.00,6.30
HR6383,HR6383,2000,17,08,17.1000,+50,50,32.000,-2.00,29.00,-15.0,0.00,6.46
HR6384,HR6384,2000,17,14,13.2000,-56,53,18.000,-16.00,3.00,-34.0,0.00,6.09
HR6385,HR6385,2000,17,10,45.8000,+12,28,02.000,37.00,-7.00,5.0,0.00,6.57
HR6386,HR6386,2000,17,12,13.6000,-25,15,17.000,-14.00,-33.00,-3.0,0.00,6.54
HR6387,HR6387,2000,17,12,25.0000,-27,45,43.000,-11.00,-40.00,1.0,0.00,6.14
HR6388,HR6388,2000,17,09,33.3000,+40,46,38.000,-42.00,12.00,-56.0,19.00,5.08
HR6389,HR6389,2000,17,12,58.7000,-32,26,19.000,13.00,-12.00,17.0,0.00,6.01
HR6390,HR6390,2000,17,11,45.2000,+07,53,41.000,35.00,14.00,-6.0,0.00,6.33
HR6391,63Her,2000,17,11,03.2000,+24,14,16.000,-11.00,33.00,-2.0,0.00,6.19
HR6392,HR6392,2000,17,14,27.7000,-39,46,01.000,5.00,-11.00,-6.0,0.00,6.60
HR6393,37Oph,2000,17,12,27.8000,+10,35,07.000,1.00,-26.00,26.0,0.00,5.33
HR6394,HR6394,2000,17,12,54.4000,+00,21,07.000,19.00,-78.00,58.0,0.00,6.65
HR6395,HR6395,2000,17,10,30.6000,+52,24,32.000,-14.00,-10.00,-34.0,0.00,6.29
HR6396,zeDra,2000,17,08,47.2000,+65,42,53.000,-20.00,22.00,-17.0,23.00,3.17
HR6397,HR6397,2000,17,15,19.3000,-33,32,54.000,9.00,0.00,4.0,0.00,5.53
HR6398,HR6398,2000,17,15,35.9000,-38,35,38.000,-182.00,-412.00,-54.0,42.00,5.96
HR6399,HR6399,2000,17,11,40.2000,+49,44,48.000,20.00,35.00,-11.0,0.00,6.04
HR6400,HR6400,2000,17,20,12.8000,-70,02,44.000,-45.00,-201.00,-5.0,0.00,6.53
HR6401,36Oph,2000,17,15,21.0000,-26,36,10.000,-458.00,-1142.00,0.0,188.00,5.11
HR6402,36Oph,2000,17,15,20.8000,-26,36,05.000,-491.00,-1133.00,-1.0,188.00,5.07
HR6403,HR6403,2000,17,15,51.5000,-30,12,38.000,-1.00,-37.00,-4.0,0.00,6.21
HR6404,HR6404,2000,17,15,20.3000,-14,35,02.000,-12.00,-1.00,-3.0,0.00,5.99
HR6405,HR6405,2000,17,16,21.5000,-35,44,58.000,-118.00,-319.00,-1.0,23.00,6.12
HR6406,al1Her,2000,17,14,38.9000,+14,23,25.000,-6.00,36.00,-33.0,-2.00,3.48
HR6407,al2Her,2000,17,14,39.2000,+14,23,24.000,-3.00,45.00,-37.0,-2.00,5.39
HR6408,HR6408,2000,17,19,12.4000,-59,41,40.000,-12.00,-8.00,-5.0,0.00,5.91
HR6409,HR6409,2000,17,17,03.7000,-32,39,46.000,-96.00,-56.00,-36.0,0.00,5.55
HR6410,deHer,2000,17,15,01.9000,+24,50,21.000,-21.00,-157.00,-40.0,44.00,3.14
HR6411,ioAps,2000,17,22,05.9000,-70,07,24.000,-6.00,-12.00,-4.0,0.00,5.41
HR6412,HR6412,2000,17,16,14.2000,+02,11,10.000,1.00,-21.00,4.0,0.00,6.17
HR6413,HR6413,2000,17,16,42.8000,-06,14,42.000,-4.00,-5.00,-21.0,0.00,6.09
HR6414,HR6414,2000,17,16,31.7000,+01,12,38.000,-1.00,-13.00,-11.0,2.00,5.88
HR6415,41Oph,2000,17,16,36.7000,-00,26,43.000,-23.00,-66.00,-2.0,10.00,4.73
HR6416,HR6416,2000,17,19,03.2000,-46,38,02.000,979.00,224.00,23.0,131.00,5.48
HR6417,zeAps,2000,17,21,59.4000,-67,46,14.000,-42.00,-6.00,13.0,14.00,4.78
HR6418,piHer,2000,17,15,02.8000,+36,48,33.000,-26.00,4.00,-26.0,25.00,3.16
HR6419,HR6419,2000,17,15,41.6000,+23,44,34.000,-25.00,22.00,-42.0,0.00,5.96
HR6420,HR6420,2000,17,18,48.0000,-44,07,47.000,0.00,-21.00,-12.0,0.00,5.76
HR6421,HR6421,2000,17,12,32.6000,+62,52,28.000,14.00,48.00,-5.0,14.00,5.56
HR6422,HR6422,2000,17,18,20.4000,-32,33,12.000,-13.00,-19.00,-14.0,0.00,6.36
HR6423,HR6423,2000,17,19,30.3000,-50,03,48.000,-14.00,-15.00,11.0,0.00,6.27
HR6424,omiOph,2000,17,18,00.7000,-24,17,13.000,-54.00,-8.00,-29.0,13.00,5.20
HR6425,omiOph,2000,17,18,00.5000,-24,17,03.000,-73.00,-9.00,-28.0,13.00,6.80
HR6426,HR6426,2000,17,18,57.2000,-34,59,23.000,1170.00,-164.00,0.0,141.00,5.91
HR6427,HR6427,2000,17,19,24.5000,-44,13,23.000,-7.00,-15.00,-15.0,0.00,6.65
HR6428,HR6428,2000,17,18,19.2000,-16,18,43.000,-5.00,10.00,-40.0,0.00,6.43
HR6429,HR6429,2000,17,31,27.3000,-80,51,33.000,-13.00,-44.00,-19.0,0.00,5.88
HR6430,HR6430,2000,17,17,35.9000,+23,05,27.000,-2.00,-1.00,-15.0,0.00,6.45
HR6431,68Her,2000,17,17,19.5000,+33,06,00.000,-8.00,-3.00,-21.0,9.00,4.82
HR6432,HR6432,2000,17,18,05.0000,+17,19,05.000,14.00,-11.00,4.0,0.00,6.00
HR6433,HR6433,2000,17,18,37.0000,+10,51,52.000,10.00,-95.00,40.0,-2.00,5.03
HR6434,HR6434,2000,17,18,52.8000,+06,05,07.000,20.00,6.00,-25.0,0.00,6.51
HR6435,HR6435,2000,17,19,53.3000,-17,45,23.000,-10.00,-21.00,-4.0,12.00,6.02
HR6436,69Her,2000,17,17,40.3000,+37,17,30.000,-34.00,63.00,-10.0,18.00,4.65
HR6437,HR6437,2000,17,16,48.6000,+49,41,28.000,23.00,2.00,0.0,0.00,7.48
HR6438,HR6438,2000,17,22,55.0000,-58,00,37.000,-21.00,-11.00,-10.0,0.00,5.88
HR6439,HR6439,2000,17,19,59.5000,-05,55,02.000,40.00,-180.00,-31.0,17.00,6.32
HR6440,HR6440,2000,17,24,01.1000,-62,51,51.000,-1.00,-8.00,4.0,0.00,5.70
HR6441,HR6441,2000,17,20,34.2000,-19,19,58.000,-151.00,-102.00,-69.0,0.00,6.52
HR6442,HR6442,2000,17,23,06.9000,-56,31,31.000,-8.00,9.00,-6.0,0.00,5.80
HR6443,HR6443,2000,17,18,48.5000,+28,49,23.000,50.00,-5.00,-14.0,16.00,5.65
HR6444,HR6444,2000,17,18,23.3000,+38,48,41.000,-14.00,77.00,-38.0,0.00,5.94
HR6445,xiOph,2000,17,21,00.2000,-21,06,46.000,232.00,-206.00,-9.0,61.00,4.39
HR6446,nuSer,2000,17,20,49.7000,-12,50,49.000,42.00,4.00,5.0,28.00,4.33
HR6447,HR6447,2000,17,24,18.7000,-60,40,25.000,-8.00,-2.00,-10.0,0.00,5.77
HR6448,HR6448,2000,17,16,29.4000,+60,40,14.000,-42.00,14.00,17.0,3.00,6.32
HR6449,HR6449,2000,17,20,52.7000,-10,41,46.000,65.00,-9.00,12.0,0.00,6.46
HR6450,HR6450,2000,17,22,39.4000,-37,48,18.000,17.00,-13.00,-14.0,0.00,6.41
HR6451,ioAra,2000,17,23,16.1000,-47,28,06.000,-10.00,-24.00,-19.0,0.00,5.25
HR6452,HR6452,2000,17,20,18.9000,+18,03,26.000,9.00,-55.00,-46.0,6.00,5.00
HR6453,thOph,2000,17,22,00.6000,-24,59,58.000,-4.00,-20.00,-2.0,0.00,3.27
HR6454,HR6454,2000,17,22,38.0000,-35,54,36.000,80.00,112.00,-6.0,0.00,6.47
HR6455,HR6455,2000,17,20,09.8000,+25,32,15.000,21.00,-15.00,-5.0,11.00,5.38
HR6456,HR6456,2000,17,22,54.9000,-37,13,14.000,33.00,-26.00,-36.0,0.00,5.93
HR6457,70Her,2000,17,20,54.2000,+24,29,58.000,-22.00,2.00,-18.0,10.00,5.12
HR6458,72Her,2000,17,20,39.6000,+32,28,04.000,137.00,-1041.00,-78.0,69.00,5.39
HR6459,43Oph,2000,17,23,21.6000,-28,08,35.000,4.00,-31.00,-14.0,28.00,5.35
HR6460,HR6460,2000,17,24,13.0000,-44,09,45.000,-11.00,-28.00,13.0,0.00,5.12
HR6461,beAra,2000,17,25,18.0000,-55,31,48.000,-8.00,-25.00,-0.0,34.00,2.85
HR6462,gaAra,2000,17,25,23.6000,-56,22,39.000,-2.00,-12.00,-3.0,0.00,3.34
HR6463,HR6463,2000,17,21,33.4000,+16,43,51.000,-18.00,-24.00,39.0,0.00,6.35
HR6464,74Her,2000,17,20,21.1000,+46,14,27.000,-29.00,43.00,-57.0,0.00,5.59
HR6465,HR6465,2000,17,22,51.3000,-02,23,18.000,45.00,-112.00,-35.0,0.00,6.29
HR6466,HR6466,2000,17,21,31.2000,+28,45,29.000,6.00,6.00,-6.0,0.00,6.35
HR6467,HR6467,2000,17,20,33.6000,+48,11,18.000,190.00,-19.00,31.0,7.00,6.43
HR6468,kaAra,2000,17,26,00.0000,-50,38,01.000,7.00,1.00,17.0,30.00,5.23
HR6469,HR6469,2000,17,21,43.6000,+39,58,28.000,9.00,-63.00,3.0,21.00,5.51
HR6470,HR6470,2000,17,25,02.7000,-34,41,47.000,4.00,-27.00,-18.0,0.00,6.16
HR6471,HR6471,2000,17,28,07.7000,-63,02,11.000,-23.00,-27.00,-3.0,0.00,6.24
HR6472,HR6472,2000,17,24,42.0000,-21,26,30.000,-21.00,-28.00,-56.0,13.00,5.85
HR6473,HR6473,2000,17,24,37.1000,-18,26,45.000,18.00,-4.00,-21.0,0.00,6.21
HR6474,HR6474,2000,17,25,06.2000,-24,14,37.000,16.00,12.00,20.0,0.00,6.19
HR6475,HR6475,2000,17,26,56.3000,-51,56,57.000,5.00,-21.00,1.0,0.00,6.19
HR6476,HR6476,2000,17,23,57.6000,+08,51,10.000,9.00,-2.00,16.0,0.00,5.77
HR6477,HR6477,2000,17,26,51.5000,-45,50,37.000,-40.00,-40.00,-9.0,9.00,5.29
HR6478,HR6478,2000,17,27,12.4000,-50,37,49.000,-7.00,-4.00,11.0,0.00,5.92
HR6479,HR6479,2000,17,21,45.4000,+53,25,14.000,21.00,5.00,-8.0,0.00,5.67
HR6480,73Her,2000,17,24,06.6000,+22,57,37.000,-46.00,-32.00,-20.0,0.00,5.74
HR6481,HR6481,2000,17,24,31.5000,+16,18,04.000,8.00,-26.00,11.0,0.00,5.71
HR6482,HR6482,2000,17,24,33.8000,+15,36,22.000,8.00,15.00,-19.0,0.00,6.35
HR6483,HR6483,2000,17,27,57.6000,-52,17,50.000,-6.00,-65.00,-9.0,0.00,5.75
HR6484,rhHer,2000,17,23,40.7000,+37,08,48.000,-41.00,4.00,-19.0,-2.00,5.47
HR6485,rhHer,2000,17,23,41.0000,+37,08,45.000,-37.00,6.00,-21.0,-2.00,4.52
HR6486,44Oph,2000,17,26,22.2000,-24,10,31.000,0.00,-116.00,-37.0,45.00,4.17
HR6487,HR6487,2000,17,28,38.7000,-55,10,11.000,-17.00,-12.00,-13.0,0.00,5.94
HR6488,HR6488,2000,17,24,02.2000,+38,34,58.000,-12.00,40.00,27.0,1.00,6.49
HR6489,HR6489,2000,17,25,57.9000,-01,39,06.000,63.00,51.00,-24.0,0.00,6.44
HR6490,HR6490,2000,17,26,55.2000,-25,56,36.000,-28.00,-26.00,-8.0,0.00,6.44
HR6491,HR6491,2000,17,24,27.1000,+36,57,07.000,-26.00,47.00,-16.0,0.00,6.28
HR6492,45Oph,2000,17,27,21.3000,-29,52,01.000,20.00,-139.00,37.0,21.00,4.29
HR6493,HR6493,2000,17,26,37.9000,-05,05,12.000,-92.00,-43.00,0.0,32.00,4.54
HR6494,HR6494,2000,17,27,37.5000,-29,43,28.000,-8.00,-26.00,-21.0,0.00,6.00
HR6495,HR6495,2000,17,25,54.4000,+16,55,03.000,-8.00,11.00,-10.0,0.00,5.98
HR6496,HR6496,2000,17,27,02.1000,-12,30,45.000,37.00,-62.00,-40.0,0.00,6.21
HR6497,HR6497,2000,17,26,19.0000,+07,35,44.000,0.00,-5.00,-11.0,0.00,6.06
HR6498,siOph,2000,17,26,30.9000,+04,08,25.000,4.00,7.00,-27.0,8.00,4.34
HR6499,HR6499,2000,17,26,00.9000,+26,52,44.000,8.00,23.00,-27.0,0.00,6.41
HR6500,deAra,2000,17,31,05.9000,-60,41,02.000,-59.00,-96.00,10.0,0.00,3.62
HR6501,HR6501,2000,17,28,56.1000,-36,46,42.000,2.00,-9.00,-28.0,0.00,6.02
HR6502,HR6502,2000,17,26,49.1000,+20,04,51.000,1.00,15.00,-30.0,0.00,5.54
HR6503,HR6503,2000,17,29,25.7000,-38,31,00.000,32.00,20.00,8.0,0.00,6.39
HR6504,HR6504,2000,17,28,02.3000,-08,12,30.000,-81.00,-128.00,-64.0,0.00,6.37
HR6505,HR6505,2000,17,31,23.0000,-56,55,14.000,-18.00,8.00,-3.0,0.00,5.95
HR6506,HR6506,2000,17,26,46.2000,+34,41,45.000,-24.00,47.00,-22.0,0.00,5.94
HR6507,HR6507,2000,17,28,49.7000,+00,19,50.000,-62.00,23.00,-36.0,12.00,5.44
HR6508,upSco,2000,17,30,45.8000,-37,17,45.000,-1.00,-31.00,8.0,0.00,2.69
HR6509,77Her,2000,17,26,44.2000,+48,15,36.000,2.00,-4.00,-9.0,14.00,5.85
HR6510,alAra,2000,17,31,50.5000,-49,52,34.000,-31.00,-70.00,0.0,7.00,2.95
HR6511,HR6511,2000,17,25,41.3000,+60,02,54.000,-10.00,27.00,7.0,0.00,5.65
HR6512,HR6512,2000,17,29,47.4000,-05,55,11.000,-22.00,-73.00,4.0,8.00,6.37
HR6513,HR6513,2000,17,31,49.1000,-46,02,11.000,1.00,7.00,-29.0,0.00,6.03
HR6514,HR6514,2000,17,26,04.9000,+58,39,07.000,-7.00,15.00,-30.0,0.00,6.51
HR6516,HR6516,2000,17,30,23.8000,-01,03,45.000,-117.00,-170.00,-77.0,54.00,5.31
HR6517,HR6517,2000,17,31,47.4000,-33,42,10.000,-5.00,-15.00,-34.0,0.00,6.44
HR6518,HR6518,2000,17,25,00.2000,+67,18,23.000,-525.00,-4.00,-40.0,78.00,6.43
HR6519,51Oph,2000,17,31,25.0000,-23,57,46.000,4.00,-27.00,-12.0,40.00,4.81
HR6520,HR6520,2000,17,31,44.4000,-26,16,11.000,-4.00,-25.00,0.0,0.00,6.05
HR6521,HR6521,2000,17,30,22.4000,+11,55,30.000,-26.00,53.00,-25.0,0.00,6.39
HR6522,HR6522,2000,17,32,24.5000,-34,16,47.000,-17.00,-39.00,-50.0,0.00,6.17
HR6523,HR6523,2000,17,33,07.4000,-41,10,25.000,4.00,-24.00,-19.0,0.00,5.84
HR6524,HR6524,2000,17,31,21.3000,+02,43,28.000,-14.00,19.00,-29.0,0.00,5.59
HR6525,HR6525,2000,17,35,34.9000,-59,50,46.000,-7.00,-9.00,-9.0,0.00,6.28
HR6526,laHer,2000,17,30,44.3000,+26,06,38.000,20.00,18.00,-26.0,16.00,4.41
HR6527,laSco,2000,17,33,36.5000,-37,06,14.000,-1.00,-29.00,-3.0,0.00,1.63
HR6528,HR6528,2000,17,30,55.4000,+31,09,30.000,9.00,22.00,-26.0,0.00,5.61
HR6529,HR6529,2000,17,19,37.0000,+80,08,11.000,16.00,4.00,-7.0,0.00,5.72
HR6530,HR6530,2000,17,35,20.0000,-53,21,10.000,0.00,-16.00,7.0,0.00,6.10
HR6531,HR6531,2000,17,30,40.3000,+38,52,56.000,13.00,15.00,-27.0,0.00,6.43
HR6532,HR6532,2000,17,32,15.0000,+11,55,49.000,24.00,25.00,-12.0,0.00,6.42
HR6533,78Her,2000,17,31,49.6000,+28,24,27.000,6.00,28.00,-26.0,0.00,5.62
HR6534,HR6534,2000,17,33,29.9000,-05,44,41.000,-39.00,-91.00,-26.0,0.00,5.62
HR6535,HR6535,2000,17,34,42.5000,-32,34,54.000,8.00,-5.00,-4.0,0.00,5.70
HR6536,beDra,2000,17,30,26.0000,+52,18,05.000,-16.00,15.00,-20.0,13.00,2.79
HR6537,siAra,2000,17,35,39.6000,-46,30,20.000,-28.00,-35.00,4.0,-14.00,4.59
HR6538,HR6538,2000,17,32,01.1000,+34,16,15.000,-233.00,50.00,-52.0,55.00,6.56
HR6539,HR6539,2000,17,35,43.0000,-37,26,24.000,-13.00,-38.00,-8.0,0.00,6.48
HR6540,HR6540,2000,17,30,43.8000,+57,52,35.000,30.00,-30.00,-14.0,0.00,6.40
HR6541,HR6541,2000,17,33,22.8000,+19,15,24.000,-30.00,-90.00,-59.0,32.00,5.64
HR6542,HR6542,2000,17,33,39.4000,+16,19,03.000,-1.00,-51.00,-22.0,30.00,5.69
HR6543,HR6543,2000,17,33,42.8000,+14,50,30.000,23.00,-70.00,30.0,0.00,6.48
HR6544,HR6544,2000,17,34,46.4000,-11,14,31.000,5.00,6.00,-11.0,0.00,5.55
HR6545,52Oph,2000,17,35,18.5000,-22,02,38.000,-4.00,-9.00,-12.0,0.00,6.57
HR6546,HR6546,2000,17,36,32.8000,-38,38,07.000,-12.00,-201.00,-49.0,18.00,4.29
HR6547,HR6547,2000,17,37,27.2000,-50,03,36.000,-9.00,-99.00,3.0,0.00,5.93
HR6548,53Oph,2000,17,34,36.7000,+09,35,12.000,5.00,-8.00,-14.0,0.00,5.81
HR6549,piAra,2000,17,38,05.6000,-54,30,01.000,-39.00,-150.00,-3.0,57.00,5.25
HR6550,HR6550,2000,17,33,07.3000,+41,14,37.000,-68.00,-60.00,-29.0,15.00,5.74
HR6551,HR6551,2000,17,34,27.2000,+16,30,14.000,-4.00,-15.00,-41.0,0.00,6.40
HR6552,HR6552,2000,18,01,34.1000,-85,12,53.000,-7.00,-142.00,-23.0,0.00,6.45
HR6553,thSco,2000,17,37,19.2000,-42,59,52.000,15.00,-2.00,1.0,27.00,1.87
HR6554,nu1Dra,2000,17,32,10.6000,+55,11,03.000,147.00,57.00,-15.0,35.00,4.88
HR6555,nu2Dra,2000,17,32,16.0000,+55,10,23.000,148.00,56.00,-16.0,35.00,4.87
HR6556,alOph,2000,17,34,56.1000,+12,33,36.000,120.00,-226.00,13.0,67.00,2.08
HR6557,HR6557,2000,17,37,26.8000,-38,03,56.000,-13.00,26.00,12.0,0.00,6.26
HR6558,HR6558,2000,17,38,08.5000,-42,52,50.000,2.00,-41.00,13.0,0.00,6.10
HR6559,HR6559,2000,17,35,59.6000,+20,59,46.000,12.00,-15.00,-17.0,0.00,6.10
HR6560,HR6560,2000,17,33,31.7000,+57,33,32.000,15.00,14.00,-1.0,0.00,6.17
HR6561,xiSer,2000,17,37,35.2000,-15,23,55.000,-42.00,-58.00,-43.0,30.00,3.54
HR6562,HR6562,2000,17,37,36.2000,-15,34,16.000,-9.00,-1.00,-8.0,0.00,5.94
HR6563,HR6563,2000,17,35,42.4000,+37,18,06.000,15.00,3.00,4.0,0.00,6.10
HR6564,HR6564,2000,17,36,07.9000,+28,11,05.000,-31.00,17.00,-34.0,0.00,6.38
HR6565,HR6565,2000,17,44,19.7000,-72,13,15.000,-3.00,113.00,35.0,32.00,6.49
HR6566,27Dra,2000,17,31,57.9000,+68,08,06.000,-12.00,134.00,-73.0,20.00,5.05
HR6567,muOph,2000,17,37,50.7000,-08,07,08.000,-9.00,-17.00,-19.0,0.00,4.62
HR6568,HR6568,2000,17,38,09.5000,-10,55,35.000,-13.00,-10.00,-33.0,0.00,5.75
HR6569,laAra,2000,17,40,23.6000,-49,24,56.000,78.00,-176.00,4.0,44.00,4.77
HR6570,HR6570,2000,17,36,36.7000,+30,47,07.000,30.00,-5.00,-17.0,0.00,6.02
HR6571,79Her,2000,17,37,31.1000,+24,18,36.000,-12.00,8.00,-4.0,0.00,5.77
HR6572,HR6572,2000,17,41,16.3000,-46,55,19.000,12.00,-9.00,-12.0,0.00,5.79
HR6573,26Dra,2000,17,34,59.5000,+61,52,30.000,260.00,-507.00,-13.0,69.00,5.23
HR6574,82Her,2000,17,36,37.6000,+48,35,08.000,31.00,65.00,29.0,17.00,5.37
HR6575,HR6575,2000,17,39,08.5000,+02,01,41.000,40.00,-21.00,0.0,0.00,6.26
HR6576,HR6576,2000,17,42,03.9000,-50,30,38.000,24.00,-12.00,-27.0,0.00,6.24
HR6577,HR6577,2000,17,38,57.8000,+13,19,45.000,-23.00,38.00,0.0,0.00,6.12
HR6578,HR6578,2000,17,40,11.8000,-02,09,09.000,-23.00,-18.00,-49.0,0.00,6.19
HR6579,HR6579,2000,17,38,49.7000,+32,44,22.000,17.00,-11.00,-15.0,0.00,6.37
HR6580,kaSco,2000,17,42,29.3000,-39,01,48.000,-6.00,-27.00,-14.0,0.00,2.41
HR6581,omiSer,2000,17,41,24.9000,-12,52,31.000,-69.00,-52.00,-30.0,6.00,4.26
HR6582,etPav,2000,17,45,44.0000,-64,43,26.000,-14.00,-54.00,-8.0,25.00,3.62
HR6583,HR6583,2000,17,42,51.0000,-36,56,45.000,1.00,-34.00,-4.0,0.00,5.54
HR6584,HR6584,2000,17,39,57.5000,+31,12,09.000,-12.00,15.00,-9.0,0.00,6.03
HR6585,muAra,2000,17,44,08.7000,-51,50,03.000,-14.00,-194.00,-9.0,77.00,5.15
HR6586,HR6586,2000,17,44,55.8000,-57,32,43.000,10.00,-2.00,-6.0,0.00,6.01
HR6587,HR6587,2000,17,43,06.9000,-33,03,04.000,8.00,3.00,-3.0,0.00,6.40
HR6588,ioHer,2000,17,39,27.9000,+46,00,23.000,-5.00,5.00,-20.0,5.00,3.80
HR6589,HR6589,2000,17,41,11.0000,+15,10,41.000,-12.00,-15.00,-23.0,0.00,6.34
HR6590,HR6590,2000,17,41,32.3000,+06,18,46.000,-5.00,-10.00,-31.0,0.00,5.95
HR6591,HR6591,2000,17,40,41.2000,+31,17,15.000,-67.00,-73.00,-6.0,0.00,6.28
HR6592,HR6592,2000,17,41,05.5000,+24,30,48.000,-19.00,58.00,-32.0,2.00,6.36
HR6593,HR6593,2000,17,43,17.8000,-27,53,03.000,10.00,-6.00,-26.0,0.00,6.36
HR6594,HR6594,2000,17,41,58.7000,+15,57,07.000,9.00,101.00,-44.0,36.00,5.52
HR6595,58Oph,2000,17,43,25.8000,-21,41,00.000,-95.00,-43.00,11.0,60.00,4.87
HR6596,omeDra,2000,17,36,57.1000,+68,45,29.000,2.00,323.00,-14.0,45.00,4.80
HR6597,HR6597,2000,17,44,42.0000,-42,43,44.000,5.00,19.00,-9.0,0.00,5.87
HR6598,HR6598,2000,17,36,39.7000,+69,34,15.000,-55.00,-208.00,-53.0,18.00,6.42
HR6599,HR6599,2000,17,40,37.6000,+43,28,15.000,56.00,61.00,-29.0,0.00,6.59
HR6600,HR6600,2000,17,43,48.6000,-13,30,31.000,-48.00,-109.00,-7.0,0.00,6.39
HR6601,HR6601,2000,17,43,47.0000,-07,04,46.000,-1.00,-6.00,-26.0,0.00,6.30
HR6602,83Her,2000,17,42,28.4000,+24,33,51.000,-55.00,-105.00,-27.0,20.00,5.52
HR6603,beOph,2000,17,43,28.4000,+04,34,02.000,-40.00,159.00,-12.0,33.00,2.77
HR6604,HR6604,2000,17,43,22.0000,+14,17,42.000,6.00,23.00,-42.0,0.00,6.24
HR6605,HR6605,2000,17,40,36.2000,+57,18,37.000,-4.00,27.00,-14.0,0.00,6.77
HR6606,HR6606,2000,17,37,08.8000,+72,27,21.000,21.00,22.00,8.0,-9.00,5.86
HR6607,HR6607,2000,17,41,21.8000,+51,49,05.000,-28.00,-14.00,-9.0,0.00,5.99
HR6608,84Her,2000,17,43,21.6000,+24,19,40.000,-115.00,71.00,-26.0,6.00,5.71
HR6609,61Oph,2000,17,44,34.0000,+02,34,46.000,4.00,14.00,-31.0,0.00,6.17
HR6610,HR6610,2000,17,44,35.4000,+02,34,44.000,4.00,10.00,-30.0,0.00,6.56
HR6611,HR6611,2000,17,44,17.3000,+14,24,37.000,1.00,18.00,-31.0,0.00,6.19
HR6612,HR6612,2000,17,43,05.6000,+44,05,04.000,-40.00,34.00,-60.0,0.00,6.34
HR6613,HR6613,2000,17,47,07.3000,-38,06,42.000,-2.00,-7.00,1.0,9.00,6.43
HR6614,HR6614,2000,17,48,38.1000,-55,24,06.000,-18.00,36.00,-21.0,0.00,6.11
HR6615,io1Sco,2000,17,47,35.1000,-40,07,37.000,0.00,-8.00,-28.0,19.00,3.03
HR6616,3Sgr,2000,17,47,33.6000,-27,49,51.000,-1.00,-9.00,-13.0,35.00,4.54
HR6617,HR6617,2000,17,47,45.6000,-22,28,41.000,3.00,-11.00,-22.0,0.00,6.18
HR6618,HR6618,2000,17,43,59.3000,+53,48,06.000,22.00,-15.00,-2.0,0.00,5.75
HR6619,HR6619,2000,17,45,40.3000,+31,30,17.000,11.00,-5.00,2.0,0.00,6.23
HR6620,HR6620,2000,17,47,36.8000,-14,43,33.000,-19.00,-20.00,-25.0,0.00,5.94
HR6621,HR6621,2000,17,48,27.8000,-26,58,30.000,0.00,-12.00,9.0,0.00,6.35
HR6622,HR6622,2000,17,50,28.2000,-53,36,44.000,-14.00,-6.00,-8.0,0.00,5.92
HR6623,muHer,2000,17,46,27.5000,+27,43,14.000,-311.00,-751.00,-16.0,108.00,3.42
HR6624,HR6624,2000,17,51,35.5000,-60,09,52.000,-5.00,-28.00,17.0,0.00,5.78
HR6625,HR6625,2000,17,45,53.7000,+38,52,53.000,3.00,-28.00,-12.0,0.00,6.52
HR6626,HR6626,2000,17,45,58.5000,+39,19,21.000,12.00,16.00,-32.0,0.00,6.68
HR6627,HR6627,2000,17,47,08.0000,+17,41,50.000,11.00,-7.00,3.0,4.00,5.72
HR6628,HR6628,2000,17,49,10.5000,-31,42,12.000,11.00,-15.00,-13.0,0.00,4.83
HR6629,gaOph,2000,17,47,53.6000,+02,42,26.000,-22.00,-74.00,-7.0,39.00,3.75
HR6630,HR6630,2000,17,49,51.5000,-37,02,36.000,49.00,33.00,25.0,40.00,3.21
HR6631,io2Sco,2000,17,50,11.2000,-40,05,26.000,7.00,-8.00,-10.0,-1.00,4.81
HR6632,HR6632,2000,17,51,11.0000,-53,07,50.000,6.00,-13.00,19.0,0.00,6.09
HR6633,HR6633,2000,17,48,20.2000,+03,48,15.000,7.00,4.00,-44.0,0.00,6.22
HR6634,HR6634,2000,17,53,18.4000,-65,29,21.000,-17.00,-83.00,-45.0,0.00,6.49
HR6635,HR6635,2000,17,57,41.8000,-76,10,39.000,2.00,17.00,37.0,0.00,6.07
HR6636,ps1Dra,2000,17,41,56.3000,+72,08,56.000,25.00,-267.00,-10.0,54.00,4.58
HR6637,ps1Dra,2000,17,41,58.0000,+72,09,25.000,30.00,-278.00,-10.0,54.00,5.79
HR6638,HR6638,2000,17,48,24.8000,+20,33,56.000,26.00,8.00,-26.0,0.00,5.69
HR6639,HR6639,2000,17,49,18.9000,+01,57,40.000,-25.00,65.00,-58.0,0.00,6.47
HR6640,HR6640,2000,17,51,44.5000,-45,36,02.000,9.00,-5.00,-7.0,0.00,6.11
HR6641,HR6641,2000,17,47,08.1000,+47,36,44.000,-4.00,5.00,-26.0,0.00,6.43
HR6642,HR6642,2000,17,48,47.9000,+19,15,19.000,-6.00,22.00,-25.0,0.00,6.12
HR6643,HR6643,2000,17,51,32.8000,-40,46,21.000,-28.00,-53.00,-85.0,0.00,5.96
HR6644,87Her,2000,17,48,49.2000,+25,37,22.000,-3.00,-39.00,-26.0,16.00,5.12
HR6645,HR6645,2000,17,51,12.5000,-30,33,26.000,2.00,-11.00,-9.0,0.00,6.66
HR6646,HR6646,2000,18,05,26.7000,-81,29,11.000,18.00,-40.00,-3.0,0.00,6.35
HR6647,HR6647,2000,17,52,13.6000,-34,47,57.000,4.00,-4.00,-13.0,0.00,5.90
HR6648,HR6648,2000,17,52,19.7000,-34,25,00.000,-1.00,3.00,-21.0,0.00,5.84
HR6649,HR6649,2000,17,52,52.7000,-41,59,48.000,154.00,-196.00,-14.0,27.00,6.20
HR6650,HR6650,2000,17,50,43.5000,+11,56,48.000,-22.00,-24.00,-49.0,0.00,6.17
HR6651,HR6651,2000,17,52,49.2000,-34,06,51.000,1.00,17.00,-15.0,0.00,6.06
HR6652,HR6652,2000,17,52,55.9000,-35,01,07.000,15.00,7.00,-9.0,0.00,6.45
HR6653,HR6653,2000,17,52,57.9000,-35,37,27.000,46.00,-47.00,-21.0,0.00,6.03
HR6654,HR6654,2000,17,50,22.9000,+29,19,20.000,29.00,49.00,-15.0,0.00,5.50
HR6655,HR6655,2000,17,50,48.4000,+22,18,59.000,14.00,-16.00,4.0,0.00,5.98
HR6656,30Dra,2000,17,49,04.3000,+50,46,52.000,-48.00,211.00,-55.0,-2.00,5.02
HR6657,HR6657,2000,17,53,19.6000,-34,43,50.000,5.00,-1.00,-12.0,5.00,6.17
HR6658,HR6658,2000,17,53,23.3000,-34,53,43.000,-9.00,-10.00,-7.0,3.00,5.60
HR6659,HR6659,2000,17,51,59.5000,-01,14,12.000,-2.00,3.00,-44.0,0.00,6.35
HR6660,HR6660,2000,17,53,45.5000,-34,47,09.000,9.00,-3.00,-15.0,0.00,6.38
HR6661,HR6661,2000,17,52,38.8000,-06,08,37.000,8.00,-9.00,-5.0,-6.00,6.21
HR6662,HR6662,2000,17,53,54.9000,-34,45,09.000,21.00,-3.00,-5.0,0.00,5.96
HR6663,HR6663,2000,17,53,58.1000,-34,49,54.000,7.00,-23.00,-17.0,0.00,6.42
HR6664,88Her,2000,17,50,03.3000,+48,23,39.000,4.00,12.00,-12.0,0.00,6.68
HR6665,HR6665,2000,17,51,58.5000,+15,19,33.000,0.00,31.00,-43.0,4.00,6.46
HR6666,HR6666,2000,17,53,03.6000,-10,53,59.000,55.00,-33.00,-35.0,0.00,6.18
HR6667,HR6667,2000,17,52,35.4000,+01,18,18.000,-47.00,-17.00,-65.0,0.00,5.95
HR6668,HR6668,2000,17,54,27.2000,-34,27,59.000,10.00,6.00,-16.0,0.00,5.96
HR6669,HR6669,2000,17,51,14.0000,+40,04,21.000,-12.00,12.00,2.0,0.00,6.46
HR6670,HR6670,2000,17,53,14.2000,+06,06,05.000,-122.00,69.00,-33.0,38.00,5.77
HR6671,HR6671,2000,17,55,07.9000,-36,28,33.000,-14.00,-9.00,-15.0,0.00,6.06
HR6672,HR6672,2000,17,54,54.0000,-24,53,14.000,-5.00,-1.00,-11.0,0.00,6.20
HR6673,HR6673,2000,17,52,04.7000,+39,58,56.000,-11.00,54.00,-66.0,15.00,6.04
HR6674,HR6674,2000,17,52,01.0000,+46,38,36.000,39.00,-122.00,-28.0,0.00,6.38
HR6675,HR6675,2000,17,56,47.4000,-44,20,32.000,-6.00,-17.00,45.0,17.00,4.86
HR6676,HR6676,2000,17,54,14.2000,+11,07,50.000,-58.00,-165.00,-41.0,7.00,6.38
HR6677,90Her,2000,17,53,18.1000,+40,00,29.000,11.00,53.00,-35.0,14.00,5.16
HR6678,HR6678,2000,17,56,55.8000,-40,18,20.000,16.00,5.00,-6.0,0.00,6.43
HR6679,HR6679,2000,17,55,55.0000,-18,48,08.000,16.00,-17.00,4.0,0.00,6.52
HR6680,HR6680,2000,17,56,41.9000,-28,03,55.000,40.00,-17.00,7.0,0.00,5.80
HR6681,HR6681,2000,17,56,19.0000,-15,48,45.000,-10.00,-63.00,-24.0,0.00,5.89
HR6682,HR6682,2000,17,57,47.7000,-41,42,58.000,-15.00,-10.00,4.0,-5.00,4.88
HR6683,HR6683,2000,17,57,57.8000,-39,08,13.000,-5.00,-39.00,-1.0,0.00,6.29
HR6684,HR6684,2000,17,56,18.4000,+00,40,13.000,-5.00,3.00,-17.0,0.00,5.82
HR6685,89Her,2000,17,55,25.2000,+26,03,00.000,4.00,6.00,-29.0,-4.00,5.46
HR6686,HR6686,2000,17,56,47.7000,-04,04,55.000,-12.00,-8.00,-39.0,0.00,5.47
HR6687,HR6687,2000,17,55,50.8000,+22,27,51.000,-2.00,2.00,-44.0,0.00,5.58
HR6688,xiDra,2000,17,53,31.7000,+56,52,22.000,94.00,80.00,-26.0,35.00,3.75
HR6689,HR6689,2000,17,57,04.3000,+00,03,59.000,28.00,-16.00,-11.0,4.00,5.97
HR6690,HR6690,2000,17,56,56.0000,+06,29,16.000,26.00,2.00,-14.0,0.00,6.29
HR6691,HR6691,2000,17,58,55.6000,-36,51,30.000,8.00,13.00,-87.0,0.00,5.74
HR6692,HR6692,2000,17,58,39.1000,-28,45,33.000,0.00,-9.00,-9.0,0.00,6.01
HR6693,HR6693,2000,17,59,05.2000,-30,15,11.000,2.00,-10.00,-20.0,12.00,5.16
HR6694,HR6694,2000,17,59,05.5000,-30,15,12.000,-20.00,-2.00,-23.0,12.00,7.04
HR6695,thHer,2000,17,56,15.2000,+37,15,02.000,4.00,6.00,-27.0,2.00,3.86
HR6696,HR6696,2000,17,57,26.9000,+11,02,39.000,-17.00,-24.00,-16.0,0.00,6.36
HR6697,HR6697,2000,17,57,14.3000,+23,59,45.000,-24.00,76.00,-34.0,0.00,6.30
HR6698,nuOph,2000,17,59,01.6000,-09,46,25.000,-7.00,-116.00,13.0,21.00,3.34
HR6699,HR6699,2000,17,55,23.7000,+55,58,17.000,37.00,126.00,-27.0,0.00,6.10
HR6700,4Sgr,2000,17,59,47.6000,-23,48,58.000,1.00,-47.00,-18.0,10.00,4.76
HR6701,35Dra,2000,17,49,27.0000,+76,57,46.000,37.00,248.00,-23.0,32.00,5.04
HR6702,HR6702,2000,17,56,48.4000,+45,21,03.000,8.00,-28.00,13.0,0.00,6.02
HR6703,xiHer,2000,17,57,45.9000,+29,14,52.000,84.00,-17.00,-2.0,21.00,3.70
HR6704,HR6704,2000,18,00,00.1000,-20,20,21.000,5.00,-7.00,-8.0,0.00,6.21
HR6705,gaDra,2000,17,56,36.4000,+51,29,20.000,-8.00,-19.00,-28.0,25.00,2.23
HR6706,HR6706,2000,17,59,36.7000,-04,49,17.000,-14.00,-93.00,-32.0,0.00,5.87
HR6707,nuHer,2000,17,58,30.2000,+30,11,22.000,0.00,7.00,-22.0,7.00,4.41
HR6708,HR6708,2000,18,01,48.3000,-36,22,40.000,-7.00,-17.00,14.0,0.00,6.30
HR6709,HR6709,2000,18,00,15.5000,+00,37,46.000,-6.00,4.00,-34.0,0.00,6.37
HR6710,zeSer,2000,18,00,29.0000,-03,41,25.000,147.00,-45.00,-43.0,48.00,4.62
HR6711,HR6711,2000,17,58,42.3000,+36,17,16.000,7.00,-55.00,10.0,0.00,6.00
HR6712,66Oph,2000,18,00,15.8000,+04,22,07.000,3.00,-13.00,-13.0,0.00,4.64
HR6713,93Her,2000,18,00,03.4000,+16,45,03.000,-7.00,-10.00,-24.0,4.00,4.67
HR6714,67Oph,2000,18,00,38.7000,+02,55,54.000,2.00,-8.00,-4.0,-2.00,3.97
HR6715,6Sgr,2000,18,01,23.1000,-17,09,25.000,3.00,-5.00,-22.0,0.00,6.28
HR6716,HR6716,2000,18,01,54.4000,-22,46,50.000,-3.00,-8.00,-13.0,0.00,5.77
HR6717,HR6717,2000,17,50,10.5000,+78,18,24.000,18.00,18.00,-7.0,0.00,6.24
HR6718,HR6718,2000,17,58,52.3000,+45,28,34.000,2.00,27.00,-19.0,0.00,6.48
HR6719,HR6719,2000,18,00,52.9000,+06,16,06.000,2.00,-8.00,-14.0,0.00,6.34
HR6720,HR6720,2000,18,00,27.7000,+19,30,21.000,15.00,-1.00,-29.0,0.00,6.50
HR6721,chOct,2000,18,54,46.9000,-87,36,21.000,-39.00,-139.00,34.0,0.00,5.28
HR6722,HR6722,2000,18,00,57.2000,+15,05,36.000,-59.00,-108.00,4.0,0.00,6.26
HR6723,68Oph,2000,18,01,45.2000,+01,18,19.000,15.00,-12.00,6.0,21.00,4.45
HR6724,7Sgr,2000,18,02,51.1000,-24,16,56.000,5.00,-8.00,-12.0,7.00,5.34
HR6725,ps2Dra,2000,17,55,11.2000,+72,00,18.000,13.00,-1.00,-2.0,0.00,5.45
HR6726,HR6726,2000,18,00,36.4000,+33,12,50.000,-3.00,-19.00,-16.0,0.00,5.99
HR6727,HR6727,2000,18,03,01.7000,-22,43,06.000,3.00,7.00,-7.0,0.00,6.74
HR6728,HR6728,2000,17,59,56.2000,+45,30,05.000,8.00,-25.00,-10.0,26.00,5.67
HR6729,95Her,2000,18,01,29.9000,+21,35,43.000,11.00,32.00,-31.0,0.00,5.18
HR6730,95Her,2000,18,01,30.4000,+21,35,44.000,12.00,35.00,-30.0,0.00,4.96
HR6731,HR6731,2000,18,11,15.7000,-75,53,29.000,10.00,-295.00,15.0,16.00,5.86
HR6732,HR6732,2000,18,02,46.3000,-05,21,31.000,11.00,-35.00,-14.0,0.00,6.76
HR6733,taOph,2000,18,03,05.0000,-08,10,49.000,29.00,-37.00,-38.0,58.00,5.94
HR6734,taOph,2000,18,03,04.9000,-08,10,50.000,28.00,-37.00,-40.0,58.00,5.24
HR6735,HR6735,2000,17,54,26.6000,+75,10,15.000,-13.00,23.00,-18.0,-19.00,6.36
HR6736,9Sgr,2000,18,03,52.4000,-24,21,38.000,2.00,3.00,9.0,0.00,5.97
HR6737,HR6737,2000,18,01,35.9000,+33,18,41.000,25.00,23.00,-10.0,0.00,6.15
HR6738,96Her,2000,18,02,23.1000,+20,50,01.000,5.00,-10.00,-15.0,4.00,5.28
HR6739,HR6739,2000,18,04,50.4000,-35,54,05.000,-16.00,-35.00,-16.0,0.00,6.00
HR6740,HR6740,2000,18,07,48.3000,-64,33,00.000,-15.00,-53.00,-22.0,0.00,6.41
HR6741,97Her,2000,18,02,30.1000,+22,55,23.000,-4.00,-8.00,-36.0,0.00,6.21
HR6742,ga1Sgr,2000,18,05,01.3000,-29,34,48.000,13.00,0.00,-28.0,0.00,4.69
HR6743,thAra,2000,18,06,37.9000,-50,05,30.000,-10.00,-14.00,3.0,0.00,3.66
HR6744,HR6744,2000,18,03,14.7000,+19,36,47.000,24.00,-8.00,-32.0,0.00,6.50
HR6745,piPav,2000,18,08,34.8000,-63,40,06.000,13.00,-188.00,-16.0,36.00,4.35
HR6746,ga2Sgr,2000,18,05,48.5000,-30,25,27.000,-53.00,-185.00,22.0,25.00,2.99
HR6747,HR6747,2000,18,04,37.3000,+01,55,09.000,-2.00,-3.00,17.0,0.00,6.14
HR6748,HR6748,2000,18,06,23.7000,-36,01,11.000,110.00,15.00,13.0,59.00,5.95
HR6749,HR6749,2000,18,06,49.8000,-43,25,29.000,-1.00,-99.00,-6.0,21.00,5.77
HR6750,HR6750,2000,18,06,49.8000,-43,25,29.000,-1.00,-99.00,-6.0,21.00,5.77
HR6751,HR6751,2000,18,12,34.5000,-73,40,18.000,-53.00,-231.00,13.0,31.00,5.85
HR6752,70Oph,2000,18,05,27.3000,+02,29,58.000,266.00,-1093.00,-7.0,201.00,4.03
HR6753,HR6753,2000,18,03,09.0000,+48,27,52.000,29.00,15.00,-13.0,0.00,6.21
HR6754,HR6754,2000,18,04,40.2000,+23,56,33.000,11.00,-57.00,-33.0,0.00,6.34
HR6755,HR6755,2000,18,06,07.4000,-08,19,26.000,-8.00,-16.00,-23.0,0.00,5.85
HR6756,HR6756,2000,18,06,15.2000,-04,45,05.000,141.00,-32.00,-19.0,0.00,5.77
HR6757,HR6757,2000,18,06,07.4000,-00,26,48.000,-20.00,-29.00,-9.0,0.00,6.34
HR6758,HR6758,2000,18,05,43.3000,+12,00,14.000,-8.00,1.00,13.0,9.00,7.04
HR6759,HR6759,2000,18,08,30.1000,-45,46,02.000,-9.00,-25.00,-35.0,0.00,6.15
HR6760,HR6760,2000,18,09,57.6000,-59,02,24.000,-21.00,-1.00,-10.0,0.00,6.38
HR6761,ioPav,2000,18,10,26.1000,-62,00,08.000,-87.00,223.00,30.0,53.00,5.49
HR6762,HR6762,2000,18,07,11.4000,-21,26,38.000,4.00,0.00,-9.0,0.00,6.28
HR6763,HR6763,2000,18,05,30.2000,+21,38,49.000,15.00,9.00,-35.0,0.00,6.15
HR6764,HR6764,2000,18,04,43.2000,+40,05,03.000,30.00,25.00,-1.0,0.00,6.52
HR6765,98Her,2000,18,06,01.9000,+22,13,08.000,-10.00,-8.00,-20.0,14.00,5.06
HR6766,HR6766,2000,18,08,05.0000,-28,27,26.000,27.00,-30.00,-5.0,23.00,4.57
HR6767,HR6767,2000,18,05,00.8000,+41,56,48.000,-21.00,106.00,-20.0,0.00,6.34
HR6768,HR6768,2000,18,05,49.6000,+32,13,50.000,12.00,-26.00,1.0,0.00,5.71
HR6769,HR6769,2000,18,07,48.4000,-17,09,15.000,-99.00,59.00,-32.0,0.00,5.52
HR6770,71Oph,2000,18,07,18.4000,+08,44,02.000,11.00,32.00,-3.0,21.00,4.64
HR6771,72Oph,2000,18,07,21.0000,+09,33,50.000,-60.00,80.00,-24.0,47.00,3.73
HR6772,HR6772,2000,18,09,22.4000,-36,40,21.000,-11.00,-4.00,39.0,0.00,6.58
HR6773,HR6773,2000,18,08,54.1000,-25,28,21.000,3.00,18.00,-6.0,0.00,6.61
HR6774,HR6774,2000,18,14,24.1000,-70,45,05.000,-2.00,-23.00,-7.0,0.00,6.73
HR6775,99Her,2000,18,07,01.5000,+30,33,43.000,-94.00,71.00,1.0,60.00,5.04
HR6776,HR6776,2000,18,07,48.4000,+13,04,16.000,16.00,8.00,-17.0,0.00,6.63
HR6777,HR6777,2000,18,09,59.9000,-32,43,11.000,1.00,-149.00,10.0,0.00,6.43
HR6778,HR6778,2000,18,11,04.5000,-47,30,47.000,7.00,-29.00,-15.0,0.00,6.07
HR6779,omiHer,2000,18,07,32.6000,+28,45,45.000,1.00,9.00,-30.0,5.00,3.83
HR6780,HR6780,2000,18,10,05.7000,-30,43,43.000,3.00,-27.00,-22.0,4.00,5.53
HR6781,100Her,2000,18,07,49.5000,+26,06,05.000,-6.00,33.00,-17.0,12.00,5.86
HR6782,100Her,2000,18,07,49.5000,+26,05,51.000,-2.00,33.00,-16.0,12.00,5.90
HR6783,epTel,2000,18,11,13.8000,-45,57,16.000,-17.00,-37.00,-26.0,23.00,4.53
HR6784,HR6784,2000,18,08,33.7000,+14,17,05.000,-5.00,4.00,-9.0,0.00,6.37
HR6785,HR6785,2000,18,09,43.4000,-13,56,04.000,16.00,-3.00,-20.0,0.00,6.39
HR6786,HR6786,2000,18,11,05.6000,-41,21,33.000,32.00,-35.00,-4.0,0.00,5.86
HR6787,102Her,2000,18,08,45.5000,+20,48,52.000,-1.00,-5.00,-15.0,-10.00,4.36
HR6788,HR6788,2000,18,10,55.2000,-33,47,59.000,-11.00,13.00,-25.0,0.00,6.16
HR6789,deUMi,2000,17,32,12.9000,+86,35,11.000,9.00,56.00,-8.0,4.00,4.36
HR6790,HR6790,2000,18,06,53.5000,+50,49,22.000,2.00,96.00,-57.0,0.00,6.29
HR6791,HR6791,2000,18,07,28.8000,+43,27,42.000,2.00,-60.00,-16.0,12.00,5.00
HR6792,HR6792,2000,18,07,06.3000,+49,42,38.000,-2.00,22.00,-21.0,8.00,6.32
HR6793,HR6793,2000,18,08,02.2000,+36,24,05.000,-95.00,-183.00,-7.0,9.00,5.48
HR6794,101Her,2000,18,08,52.9000,+20,02,43.000,8.00,-20.00,-16.0,15.00,5.10
HR6795,73Oph,2000,18,09,33.8000,+03,59,36.000,38.00,-7.00,-17.0,30.00,5.73
HR6796,HR6796,2000,18,14,16.2000,-63,41,22.000,-33.00,-51.00,-44.0,0.00,6.47
HR6797,HR6797,2000,18,09,54.0000,+03,07,11.000,22.00,-192.00,-14.0,41.00,5.69
HR6798,HR6798,2000,18,11,14.8000,-19,50,32.000,-2.00,-28.00,-32.0,8.00,6.36
HR6799,HR6799,2000,18,09,10.2000,+30,28,10.000,71.00,133.00,-80.0,0.00,6.38
HR6800,HR6800,2000,18,10,40.3000,+03,19,27.000,21.00,-3.00,10.0,0.00,5.51
HR6801,11Sgr,2000,18,11,43.4000,-23,42,04.000,17.00,-19.00,4.0,14.00,4.98
HR6802,HR6802,2000,18,11,58.2000,-28,54,05.000,17.00,-5.00,-14.0,0.00,6.51
HR6803,HR6803,2000,18,10,08.7000,+16,28,36.000,-4.00,-7.00,-13.0,4.00,6.09
HR6804,HR6804,2000,18,13,12.6000,-41,20,10.000,-13.00,-4.00,-15.0,0.00,5.47
HR6805,HR6805,2000,18,15,40.9000,-63,03,20.000,-23.00,-31.00,-7.0,0.00,5.60
HR6806,HR6806,2000,18,09,37.5000,+38,27,27.000,-303.00,-472.00,-19.0,92.00,6.40
HR6807,HR6807,2000,18,09,59.0000,+36,27,59.000,11.00,15.00,-26.0,0.00,5.58
HR6808,HR6808,2000,18,18,00.9000,-68,13,45.000,-7.00,-19.00,22.0,0.00,6.33
HR6809,40Dra,2000,18,00,03.4000,+80,00,03.000,45.00,129.00,4.0,25.00,6.04
HR6810,41Dra,2000,18,00,09.2000,+80,00,15.000,42.00,122.00,10.0,25.00,5.68
HR6811,24UMi,2000,17,30,48.0000,+86,58,05.000,59.00,10.00,1.0,0.00,5.79
HR6812,muSgr,2000,18,13,45.8000,-21,03,32.000,2.00,1.00,-6.0,12.00,3.86
HR6813,HR6813,2000,18,13,10.0000,-04,00,42.000,15.00,22.00,-11.0,0.00,6.59
HR6814,HR6814,2000,18,11,45.1000,+33,26,49.000,12.00,10.00,-19.0,0.00,5.88
HR6815,104Her,2000,18,11,54.2000,+31,24,19.000,-13.00,30.00,-0.0,7.00,4.97
HR6816,14Sgr,2000,18,14,15.9000,-21,42,47.000,-8.00,-22.00,-59.0,0.00,5.44
HR6817,HR6817,2000,18,10,31.6000,+54,17,12.000,104.00,245.00,-16.0,19.00,5.95
HR6818,HR6818,2000,18,15,52.7000,-44,12,24.000,74.00,12.00,-27.0,0.00,5.46
HR6819,HR6819,2000,18,17,07.5000,-56,01,24.000,-6.00,-13.00,15.0,0.00,5.33
HR6820,HR6820,2000,18,13,16.5000,+21,52,49.000,62.00,51.00,-66.0,0.00,6.12
HR6821,HR6821,2000,18,17,00.9000,-51,04,06.000,-2.00,-8.00,-5.0,0.00,6.06
HR6822,15Sgr,2000,18,15,12.9000,-20,43,42.000,3.00,3.00,-6.0,0.00,5.38
HR6823,16Sgr,2000,18,15,12.9000,-20,23,17.000,-2.00,1.00,-5.0,0.00,5.95
HR6824,HR6824,2000,18,12,42.6000,+41,08,49.000,-14.00,-46.00,-48.0,0.00,6.36
HR6825,HR6825,2000,18,15,30.8000,-18,39,41.000,14.00,6.00,2.0,0.00,6.07
HR6826,HR6826,2000,18,13,04.8000,+38,46,25.000,-4.00,10.00,-9.0,0.00,6.04
HR6827,HR6827,2000,18,11,07.1000,+60,24,34.000,-10.00,0.00,-18.0,0.00,6.49
HR6828,HR6828,2000,18,19,40.2000,-63,53,13.000,43.00,-285.00,0.0,17.00,6.18
HR6829,phOct,2000,18,23,36.1000,-75,02,39.000,-6.00,30.00,5.0,0.00,5.47
HR6830,HR6830,2000,18,15,58.0000,-03,37,03.000,15.00,19.00,-22.0,0.00,6.36
HR6831,HR6831,2000,18,14,44.0000,+29,12,26.000,16.00,-249.00,3.0,14.00,6.56
HR6832,etSgr,2000,18,17,37.6000,-36,45,42.000,-128.00,-167.00,1.0,45.00,3.11
HR6833,HR6833,2000,18,17,36.1000,-34,06,26.000,-15.00,-9.00,10.0,0.00,6.16
HR6834,HR6834,2000,18,16,05.6000,+02,22,40.000,-3.00,-15.00,22.0,0.00,6.01
HR6835,HR6835,2000,18,17,24.0000,-28,39,09.000,4.00,-27.00,-34.0,0.00,6.19
HR6836,HR6836,2000,18,17,23.7000,-28,17,21.000,134.00,-156.00,7.0,0.00,6.40
HR6837,HR6837,2000,18,29,19.5000,-80,13,58.000,-37.00,-62.00,-14.0,0.00,5.95
HR6838,HR6838,2000,18,17,11.6000,-17,22,26.000,-3.00,-15.00,-7.0,0.00,5.75
HR6839,HR6839,2000,18,18,40.0000,-42,17,18.000,-7.00,-4.00,-25.0,0.00,6.30
HR6840,HR6840,2000,18,16,53.1000,-03,00,26.000,12.00,-268.00,2.0,5.00,6.00
HR6841,HR6841,2000,18,17,28.5000,-18,27,48.000,-3.00,0.00,1.0,0.00,6.54
HR6842,HR6842,2000,18,18,03.2000,-27,02,33.000,8.00,5.00,-17.0,33.00,4.65
HR6843,HR6843,2000,18,17,24.2000,-09,45,31.000,9.00,-56.00,-14.0,0.00,6.31
HR6844,HR6844,2000,18,17,04.8000,+01,00,21.000,-11.00,-26.00,-34.0,0.00,6.63
HR6845,HR6845,2000,18,15,38.8000,+42,09,34.000,1.00,0.00,-21.0,0.00,5.59
HR6846,HR6846,2000,18,18,41.7000,-25,36,17.000,-4.00,-30.00,-46.0,0.00,6.51
HR6847,HR6847,2000,18,15,32.6000,+45,12,34.000,-68.00,-110.00,-64.0,44.00,6.29
HR6848,HR6848,2000,18,18,43.3000,-18,37,10.000,13.00,6.00,4.0,20.00,6.84
HR6849,HR6849,2000,18,14,41.1000,+56,35,18.000,-11.00,29.00,-8.0,0.00,6.37
HR6850,36Dra,2000,18,13,53.8000,+64,23,50.000,349.00,35.00,-35.0,47.00,5.03
HR6851,HR6851,2000,18,18,02.9000,+13,46,37.000,-1.00,-10.00,-21.0,0.00,6.30
HR6852,HR6852,2000,18,18,07.7000,+18,07,53.000,-6.00,-4.00,-27.0,0.00,5.99
HR6853,HR6853,2000,18,17,06.8000,+40,56,12.000,-163.00,69.00,-73.0,10.00,6.11
HR6854,HR6854,2000,18,18,07.7000,+23,17,48.000,7.00,-18.00,3.0,0.00,6.63
HR6855,xiPav,2000,18,23,13.6000,-61,29,38.000,1.00,3.00,12.0,16.00,4.36
HR6856,HR6856,2000,18,20,55.3000,-37,29,15.000,11.00,-8.00,2.0,0.00,6.45
HR6857,HR6857,2000,18,19,09.5000,+07,15,35.000,-47.00,2.00,-8.0,0.00,5.39
HR6858,HR6858,2000,18,20,08.8000,-15,49,54.000,37.00,-33.00,31.0,0.00,5.39
HR6859,deSgr,2000,18,20,59.7000,-29,49,41.000,35.00,-28.00,-20.0,47.00,2.70
HR6860,105Her,2000,18,19,10.7000,+24,26,46.000,9.00,6.00,-14.0,-2.00,5.27
HR6861,HR6861,2000,18,21,31.4000,-24,54,54.000,7.00,8.00,3.0,0.00,6.25
HR6862,HR6862,2000,18,22,18.6000,-38,39,25.000,-33.00,-28.00,18.0,11.00,5.10
HR6863,HR6863,2000,18,21,23.1000,-18,51,36.000,11.00,-9.00,-3.0,-6.00,5.75
HR6864,HR6864,2000,18,22,00.2000,-28,25,48.000,14.00,-1.00,-12.0,0.00,6.16
HR6865,37Dra,2000,18,15,17.0000,+68,45,21.000,15.00,-61.00,-10.0,-2.00,5.95
HR6866,74Oph,2000,18,20,52.1000,+03,22,38.000,0.00,10.00,5.0,19.00,4.86
HR6867,HR6867,2000,18,19,52.1000,+29,39,58.000,0.00,-1.00,-36.0,0.00,5.99
HR6868,106Her,2000,18,20,17.9000,+21,57,41.000,17.00,-56.00,-33.0,16.00,4.95
HR6869,etSer,2000,18,21,18.6000,-02,53,56.000,-547.00,-700.00,9.0,58.00,3.26
HR6870,HR6870,2000,18,22,53.1000,-36,40,10.000,0.00,-18.00,-12.0,0.00,5.34
HR6871,HR6871,2000,18,25,31.5000,-63,01,17.000,-7.00,-99.00,-21.0,0.00,6.14
HR6872,kaLyr,2000,18,19,51.7000,+36,03,52.000,-15.00,43.00,-22.0,11.00,4.33
HR6873,HR6873,2000,18,21,28.5000,+05,26,09.000,13.00,-4.00,-18.0,0.00,6.13
HR6874,HR6874,2000,18,23,28.9000,-36,14,18.000,17.00,-6.00,-6.0,0.00,5.55
HR6875,HR6875,2000,18,24,18.2000,-44,06,37.000,-2.00,-21.00,0.0,0.00,5.25
HR6876,108Her,2000,18,20,57.1000,+29,51,32.000,14.00,57.00,-20.0,13.00,5.63
HR6877,107Her,2000,18,21,01.0000,+28,52,12.000,5.00,50.00,-30.0,21.00,5.12
HR6878,HR6878,2000,18,23,02.2000,-10,13,07.000,24.00,-7.00,-24.0,0.00,6.33
HR6879,epSgr,2000,18,24,10.3000,-34,23,05.000,-38.00,-124.00,-15.0,23.00,1.85
HR6880,HR6880,2000,18,19,56.1000,+51,20,52.000,-33.00,-52.00,-10.0,37.00,6.30
HR6881,HR6881,2000,18,23,12.2000,-12,00,53.000,-7.00,-14.00,-11.0,0.00,5.73
HR6882,HR6882,2000,18,22,08.7000,+23,17,07.000,12.00,77.00,-58.0,0.00,5.41
HR6883,HR6883,2000,18,22,35.3000,+12,01,44.000,12.00,-8.00,-55.0,0.00,5.89
HR6884,zeSct,2000,18,23,39.5000,-08,56,03.000,45.00,46.00,-6.0,15.00,4.68
HR6885,HR6885,2000,18,22,49.0000,+17,49,36.000,71.00,16.00,-19.0,23.00,5.25
HR6886,HR6886,2000,18,21,07.1000,+49,43,32.000,-7.00,25.00,-17.0,0.00,6.40
HR6887,HR6887,2000,18,23,02.9000,+16,41,17.000,-19.00,-16.00,15.0,0.00,6.22
HR6888,18Sgr,2000,18,25,01.5000,-30,45,24.000,-123.00,-72.00,-19.0,0.00,5.60
HR6889,HR6889,2000,18,25,21.7000,-35,59,30.000,-33.00,13.00,4.0,0.00,6.15
HR6890,HR6890,2000,18,24,03.5000,-03,35,00.000,-25.00,-55.00,-17.0,0.00,6.38
HR6891,HR6891,2000,18,21,32.7000,+49,07,18.000,-20.00,53.00,14.0,0.00,5.05
HR6892,HR6892,2000,18,24,42.1000,-07,04,31.000,134.00,-4.00,-25.0,0.00,6.31
HR6893,HR6893,2000,18,25,54.6000,-33,56,43.000,2.00,6.00,-6.0,0.00,6.30
HR6894,HR6894,2000,18,26,53.9000,-48,07,01.000,-7.00,-42.00,4.0,26.00,5.46
HR6895,109Her,2000,18,23,41.9000,+21,46,11.000,196.00,-242.00,-58.0,25.00,3.84
HR6896,21Sgr,2000,18,25,21.0000,-20,32,30.000,6.00,-25.00,-12.0,13.00,4.81
HR6897,alTel,2000,18,26,58.4000,-45,58,06.000,-16.00,-54.00,-0.0,0.00,3.51
HR6898,HR6898,2000,18,24,57.0000,-01,34,46.000,-17.00,-10.00,-10.0,11.00,6.15
HR6899,HR6899,2000,18,32,55.3000,-73,57,56.000,-2.00,-90.00,-25.0,0.00,5.89
HR6900,HR6900,2000,18,25,08.8000,+05,05,05.000,-3.00,8.00,-23.0,0.00,6.74
HR6901,HR6901,2000,18,23,57.4000,+38,44,21.000,27.00,6.00,-40.0,0.00,6.36
HR6902,HR6902,2000,18,25,38.8000,+08,01,55.000,-2.00,-6.00,-8.0,0.00,5.65
HR6903,muLyr,2000,18,24,13.8000,+39,30,26.000,-23.00,-2.00,-24.0,4.00,5.12
HR6904,HR6904,2000,18,24,58.5000,+27,23,43.000,2.00,8.00,-29.0,4.00,6.27
HR6905,zeTel,2000,18,28,49.9000,-49,04,15.000,144.00,-242.00,-31.0,27.00,4.13
HR6906,HR6906,2000,18,25,55.4000,+14,58,00.000,12.00,-6.00,-21.0,0.00,6.37
HR6907,HR6907,2000,18,27,49.5000,-29,48,59.000,-3.00,32.00,-17.0,0.00,5.92
HR6908,HR6908,2000,18,29,56.7000,-57,31,23.000,51.00,-25.00,-0.0,0.00,5.76
HR6909,HR6909,2000,18,27,43.8000,-26,38,05.000,3.00,-25.00,-29.0,9.00,6.31
HR6910,HR6910,2000,18,28,27.1000,-38,59,44.000,-2.00,-38.00,-21.0,0.00,5.64
HR6911,HR6911,2000,18,23,47.8000,+53,18,03.000,8.00,-15.00,-4.0,0.00,6.32
HR6912,HR6912,2000,18,42,14.1000,-81,48,28.000,1.00,-6.00,-6.0,0.00,6.27
HR6913,laSgr,2000,18,27,58.2000,-25,25,18.000,-44.00,-185.00,-43.0,53.00,2.81
HR6914,HR6914,2000,18,28,06.2000,-26,45,26.000,0.00,-36.00,-30.0,0.00,6.27
HR6915,HR6915,2000,18,29,12.9000,-43,50,45.000,-2.00,28.00,-9.0,0.00,6.36
HR6916,nuPav,2000,18,31,22.4000,-62,16,42.000,-3.00,-45.00,59.0,0.00,4.64
HR6917,HR6917,2000,18,25,58.8000,+29,49,44.000,26.00,-22.00,9.0,0.00,5.83
HR6918,59Ser,2000,18,27,12.5000,+00,11,46.000,-8.00,-2.00,-23.0,16.00,5.21
HR6919,HR6919,2000,18,27,56.5000,-17,48,00.000,-4.00,7.00,-35.0,0.00,6.20
HR6920,phDra,2000,18,20,45.5000,+71,20,16.000,-4.00,40.00,-16.0,12.00,4.22
HR6921,HR6921,2000,18,29,16.8000,-38,51,04.000,-4.00,-7.00,-28.0,0.00,6.63
HR6922,HR6922,2000,18,29,55.8000,-47,13,13.000,13.00,-3.00,-18.0,0.00,5.70
HR6923,39Dra,2000,18,23,54.5000,+58,48,02.000,-39.00,60.00,-15.0,35.00,4.98
HR6924,HR6924,2000,18,26,40.9000,+26,26,58.000,-3.00,0.00,-18.0,0.00,6.53
HR6925,HR6925,2000,18,27,50.3000,+03,44,55.000,-5.00,-5.00,-19.0,0.00,6.07
HR6926,HR6926,2000,18,28,57.4000,-26,34,54.000,3.00,9.00,-17.0,0.00,6.50
HR6927,chDra,2000,18,21,03.4000,+72,43,58.000,532.00,-350.00,33.0,120.00,3.57
HR6928,HR6928,2000,18,27,58.8000,+06,11,39.000,0.00,-24.00,-12.0,0.00,5.73
HR6929,HR6929,2000,18,29,22.0000,-25,15,23.000,4.00,-1.00,-4.0,0.00,6.59
HR6930,gaSct,2000,18,29,11.9000,-14,33,57.000,3.00,-2.00,-41.0,25.00,4.70
HR6931,HR6931,2000,18,31,03.0000,-41,54,49.000,0.00,-22.00,-14.0,0.00,6.04
HR6932,HR6932,2000,18,29,46.8000,-14,34,54.000,21.00,25.00,-16.0,0.00,5.96
HR6933,HR6933,2000,18,30,11.9000,-18,43,44.000,38.00,-95.00,-1.0,11.00,5.66
HR6934,de1Tel,2000,18,31,45.4000,-45,54,54.000,-8.00,-32.00,7.0,0.00,4.96
HR6935,60Ser,2000,18,29,41.0000,-01,59,07.000,32.00,-33.00,28.0,13.00,5.39
HR6936,HR6936,2000,18,31,04.8000,-32,59,21.000,-1.00,-45.00,9.0,23.00,5.34
HR6937,HR6937,2000,18,31,56.2000,-43,30,28.000,-5.00,-19.00,7.0,0.00,5.72
HR6938,de2Tel,2000,18,32,02.0000,-45,45,26.000,4.00,-8.00,8.0,0.00,5.07
HR6939,HR6939,2000,18,33,29.5000,-58,42,33.000,27.00,-124.00,33.0,0.00,6.44
HR6940,HR6940,2000,18,30,14.3000,-05,43,27.000,4.00,-18.00,27.0,0.00,6.28
HR6941,HR6941,2000,18,30,05.1000,+04,03,55.000,0.00,-9.00,-22.0,0.00,6.69
HR6942,HR6942,2000,18,32,21.4000,-39,42,14.000,36.00,-40.00,-6.0,22.00,5.16
HR6943,HR6943,2000,18,29,35.7000,+23,51,58.000,0.00,-7.00,-17.0,0.00,5.90
HR6944,HR6944,2000,18,31,26.3000,-18,24,10.000,-3.00,-25.00,-37.0,17.00,5.14
HR6945,42Dra,2000,18,25,59.1000,+65,33,49.000,105.00,-23.00,32.0,21.00,4.82
HR6946,HR6946,2000,18,31,25.7000,-10,47,45.000,0.00,-15.00,-15.0,0.00,5.72
HR6947,HR6947,2000,18,31,53.3000,-19,07,30.000,-9.00,1.00,2.0,0.00,6.68
HR6948,HR6948,2000,18,33,00.9000,-39,53,32.000,86.00,-86.00,-16.0,0.00,6.22
HR6949,HR6949,2000,18,27,42.3000,+59,32,57.000,52.00,45.00,-10.0,0.00,6.43
HR6950,HR6950,2000,18,30,41.6000,+20,48,55.000,11.00,-258.00,-59.0,29.00,6.50
HR6951,thCrA,2000,18,33,30.2000,-42,18,45.000,31.00,-22.00,-2.0,-1.00,4.64
HR6952,ka1CrA,2000,18,33,23.3000,-38,43,13.000,21.00,-28.00,-16.0,0.00,6.32
HR6953,ka2CrA,2000,18,33,23.1000,-38,43,34.000,-3.00,-30.00,-20.0,0.00,5.65
HR6954,HR6954,2000,18,34,31.2000,-52,53,31.000,-11.00,-54.00,24.0,0.00,6.22
HR6955,HR6955,2000,18,31,04.4000,+16,55,43.000,-32.00,-21.00,-9.0,0.00,5.77
HR6956,HR6956,2000,18,32,20.8000,-14,38,39.000,19.00,-17.00,-38.0,0.00,6.37
HR6957,61Ser,2000,18,31,57.0000,-01,00,11.000,10.00,-6.00,-27.0,0.00,5.94
HR6958,HR6958,2000,18,32,07.0000,+03,39,35.000,31.00,15.00,-8.0,0.00,6.43
HR6959,HR6959,2000,18,32,43.3000,-14,51,56.000,-4.00,1.00,5.0,0.00,5.50
HR6960,HR6960,2000,18,33,57.8000,-33,01,00.000,4.00,-10.00,4.0,0.00,5.28
HR6961,24Sgr,2000,18,33,53.5000,-24,01,57.000,2.00,-10.00,-14.0,0.00,5.49
HR6962,HR6962,2000,18,33,39.0000,-14,51,13.000,25.00,-13.00,-21.0,0.00,5.76
HR6963,HR6963,2000,18,33,22.9000,-05,54,41.000,12.00,-17.00,-24.0,0.00,6.36
HR6964,HR6964,2000,18,51,57.9000,-83,18,59.000,-8.00,-21.00,11.0,0.00,7.16
HR6965,25Sgr,2000,18,34,32.8000,-24,13,21.000,1.00,-1.00,8.0,0.00,6.51
HR6966,HR6966,2000,18,32,46.2000,+23,37,01.000,10.00,16.00,-4.0,0.00,5.84
HR6967,HR6967,2000,18,33,23.3000,+08,16,06.000,7.00,-3.00,-22.0,0.00,6.42
HR6968,HR6968,2000,18,32,49.9000,+30,33,15.000,10.00,9.00,-10.0,9.00,5.48
HR6969,HR6969,2000,18,35,21.3000,-20,50,27.000,30.00,-13.00,-10.0,0.00,6.48
HR6970,HR6970,2000,18,35,02.4000,-10,58,38.000,51.00,-4.00,7.0,12.00,5.14
HR6971,HR6971,2000,18,33,23.1000,+30,53,33.000,11.00,9.00,-4.0,0.00,6.59
HR6972,HR6972,2000,18,35,59.7000,-29,41,57.000,9.00,-9.00,-50.0,0.00,6.37
HR6973,alSct,2000,18,35,12.4000,-08,14,39.000,-15.00,-312.00,36.0,16.00,3.85
HR6974,HR6974,2000,18,32,11.4000,+52,06,56.000,-4.00,6.00,-23.0,0.00,6.56
HR6975,HR6975,2000,18,34,19.6000,+20,27,59.000,8.00,-6.00,-9.0,0.00,6.57
HR6976,HR6976,2000,18,34,47.5000,+10,53,30.000,4.00,-7.00,-36.0,0.00,6.40
HR6977,HR6977,2000,18,35,12.6000,+18,12,12.000,14.00,6.00,-21.0,0.00,5.78
HR6978,45Dra,2000,18,32,34.5000,+57,02,44.000,1.00,-6.00,-12.0,13.00,4.77
HR6979,HR6979,2000,18,31,14.8000,+65,26,10.000,-19.00,71.00,-9.0,0.00,6.59
HR6980,HR6980,2000,18,35,30.4000,+23,36,20.000,4.00,5.00,16.0,6.00,5.61
HR6981,HR6981,2000,18,35,53.2000,+16,58,32.000,49.00,-68.00,10.0,20.00,6.21
HR6982,zePav,2000,18,43,02.1000,-71,25,41.000,-5.00,-156.00,-16.0,35.00,4.01
HR6983,HR6983,2000,18,33,56.7000,+52,21,13.000,-2.00,8.00,-24.0,4.00,5.36
HR6984,HR6984,2000,18,35,13.5000,+34,27,28.000,6.00,3.00,-27.0,-21.00,6.10
HR6985,HR6985,2000,18,36,27.8000,+09,07,21.000,-2.00,-129.00,-22.0,33.00,5.39
HR6986,HR6986,2000,18,39,14.3000,-47,54,35.000,28.00,15.00,-9.0,0.00,5.86
HR6987,HR6987,2000,18,36,39.1000,+06,40,19.000,-25.00,-141.00,-21.0,32.00,5.45
HR6988,HR6988,2000,18,37,54.4000,-21,23,52.000,0.00,-67.00,6.0,0.00,5.94
HR6989,HR6989,2000,18,38,04.6000,-14,00,17.000,19.00,2.00,-19.0,0.00,6.47
HR6990,HR6990,2000,18,38,30.7000,-23,30,18.000,-3.00,-20.00,-33.0,0.00,5.81
HR6991,HR6991,2000,18,39,35.0000,-43,11,10.000,-52.00,-52.00,29.0,4.00,5.37
HR6992,HR6992,2000,18,37,12.6000,+11,25,18.000,-21.00,-11.00,-27.0,0.00,6.42
HR6993,HR6993,2000,18,37,36.0000,-00,18,34.000,16.00,-19.00,12.0,0.00,5.75
HR6994,HR6994,2000,18,47,49.4000,-77,52,02.000,-22.00,188.00,15.0,0.00,6.39
HR6995,HR6995,2000,18,37,09.0000,+16,11,54.000,10.00,47.00,-46.0,0.00,6.29
HR6996,HR6996,2000,18,42,22.5000,-64,38,35.000,-9.00,-32.00,-9.0,0.00,6.37
HR6997,HR6997,2000,18,36,37.2000,+33,28,08.000,-19.00,0.00,-26.0,7.00,5.42
HR6998,HR6998,2000,18,38,53.4000,-21,03,07.000,-78.00,-152.00,36.0,72.00,5.86
HR6999,HR6999,2000,18,38,23.7000,-03,11,37.000,-9.00,32.00,-21.0,27.00,6.49
HR7000,HR7000,2000,18,38,19.1000,-01,06,48.000,-27.00,-12.00,-25.0,0.00,6.66
HR7001,alLyr,2000,18,36,56.3000,+38,47,01.000,202.00,286.00,-14.0,123.00,0.03
HR7002,HR7002,2000,18,38,21.0000,+08,50,02.000,-14.00,6.00,-71.0,11.00,6.40
HR7003,HR7003,2000,18,36,45.6000,+43,13,19.000,23.00,-6.00,5.0,0.00,6.20
HR7004,HR7004,2000,18,43,37.2000,-64,33,04.000,3.00,-36.00,-11.0,0.00,5.78
HR7005,HR7005,2000,18,41,30.6000,-48,05,42.000,-25.00,-122.00,-46.0,0.00,6.49
HR7006,HR7006,2000,18,29,44.9000,+77,32,49.000,-1.00,1.00,1.0,14.00,5.64
HR7007,HR7007,2000,18,40,00.5000,-07,47,26.000,4.00,-32.00,-23.0,0.00,5.84
HR7008,HR7008,2000,18,39,36.9000,+05,15,51.000,6.00,1.00,-19.0,0.00,6.38
HR7009,HR7009,2000,18,38,06.5000,+39,40,05.000,6.00,6.00,-19.0,0.00,6.04
HR7010,HR7010,2000,18,39,51.6000,+07,21,30.000,7.00,-56.00,-41.0,0.00,6.28
HR7011,26Sgr,2000,18,41,51.6000,-23,50,00.000,32.00,-24.00,2.0,0.00,6.23
HR7012,HR7012,2000,18,45,26.9000,-64,52,17.000,27.00,-149.00,2.0,35.00,4.79
HR7013,HR7013,2000,18,36,13.3000,+65,29,19.000,19.00,83.00,-23.0,9.00,6.06
HR7014,HR7014,2000,18,41,42.5000,-14,33,51.000,6.00,1.00,-3.0,0.00,6.42
HR7015,HR7015,2000,18,45,11.5000,-61,05,42.000,23.00,-23.00,-20.0,0.00,6.04
HR7016,HR7016,2000,18,40,02.0000,+30,50,58.000,-5.00,32.00,-50.0,0.00,6.36
HR7017,HR7017,2000,18,39,33.1000,+40,56,06.000,27.00,-2.00,-9.0,0.00,6.25
HR7018,HR7018,2000,18,37,33.5000,+62,31,36.000,-5.00,51.00,-11.0,0.00,5.74
HR7019,HR7019,2000,18,40,12.2000,+38,22,02.000,26.00,1.00,17.0,0.00,6.45
HR7020,deSct,2000,18,42,16.4000,-09,03,09.000,9.00,2.00,-45.0,25.00,4.72
HR7021,laCrA,2000,18,43,46.9000,-38,19,25.000,3.00,-57.00,-26.0,24.00,5.13
HR7022,HR7022,2000,18,45,23.7000,-56,52,54.000,-54.00,-7.00,69.0,0.00,6.22
HR7023,HR7023,2000,18,42,55.2000,-19,17,02.000,-1.00,-24.00,-33.0,0.00,6.35
HR7024,HR7024,2000,18,42,36.1000,-07,04,24.000,-3.00,5.00,26.0,0.00,6.15
HR7025,HR7025,2000,18,24,09.2000,+83,10,31.000,15.00,-27.00,-11.0,0.00,6.17
HR7026,HR7026,2000,18,44,07.7000,-36,43,07.000,0.00,-60.00,-28.0,0.00,6.32
HR7027,HR7027,2000,18,49,43.5000,-72,59,41.000,-4.00,24.00,3.0,0.00,6.06
HR7028,HR7028,2000,18,39,52.8000,+52,11,46.000,4.00,28.00,-18.0,0.00,6.00
HR7029,HR7029,2000,18,44,19.4000,-35,38,31.000,0.00,-31.00,4.0,0.00,4.87
HR7030,HR7030,2000,18,41,41.3000,+31,37,04.000,8.00,9.00,-16.0,0.00,6.41
HR7031,HR7031,2000,18,44,57.2000,-39,41,11.000,8.00,-11.00,-17.0,12.00,5.43
HR7032,epSct,2000,18,43,31.3000,-08,16,31.000,22.00,8.00,-11.0,16.00,4.90
HR7033,HR7033,2000,18,42,08.1000,+34,44,48.000,10.00,8.00,-24.0,0.00,6.47
HR7034,HR7034,2000,18,43,51.4000,-06,49,07.000,48.00,-55.00,-66.0,0.00,6.31
HR7035,HR7035,2000,18,44,49.6000,-25,00,40.000,5.00,-22.00,15.0,0.00,5.83
HR7036,thPav,2000,18,48,37.8000,-65,04,40.000,-45.00,-83.00,-1.0,0.00,5.73
HR7037,HR7037,2000,18,46,59.1000,-50,05,40.000,-1.00,-34.00,-32.0,0.00,6.54
HR7038,HR7038,2000,18,45,18.7000,-21,00,05.000,27.00,-19.00,2.0,0.00,6.36
HR7039,phSgr,2000,18,45,39.4000,-26,59,27.000,53.00,0.00,22.0,0.00,3.17
HR7040,4Aql,2000,18,44,49.9000,+02,03,36.000,9.00,-18.00,-13.0,5.00,5.02
HR7041,HR7041,2000,18,43,16.7000,+39,18,01.000,16.00,-2.00,-34.0,0.00,6.45
HR7042,HR7042,2000,18,40,56.3000,+62,44,59.000,0.00,61.00,-26.0,0.00,6.09
HR7043,HR7043,2000,18,43,36.1000,+36,33,24.000,24.00,65.00,-61.0,0.00,6.01
HR7044,HR7044,2000,18,43,51.6000,+31,55,36.000,-33.00,-129.00,-2.0,26.00,5.70
HR7045,HR7045,2000,18,46,01.2000,-19,36,23.000,-2.00,4.00,-40.0,0.00,6.42
HR7046,28Sgr,2000,18,46,20.6000,-22,23,32.000,31.00,0.00,-3.0,0.00,5.37
HR7047,HR7047,2000,18,44,40.2000,+23,35,23.000,9.00,-87.00,-12.0,19.00,6.31
HR7048,HR7048,2000,18,45,28.4000,+05,29,59.000,15.00,-11.00,-11.0,6.00,5.83
HR7049,46Dra,2000,18,42,37.9000,+55,32,22.000,-2.00,24.00,-30.0,11.00,5.04
HR7050,muCrA,2000,18,47,44.6000,-40,24,22.000,30.00,-17.00,-18.0,23.00,5.24
HR7051,ep1Lyr,2000,18,44,20.4000,+39,40,12.000,17.00,59.00,-31.0,21.00,5.06
HR7052,ep1Lyr,2000,18,44,20.3000,+39,40,16.000,3.00,59.00,-33.0,21.00,6.02
HR7053,ep2Lyr,2000,18,44,22.9000,+39,36,47.000,8.00,64.00,-24.0,21.00,5.14
HR7054,ep2Lyr,2000,18,44,22.9000,+39,36,46.000,7.00,64.00,-28.0,21.00,5.37
HR7055,HR7055,2000,18,46,43.3000,-10,07,30.000,-5.00,2.00,10.0,0.00,5.71
HR7056,ze1Lyr,2000,18,44,46.4000,+37,36,18.000,28.00,24.00,-26.0,31.00,4.36
HR7057,ze2Lyr,2000,18,44,48.2000,+37,35,40.000,22.00,19.00,-25.0,31.00,5.73
HR7058,HR7058,2000,18,45,35.7000,+21,59,06.000,15.00,12.00,-17.0,0.00,6.51
HR7059,5Aql,2000,18,46,28.5000,-00,57,42.000,13.00,-22.00,17.0,9.00,5.90
HR7060,HR7060,2000,18,43,29.0000,+53,52,19.000,6.00,-8.00,0.0,0.00,6.11
HR7061,110Her,2000,18,45,39.7000,+20,32,47.000,-8.00,-335.00,24.0,52.00,4.19
HR7062,et1CrA,2000,18,48,50.5000,-43,40,48.000,25.00,-19.00,-4.0,0.00,5.49
HR7063,beSct,2000,18,47,10.5000,-04,44,52.000,-4.00,-16.00,-22.0,19.00,4.22
HR7064,HR7064,2000,18,46,04.5000,+26,39,44.000,18.00,24.00,-17.0,23.00,4.83
HR7065,HR7065,2000,18,49,27.4000,-45,48,37.000,76.00,51.00,10.0,0.00,5.81
HR7066,HR7066,2000,18,47,29.0000,-05,42,18.000,-41.00,-28.00,44.0,1.00,5.20
HR7067,HR7067,2000,18,46,41.4000,+18,42,21.000,28.00,-22.00,-13.0,0.00,6.17
HR7068,et2CrA,2000,18,49,35.0000,-43,26,02.000,-3.00,-24.00,-23.0,0.00,5.61
HR7069,111Her,2000,18,47,01.3000,+18,10,53.000,73.00,116.00,-45.0,32.00,4.36
HR7070,HR7070,2000,18,49,17.2000,-34,44,55.000,46.00,-101.00,-61.0,0.00,6.62
HR7071,HR7071,2000,18,44,55.4000,+54,53,48.000,7.00,-19.00,7.0,0.00,6.23
HR7072,HR7072,2000,18,48,45.3000,-18,36,05.000,-7.00,-4.00,-31.0,0.00,6.47
HR7073,HR7073,2000,18,46,13.0000,+41,26,30.000,1.00,-1.00,-19.0,0.00,6.07
HR7074,laPav,2000,18,52,13.0000,-62,11,15.000,-6.00,-14.00,9.0,0.00,4.22
HR7075,HR7075,2000,18,44,18.2000,+61,02,53.000,-5.00,18.00,-25.0,6.00,5.99
HR7076,HR7076,2000,18,48,02.7000,+04,14,29.000,-2.00,14.00,-1.0,0.00,6.21
HR7077,HR7077,2000,18,49,35.5000,-19,08,32.000,17.00,10.00,-43.0,0.00,6.75
HR7078,29Sgr,2000,18,49,40.1000,-20,19,29.000,5.00,36.00,-18.0,34.00,5.24
HR7079,HR7079,2000,18,48,16.4000,+23,30,51.000,24.00,-30.00,-0.0,0.00,6.15
HR7080,HR7080,2000,18,46,59.0000,+46,18,54.000,-2.00,-10.00,-1.0,0.00,6.52
HR7081,HR7081,2000,18,47,57.5000,+31,45,25.000,9.00,-2.00,-15.0,0.00,6.06
HR7082,HR7082,2000,18,43,10.2000,+70,47,34.000,-2.00,-4.00,-5.0,0.00,6.44
HR7083,HR7083,2000,18,49,41.0000,-05,54,46.000,5.00,-6.00,-7.0,0.00,5.99
HR7084,HR7084,2000,18,46,43.1000,+52,59,17.000,10.00,-2.00,-16.0,0.00,5.88
HR7085,HR7085,2000,18,49,37.1000,+00,50,09.000,-1.00,-24.00,-40.0,0.00,6.25
HR7086,HR7086,2000,18,48,53.4000,+19,19,43.000,17.00,-21.00,6.0,0.00,5.88
HR7087,kaTel,2000,18,52,39.6000,-52,06,27.000,41.00,-103.00,-44.0,14.00,5.17
HR7088,30Sgr,2000,18,50,50.5000,-22,09,44.000,-19.00,-33.00,-35.0,0.00,6.61
HR7089,HR7089,2000,18,50,20.0000,-07,54,27.000,3.00,3.00,0.0,0.00,6.80
HR7090,HR7090,2000,18,47,40.0000,+49,04,30.000,5.00,19.00,-17.0,0.00,6.40
HR7091,HR7091,2000,18,49,14.4000,+25,02,47.000,3.00,-14.00,-9.0,0.00,6.59
HR7092,HR7092,2000,18,52,27.1000,-46,35,43.000,19.00,-3.00,-28.0,9.00,5.54
HR7093,HR7093,2000,18,53,12.1000,-51,55,52.000,10.00,-6.00,-23.0,0.00,6.31
HR7094,HR7094,2000,18,50,58.5000,-09,46,27.000,2.00,-2.00,-18.0,0.00,5.83
HR7095,HR7095,2000,18,53,02.5000,-48,21,36.000,-3.00,-46.00,-44.0,0.00,6.19
HR7096,HR7096,2000,18,48,16.1000,+48,46,03.000,-19.00,50.00,-30.0,0.00,6.12
HR7097,HR7097,2000,18,52,59.6000,-46,35,09.000,-28.00,23.00,35.0,0.00,6.19
HR7098,HR7098,2000,18,49,44.0000,+31,37,45.000,-3.00,-12.00,-3.0,0.00,6.64
HR7099,HR7099,2000,18,50,45.6000,+10,58,35.000,23.00,9.00,-24.0,5.00,6.55
HR7100,nu1Lyr,2000,18,49,45.9000,+32,48,46.000,6.00,-8.00,-17.0,0.00,5.91
HR7101,8Aql,2000,18,51,22.1000,-03,19,04.000,0.00,-20.00,12.0,0.00,6.10
HR7102,nu2Lyr,2000,18,49,52.9000,+32,33,03.000,-9.00,-14.00,10.0,20.00,5.25
HR7103,HR7103,2000,18,52,28.5000,-26,39,01.000,13.00,-46.00,-25.0,0.00,6.29
HR7104,HR7104,2000,18,52,37.0000,-29,22,46.000,-2.00,-40.00,-56.0,0.00,6.13
HR7105,HR7105,2000,18,52,41.7000,-30,44,03.000,-2.00,-23.00,-50.0,0.00,6.63
HR7106,beLyr,2000,18,50,04.8000,+33,21,46.000,3.00,-3.00,-19.0,-2.00,3.45
HR7107,kaPav,2000,18,56,57.0000,-67,14,01.000,-10.00,12.00,38.0,10.00,4.44
HR7108,HR7108,2000,18,54,32.3000,-49,52,43.000,-10.00,-12.00,-8.0,0.00,6.60
HR7109,HR7109,2000,18,52,01.9000,+13,57,56.000,-11.00,-5.00,-29.0,0.00,6.14
HR7110,HR7110,2000,18,53,01.9000,-09,34,34.000,40.00,-2.00,-48.0,0.00,6.34
HR7111,HR7111,2000,18,56,54.7000,-62,48,04.000,0.00,32.00,27.0,0.00,6.48
HR7112,HR7112,2000,18,51,35.9000,+28,47,01.000,12.00,8.00,-22.0,0.00,6.18
HR7113,112Her,2000,18,52,16.4000,+21,25,31.000,-6.00,-8.00,-20.0,7.00,5.48
HR7114,33Sgr,2000,18,54,00.1000,-21,21,35.000,8.00,-15.00,-7.0,0.00,5.69
HR7115,HR7115,2000,18,51,36.5000,+36,32,19.000,-7.00,-22.00,-21.0,0.00,6.09
HR7116,nu1Sgr,2000,18,54,10.2000,-22,44,42.000,10.00,-10.00,-12.0,30.00,4.83
HR7117,HR7117,2000,18,45,46.7000,+74,05,08.000,5.00,77.00,3.0,20.00,5.27
HR7118,HR7118,2000,18,52,07.1000,+41,23,00.000,-16.00,-1.00,-23.0,0.00,6.28
HR7119,HR7119,2000,18,54,43.1000,-15,36,11.000,-8.00,-5.00,-3.0,0.00,5.10
HR7120,nu2Sgr,2000,18,55,07.1000,-22,40,17.000,103.00,-26.00,-110.0,42.00,4.99
HR7121,siSgr,2000,18,55,15.9000,-26,17,48.000,13.00,-54.00,-11.0,0.00,2.02
HR7122,HR7122,2000,18,56,16.9000,-42,42,38.000,-35.00,-26.00,-21.0,10.00,5.36
HR7123,HR7123,2000,18,51,35.0000,+52,58,30.000,-46.00,271.00,2.0,37.00,5.51
HR7124,50Dra,2000,18,46,22.2000,+75,26,02.000,-15.00,73.00,-8.0,8.00,5.35
HR7125,omiDra,2000,18,51,12.1000,+59,23,18.000,79.00,27.00,-20.0,6.00,4.66
HR7126,HR7126,2000,18,55,31.0000,-16,22,36.000,-25.00,-185.00,-42.0,0.00,5.79
HR7127,omePav,2000,18,58,36.4000,-60,12,02.000,-126.00,31.00,180.0,19.00,5.14
HR7128,HR7128,2000,18,56,00.6000,-23,10,25.000,-2.00,-9.00,-16.0,0.00,5.93
HR7129,HR7129,2000,18,56,40.5000,-37,20,36.000,9.00,-26.00,1.0,0.00,5.38
HR7130,HR7130,2000,19,00,03.5000,-66,39,12.000,3.00,-40.00,-20.0,0.00,6.01
HR7131,de1Lyr,2000,18,53,43.6000,+36,58,18.000,4.00,-2.00,-26.0,0.00,5.58
HR7132,HR7132,2000,18,54,13.2000,+27,54,34.000,-16.00,-74.00,15.0,0.00,5.62
HR7133,113Her,2000,18,54,44.9000,+22,38,42.000,0.00,1.00,-24.0,13.00,4.59
HR7134,laTel,2000,18,58,27.7000,-52,56,19.000,10.00,-11.00,-2.0,0.00,4.87
HR7135,HR7135,2000,18,55,27.5000,+06,36,55.000,21.00,-87.00,23.0,11.00,5.57
HR7136,HR7136,2000,18,57,34.7000,-39,49,24.000,37.00,29.00,5.0,0.00,6.31
HR7137,HR7137,2000,18,53,13.6000,+50,42,30.000,5.00,-25.00,8.0,24.00,4.92
HR7138,HR7138,2000,18,54,14.3000,+41,13,32.000,34.00,17.00,0.0,0.00,7.30
HR7139,de2Lyr,2000,18,54,30.2000,+36,53,56.000,-9.00,10.00,-26.0,-1.00,4.30
HR7140,HR7140,2000,18,54,52.5000,+33,58,07.000,-8.00,3.00,-16.0,0.00,6.02
HR7141,th1Ser,2000,18,56,13.2000,+04,12,13.000,49.00,31.00,-46.0,30.00,4.62
HR7142,th2Ser,2000,18,56,14.6000,+04,12,07.000,49.00,26.00,-53.0,30.00,4.98
HR7143,HR7143,2000,18,56,22.7000,-01,48,00.000,-5.00,-22.00,-26.0,0.00,6.22
HR7144,HR7144,2000,18,56,25.6000,+02,28,16.000,7.00,-11.00,-15.0,0.00,6.15
HR7145,xi1Sgr,2000,18,57,20.5000,-20,39,23.000,-1.00,-7.00,2.0,-6.00,5.08
HR7146,HR7146,2000,18,54,52.2000,+41,36,10.000,2.00,-2.00,-9.0,0.00,5.44
HR7147,HR7147,2000,18,56,03.9000,+17,59,42.000,11.00,-18.00,-25.0,0.00,6.63
HR7148,HR7148,2000,18,56,06.2000,+18,06,19.000,-41.00,-162.00,44.0,4.00,5.69
HR7149,etSct,2000,18,57,03.7000,-05,50,46.000,66.00,-36.00,-93.0,39.00,4.83
HR7150,xi2Sgr,2000,18,57,43.8000,-21,06,24.000,33.00,-12.00,-20.0,11.00,3.51
HR7151,HR7151,2000,18,58,21.3000,-31,02,10.000,-45.00,-56.00,85.0,0.00,6.12
HR7152,epCrA,2000,18,58,43.4000,-37,06,27.000,-132.00,-105.00,54.0,32.00,4.87
HR7153,HR7153,2000,18,53,46.3000,+57,29,13.000,18.00,-6.00,-5.0,0.00,6.22
HR7154,HR7154,2000,18,54,47.1000,+48,51,35.000,-61.00,-118.00,-11.0,17.00,5.77
HR7155,HR7155,2000,18,58,20.5000,-24,52,36.000,7.00,3.00,-17.0,0.00,6.62
HR7156,HR7156,2000,18,59,11.1000,-39,32,05.000,9.00,-35.00,-15.0,0.00,6.49
HR7157,13Lyr,2000,18,55,20.1000,+43,56,46.000,23.00,83.00,-28.0,0.00,4.04
HR7158,64Ser,2000,18,57,16.6000,+02,32,07.000,-5.00,-12.00,-10.0,0.00,5.57
HR7159,HR7159,2000,18,58,24.6000,-22,31,46.000,-22.00,17.00,-7.0,0.00,6.14
HR7160,HR7160,2000,18,45,38.1000,+79,56,33.000,15.00,57.00,-5.0,0.00,6.39
HR7161,HR7161,2000,19,03,29.7000,-68,45,19.000,-15.00,-3.00,25.0,0.00,5.88
HR7162,HR7162,2000,18,57,01.6000,+32,54,05.000,172.00,-157.00,-47.0,57.00,5.22
HR7163,HR7163,2000,18,58,23.8000,+06,14,25.000,-3.00,-104.00,-9.0,0.00,6.21
HR7164,HR7164,2000,18,59,26.8000,-18,34,01.000,3.00,-43.00,-14.0,0.00,6.37
HR7165,HR7165,2000,18,58,14.7000,+17,21,39.000,-3.00,-7.00,-22.0,-7.00,5.38
HR7166,HR7166,2000,18,59,23.8000,-12,50,26.000,2.00,-18.00,-13.0,6.00,5.53
HR7167,10Aql,2000,18,58,46.9000,+13,54,24.000,-2.00,-52.00,15.0,0.00,5.89
HR7168,HR7168,2000,19,00,24.8000,-24,56,32.000,55.00,44.00,-25.0,0.00,6.36
HR7169,HR7169,2000,19,01,03.2000,-37,03,39.000,11.00,-20.00,12.0,0.00,6.69
HR7170,HR7170,2000,19,01,04.3000,-37,03,43.000,10.00,-40.00,-15.0,0.00,6.40
HR7171,HR7171,2000,18,58,45.1000,+19,47,39.000,4.00,-4.00,-1.0,0.00,6.50
HR7172,11Aql,2000,18,59,05.7000,+13,37,21.000,14.00,-123.00,16.0,39.00,5.23
HR7173,HR7173,2000,18,59,17.5000,+10,08,27.000,25.00,-11.00,-15.0,0.00,6.75
HR7174,HR7174,2000,18,58,01.9000,+38,15,58.000,1.00,0.00,-28.0,0.00,5.89
HR7175,48Dra,2000,18,56,45.0000,+57,48,54.000,-29.00,-62.00,-34.0,18.00,5.66
HR7176,epAql,2000,18,59,37.4000,+15,04,06.000,-51.00,-73.00,-48.0,28.00,4.02
HR7177,HR7177,2000,19,02,08.7000,-41,54,36.000,48.00,2.00,-13.0,0.00,6.23
HR7178,gaLyr,2000,18,58,56.6000,+32,41,22.000,-2.00,2.00,-21.0,21.00,3.24
HR7179,HR7179,2000,18,58,46.6000,+40,40,45.000,8.00,0.00,-14.0,0.00,6.22
HR7180,upDra,2000,18,54,23.9000,+71,17,50.000,49.00,44.00,-7.0,14.00,4.82
HR7181,HR7181,2000,18,59,45.5000,+26,13,50.000,88.00,-8.00,-24.0,-2.00,5.27
HR7182,HR7182,2000,19,01,37.8000,-22,41,44.000,4.00,0.00,-14.0,0.00,6.24
HR7183,HR7183,2000,18,59,58.1000,+22,48,53.000,-22.00,12.00,-53.0,0.00,6.29
HR7184,HR7184,2000,18,57,28.4000,+58,13,31.000,14.00,47.00,-8.0,-8.00,6.46
HR7185,HR7185,2000,18,59,12.3000,+39,13,04.000,2.00,12.00,-14.0,0.00,6.41
HR7186,HR7186,2000,19,01,33.5000,-15,16,57.000,0.00,3.00,20.0,0.00,6.32
HR7187,HR7187,2000,18,56,25.6000,+65,15,29.000,-28.00,-32.00,-5.0,-2.00,5.63
HR7188,zeCrA,2000,19,03,06.9000,-42,05,43.000,61.00,-49.00,-13.0,31.00,4.75
HR7190,HR7190,2000,19,03,57.4000,-51,01,07.000,28.00,-146.00,-61.0,0.00,5.93
HR7191,HR7191,2000,18,57,17.4000,+62,23,48.000,6.00,-39.00,-8.0,0.00,6.45
HR7192,laLyr,2000,19,00,00.9000,+32,08,44.000,13.00,13.00,-16.0,-3.00,4.93
HR7193,12Aql,2000,19,01,40.8000,-05,44,20.000,-19.00,-33.00,-44.0,21.00,4.02
HR7194,zeSgr,2000,19,02,36.7000,-29,52,49.000,-15.00,-2.00,22.0,25.00,2.60
HR7195,HR7195,2000,19,02,27.7000,-24,50,49.000,-22.00,-175.00,2.0,0.00,5.65
HR7196,HR7196,2000,18,58,59.6000,+50,48,34.000,24.00,18.00,-21.0,0.00,6.30
HR7197,HR7197,2000,19,03,17.7000,-38,15,12.000,13.00,9.00,4.0,0.00,5.74
HR7198,HR7198,2000,19,01,05.5000,+19,18,35.000,18.00,2.00,-29.0,0.00,6.39
HR7199,HR7199,2000,18,53,33.2000,+75,47,15.000,13.00,24.00,-17.0,-4.00,6.22
HR7200,HR7200,2000,19,01,22.6000,+20,50,01.000,7.00,17.00,-10.0,0.00,6.69
HR7201,HR7201,2000,19,00,19.0000,+40,41,03.000,2.00,-11.00,-5.0,0.00,6.65
HR7202,HR7202,2000,19,01,17.4000,+26,17,29.000,0.00,-11.00,-14.0,9.00,5.69
HR7203,HR7203,2000,19,03,03.8000,-19,14,43.000,7.00,6.00,-20.0,0.00,6.05
HR7204,HR7204,2000,19,00,55.2000,+33,48,08.000,7.00,3.00,-28.0,0.00,6.01
HR7205,HR7205,2000,19,03,07.0000,-19,06,12.000,7.00,-15.00,19.0,0.00,6.37
HR7206,HR7206,2000,19,01,34.9000,+25,01,33.000,-1.00,0.00,-21.0,0.00,6.72
HR7207,HR7207,2000,19,01,49.5000,+22,15,50.000,21.00,-8.00,-38.0,0.00,6.40
HR7208,HR7208,2000,19,02,21.6000,+08,22,27.000,26.00,22.00,-9.0,0.00,6.30
HR7209,14Aql,2000,19,02,54.5000,-03,41,56.000,23.00,7.00,-39.0,0.00,5.42
HR7210,HR7210,2000,19,00,13.7000,+50,32,01.000,9.00,5.00,-19.0,0.00,5.38
HR7211,HR7211,2000,19,04,25.1000,-31,02,49.000,14.00,-16.00,-26.0,0.00,5.50
HR7212,HR7212,2000,19,01,48.3000,+33,37,17.000,-3.00,3.00,-23.0,0.00,6.39
HR7213,rhTel,2000,19,06,19.9000,-52,20,27.000,30.00,-118.00,2.0,22.00,5.16
HR7214,HR7214,2000,19,03,32.2000,+01,49,08.000,6.00,-67.00,-22.0,0.00,5.83
HR7215,16Lyr,2000,19,01,26.4000,+46,56,05.000,20.00,-84.00,8.0,36.00,5.01
HR7216,HR7216,2000,19,02,52.6000,+19,39,40.000,4.00,-1.00,-7.0,0.00,6.09
HR7217,omiSgr,2000,19,04,41.0000,-21,44,30.000,80.00,-60.00,25.0,44.00,3.77
HR7218,49Dra,2000,19,00,43.4000,+55,39,30.000,-16.00,-6.00,10.0,0.00,5.48
HR7219,HR7219,2000,19,04,10.7000,+03,19,50.000,7.00,13.00,-13.0,0.00,6.73
HR7220,HR7220,2000,19,04,24.2000,-05,41,06.000,20.00,-5.00,37.0,0.00,6.90
HR7221,HR7221,2000,19,09,52.7000,-68,25,29.000,145.00,-52.00,-10.0,30.00,5.33
HR7222,HR7222,2000,19,03,42.5000,+21,16,04.000,22.00,-21.00,5.0,0.00,6.52
HR7223,HR7223,2000,19,06,55.6000,-48,17,57.000,16.00,-16.00,-6.0,0.00,5.97
HR7224,HR7224,2000,18,58,52.6000,+69,31,52.000,5.00,4.00,-15.0,0.00,6.52
HR7225,15Aql,2000,19,04,57.6000,-04,01,53.000,20.00,-27.00,-18.0,2.00,5.42
HR7226,gaCrA,2000,19,06,25.1000,-37,03,48.000,96.00,-274.00,-52.0,54.00,4.93
HR7227,gaCrA,2000,19,06,25.1000,-37,03,48.000,96.00,-274.00,-52.0,54.00,4.99
HR7228,siOct,2000,21,08,46.2000,-88,57,23.000,23.00,5.00,12.0,0.00,5.47
HR7229,HR7229,2000,19,02,07.0000,+52,15,40.000,-7.00,-26.00,4.0,5.00,6.31
HR7230,HR7230,2000,19,05,41.2000,-15,39,37.000,3.00,-7.00,-26.0,0.00,5.97
HR7231,HR7231,2000,19,05,18.6000,-01,30,46.000,-3.00,-7.00,-32.0,0.00,6.53
HR7232,HR7232,2000,19,06,52.5000,-37,48,37.000,-184.00,-352.00,59.0,63.00,6.16
HR7233,HR7233,2000,19,08,52.1000,-55,43,13.000,31.00,-110.00,-21.0,0.00,6.49
HR7234,taSgr,2000,19,06,56.4000,-27,40,14.000,-53.00,-251.00,45.0,44.00,3.32
HR7235,zeAql,2000,19,05,24.6000,+13,51,48.000,-5.00,-96.00,-25.0,45.00,2.99
HR7236,laAql,2000,19,06,14.9000,-04,52,57.000,-17.00,-90.00,-12.0,32.00,3.44
HR7237,HR7237,2000,19,04,57.9000,+31,44,40.000,76.00,-67.00,6.0,18.00,5.56
HR7238,HR7238,2000,19,04,58.3000,+30,44,00.000,30.00,-22.00,-16.0,0.00,6.06
HR7239,HR7239,2000,19,06,52.3000,-16,13,44.000,21.00,4.00,-17.0,0.00,6.03
HR7240,HR7240,2000,19,07,30.9000,-28,38,13.000,8.00,-10.00,5.0,0.00,6.04
HR7241,HR7241,2000,19,07,08.5000,-18,44,16.000,19.00,-4.00,-11.0,0.00,6.29
HR7242,deCrA,2000,19,08,20.9000,-40,29,48.000,37.00,-26.00,20.0,16.00,4.59
HR7243,HR7243,2000,19,06,22.2000,+08,13,48.000,6.00,-71.00,32.0,0.00,6.09
HR7244,HR7244,2000,19,05,47.1000,+29,55,18.000,-5.00,-9.00,-28.0,0.00,6.31
HR7245,HR7245,2000,19,07,09.1000,+00,38,30.000,3.00,9.00,-11.0,0.00,6.56
HR7246,HR7246,2000,19,08,14.6000,-24,39,25.000,18.00,5.00,-13.0,0.00,6.30
HR7247,HR7247,2000,18,57,57.2000,+77,03,03.000,-39.00,-64.00,-27.0,0.00,6.54
HR7248,18Aql,2000,19,06,58.6000,+11,04,17.000,5.00,-26.00,-19.0,16.00,5.09
HR7249,HR7249,2000,19,08,16.7000,-19,17,24.000,6.00,8.00,-20.0,0.00,5.54
HR7250,HR7250,2000,19,06,38.4000,+24,15,03.000,55.00,15.00,-22.0,0.00,5.77
HR7251,51Dra,2000,19,04,55.2000,+53,23,48.000,-3.00,25.00,-24.0,23.00,5.38
HR7252,HR7252,2000,19,05,09.9000,+49,55,24.000,-4.00,14.00,8.0,0.00,6.43
HR7253,HR7253,2000,19,06,37.7000,+28,37,43.000,76.00,85.00,-24.0,25.00,5.55
HR7254,alCrA,2000,19,09,28.3000,-37,54,16.000,84.00,-98.00,-18.0,36.00,4.11
HR7255,HR7255,2000,19,09,39.7000,-39,49,41.000,-1.00,-49.00,17.0,0.00,6.46
HR7256,HR7256,2000,19,09,36.4000,-36,09,53.000,-8.00,-13.00,-11.0,0.00,6.56
HR7257,HR7257,2000,19,09,57.8000,-41,53,33.000,10.00,-20.00,13.0,0.00,5.88
HR7258,HR7258,2000,19,06,17.0000,+41,24,50.000,3.00,-2.00,-21.0,0.00,6.49
HR7259,beCrA,2000,19,10,01.7000,-39,20,27.000,3.00,-38.00,3.0,16.00,4.11
HR7260,HR7260,2000,19,07,57.3000,+16,51,12.000,60.00,-306.00,14.0,59.00,6.07
HR7261,17Lyr,2000,19,07,25.6000,+32,30,06.000,130.00,23.00,4.0,17.00,5.23
HR7262,ioLyr,2000,19,07,18.1000,+36,06,01.000,1.00,-4.00,-18.0,0.00,5.28
HR7263,HR7263,2000,19,08,03.6000,+21,41,56.000,51.00,74.00,-40.0,8.00,6.23
HR7264,piSgr,2000,19,09,45.8000,-21,01,25.000,0.00,-35.00,-10.0,26.00,2.89
HR7265,HR7265,2000,19,09,48.1000,-19,48,13.000,20.00,-79.00,30.0,4.00,6.13
HR7266,19Aql,2000,19,08,59.9000,+06,04,24.000,-6.00,-76.00,-47.0,32.00,5.22
HR7267,HR7267,2000,19,08,40.2000,+16,51,05.000,-36.00,-104.00,10.0,18.00,6.48
HR7268,HR7268,2000,19,11,01.8000,-39,00,18.000,-11.00,-18.00,-5.0,0.00,6.36
HR7269,HR7269,2000,19,09,51.6000,-00,25,41.000,6.00,-6.00,-11.0,0.00,6.34
HR7270,HR7270,2000,19,11,18.9000,-29,30,08.000,33.00,-18.00,-14.0,0.00,6.30
HR7271,HR7271,2000,19,12,46.1000,-50,29,11.000,40.00,-44.00,-26.0,0.00,6.13
HR7272,HR7272,2000,19,09,04.4000,+34,36,02.000,53.00,195.00,-41.0,25.00,6.74
HR7273,HR7273,2000,19,12,09.8000,-37,34,58.000,10.00,8.00,-39.0,0.00,6.57
HR7274,taPav,2000,19,16,28.5000,-69,11,26.000,0.00,-24.00,-18.0,0.00,6.27
HR7275,HR7275,2000,19,08,25.8000,+52,25,32.000,-99.00,-59.00,4.0,2.00,5.81
HR7276,HR7276,2000,19,12,28.0000,-21,39,29.000,27.00,-12.00,-5.0,0.00,6.41
HR7277,HR7277,2000,19,13,13.7000,-25,54,24.000,-2.00,-6.00,3.0,0.00,5.80
HR7278,HR7278,2000,19,17,12.0000,-66,39,41.000,-2.00,-21.00,12.0,0.00,5.53
HR7279,20Aql,2000,19,12,40.7000,-07,56,22.000,16.00,-6.00,-15.0,0.00,5.34
HR7280,HR7280,2000,19,11,30.9000,+26,44,09.000,23.00,-36.00,-27.0,0.00,6.36
HR7281,HR7281,2000,19,14,39.7000,-45,11,36.000,59.00,-36.00,-35.0,22.00,5.92
HR7282,HR7282,2000,19,13,15.5000,-12,16,57.000,12.00,-27.00,-18.0,0.00,5.51
HR7283,19Lyr,2000,19,11,46.0000,+31,17,00.000,-2.00,-3.00,-30.0,0.00,5.98
HR7284,HR7284,2000,19,11,23.1000,+40,25,45.000,0.00,-23.00,6.0,0.00,6.18
HR7285,HR7285,2000,19,12,34.4000,+16,50,47.000,-6.00,-15.00,-18.0,7.00,6.73
HR7286,HR7286,2000,19,12,36.7000,+21,33,16.000,5.00,-2.00,-13.0,0.00,5.93
HR7287,21Aql,2000,19,13,42.7000,+02,17,37.000,9.00,-3.00,-5.0,9.00,5.15
HR7288,HR7288,2000,19,13,44.1000,+05,30,57.000,16.00,-6.00,9.0,0.00,6.49
HR7289,HR7289,2000,19,16,21.7000,-45,27,59.000,-3.00,2.00,6.0,10.00,5.40
HR7290,55Dra,2000,19,09,45.8000,+65,58,43.000,1.00,30.00,-22.0,0.00,6.25
HR7291,HR7291,2000,19,15,33.2000,-24,10,45.000,116.00,-95.00,-26.0,23.00,6.25
HR7292,psSgr,2000,19,15,32.4000,-25,15,24.000,45.00,-25.00,-33.0,5.00,4.85
HR7293,HR7293,2000,19,12,04.6000,+49,51,15.000,-190.00,637.00,-41.0,44.00,6.75
HR7294,HR7294,2000,19,12,05.0000,+49,51,22.000,-210.00,635.00,-38.0,44.00,6.57
HR7295,53Dra,2000,19,11,40.5000,+56,51,33.000,39.00,48.00,-16.0,12.00,5.12
HR7296,HR7296,2000,19,16,32.8000,-33,31,18.000,12.00,24.00,-23.0,0.00,6.25
HR7297,HR7297,2000,19,18,09.4000,-53,23,12.000,-13.00,-65.00,-24.0,0.00,6.38
HR7298,etLyr,2000,19,13,45.5000,+39,08,46.000,4.00,2.00,-8.0,2.00,4.39
HR7299,HR7299,2000,19,15,02.6000,+20,12,12.000,-12.00,0.00,7.0,0.00,6.00
HR7300,HR7300,2000,19,15,20.1000,+15,05,01.000,2.00,-11.00,-25.0,0.00,5.57
HR7301,1Sge,2000,19,15,17.4000,+21,13,56.000,39.00,12.00,-23.0,0.00,5.64
HR7302,HR7302,2000,19,15,24.8000,+30,31,35.000,29.00,-23.00,-63.0,0.00,5.85
HR7303,22Aql,2000,19,16,31.0000,+04,50,05.000,15.00,-16.00,-23.0,16.00,5.59
HR7304,43Sgr,2000,19,17,38.1000,-18,57,11.000,-12.00,-14.00,15.0,6.00,4.96
HR7305,HR7305,2000,19,15,57.0000,+27,27,20.000,7.00,-18.00,-9.0,2.00,6.54
HR7306,1Vul,2000,19,16,13.0000,+21,23,25.000,0.00,-9.00,-17.0,17.00,4.77
HR7307,HR7307,2000,19,16,26.8000,+14,32,41.000,10.00,9.00,-19.0,21.00,5.63
HR7308,HR7308,2000,19,15,59.4000,+27,55,37.000,1.00,22.00,-16.0,0.00,6.16
HR7309,54Dra,2000,19,13,55.2000,+57,42,18.000,-10.00,-70.00,-27.0,25.00,4.99
HR7310,deDra,2000,19,12,33.3000,+67,39,42.000,94.00,93.00,25.0,32.00,3.07
HR7311,HR7311,2000,19,15,19.3000,+50,04,15.000,5.00,-3.00,6.0,0.00,6.27
HR7312,59Dra,2000,19,09,09.8000,+76,33,38.000,47.00,-123.00,-4.0,49.00,5.13
HR7313,HR7313,2000,19,17,48.2000,+02,01,54.000,-4.00,-30.00,-23.0,0.00,6.19
HR7314,thLyr,2000,19,16,22.1000,+38,08,01.000,-1.00,4.00,-31.0,13.00,4.36
HR7315,ome1Aql,2000,19,17,49.0000,+11,35,43.000,3.00,13.00,-14.0,14.00,5.28
HR7316,HR7316,2000,19,19,40.0000,-35,25,17.000,7.00,-13.00,2.0,0.00,5.59
HR7317,HR7317,2000,19,19,00.1000,-15,32,11.000,-91.00,-267.00,-18.0,41.00,6.06
HR7318,2Vul,2000,19,17,43.6000,+23,01,32.000,1.00,-5.00,1.0,7.00,5.43
HR7319,23Aql,2000,19,18,32.5000,+01,05,07.000,10.00,19.00,-24.0,3.00,5.10
HR7320,HR7320,2000,19,24,05.4000,-68,22,16.000,-26.00,-3.00,-20.0,0.00,6.34
HR7321,24Aql,2000,19,18,50.9000,+00,20,21.000,12.00,12.00,-29.0,10.00,6.41
HR7322,HR7322,2000,19,16,51.4000,+46,59,57.000,-8.00,295.00,-44.0,18.00,6.00
HR7323,HR7323,2000,19,20,26.2000,-31,49,04.000,-4.00,4.00,-7.0,0.00,6.58
HR7324,HR7324,2000,19,18,00.8000,+31,01,20.000,-4.00,20.00,-25.0,0.00,6.68
HR7325,HR7325,2000,19,18,52.7000,+09,37,05.000,3.00,-39.00,-12.0,0.00,6.32
HR7326,HR7326,2000,19,18,48.5000,+19,36,38.000,22.00,2.00,-17.0,0.00,6.58
HR7327,HR7327,2000,19,20,38.1000,-22,24,09.000,-15.00,35.00,-6.0,0.00,5.58
HR7328,kaCyg,2000,19,17,06.2000,+53,22,07.000,59.00,125.00,-29.0,24.00,3.77
HR7329,etTel,2000,19,22,51.1000,-54,25,25.000,15.00,-72.00,13.0,20.00,5.05
HR7330,HR7330,2000,19,21,29.9000,-34,59,02.000,106.00,-99.00,-10.0,0.00,6.48
HR7331,28Aql,2000,19,19,39.3000,+12,22,29.000,8.00,21.00,3.0,4.00,5.53
HR7332,ome2Aql,2000,19,19,53.0000,+11,32,06.000,42.00,26.00,-26.0,1.00,6.02
HR7333,26Aql,2000,19,20,32.9000,-05,24,57.000,116.00,48.00,-19.0,30.00,5.01
HR7334,HR7334,2000,19,22,09.6000,-42,00,58.000,-50.00,-34.00,93.0,0.00,6.34
HR7335,HR7335,2000,19,19,03.8000,+33,23,20.000,-10.00,-33.00,10.0,0.00,6.60
HR7336,27Aql,2000,19,20,35.7000,-00,53,32.000,6.00,6.00,-27.0,8.00,5.49
HR7337,be1Sgr,2000,19,22,38.3000,-44,27,32.000,9.00,-20.00,-11.0,0.00,4.01
HR7338,HR7338,2000,19,19,01.2000,+37,26,43.000,14.00,17.00,-14.0,0.00,6.22
HR7339,HR7339,2000,19,21,37.1000,-19,14,03.000,7.00,-1.00,-23.0,0.00,6.26
HR7340,rh1Sgr,2000,19,21,40.4000,-17,50,50.000,-24.00,24.00,1.0,42.00,3.93
HR7341,HR7341,2000,19,18,37.7000,+49,34,11.000,10.00,54.00,-14.0,3.00,6.31
HR7342,upSgr,2000,19,21,43.6000,-15,57,18.000,2.00,-6.00,9.0,0.00,4.61
HR7343,be2Sgr,2000,19,23,13.2000,-44,47,59.000,97.00,-54.00,19.0,30.00,4.29
HR7344,rh2Sgr,2000,19,21,50.9000,-18,18,30.000,102.00,-92.00,-13.0,0.00,5.87
HR7345,HR7345,2000,19,19,38.9000,+37,19,50.000,-66.00,-187.00,2.0,38.00,6.31
HR7346,HR7346,2000,19,20,33.1000,+35,11,10.000,14.00,6.00,-18.0,0.00,6.31
HR7347,HR7347,2000,19,22,20.7000,-08,12,04.000,-13.00,-24.00,-10.0,0.00,6.31
HR7348,alSgr,2000,19,23,53.2000,-40,36,58.000,30.00,-123.00,-1.0,0.00,3.97
HR7349,HR7349,2000,19,22,21.5000,-00,15,09.000,61.00,-25.00,-11.0,0.00,5.83
HR7350,HR7350,2000,19,24,21.4000,-43,43,23.000,24.00,-37.00,-17.0,0.00,6.17
HR7351,HR7351,2000,19,19,36.5000,+54,22,34.000,18.00,-25.00,-5.0,0.00,6.26
HR7352,taDra,2000,19,15,33.0000,+73,21,20.000,-140.00,107.00,-30.0,15.00,4.45
HR7353,HR7353,2000,19,23,04.6000,-07,24,01.000,42.00,-7.00,12.0,0.00,6.32
HR7354,HR7354,2000,19,22,48.4000,+09,54,47.000,11.00,109.00,-20.0,0.00,6.35
HR7355,HR7355,2000,19,24,30.1000,-27,51,56.000,4.00,-1.00,6.0,0.00,6.04
HR7356,HR7356,2000,19,20,16.1000,+57,38,43.000,23.00,11.00,-21.0,0.00,5.91
HR7357,HR7357,2000,19,23,08.2000,+14,55,16.000,-27.00,-9.00,9.0,0.00,6.64
HR7358,3Vul,2000,19,22,50.9000,+26,15,45.000,-1.00,-10.00,-12.0,0.00,5.18
HR7359,HR7359,2000,19,22,33.4000,+33,31,05.000,8.00,-33.00,-16.0,0.00,6.06
HR7360,HR7360,2000,19,25,04.1000,-29,18,33.000,2.00,-51.00,25.0,0.00,5.93
HR7361,HR7361,2000,19,19,46.1000,+64,23,27.000,-2.00,10.00,-20.0,0.00,6.52
HR7362,ch1Sgr,2000,19,25,16.5000,-24,30,31.000,56.00,-54.00,-42.0,35.00,5.03
HR7363,ch3Sgr,2000,19,25,29.7000,-23,57,44.000,-14.00,-5.00,40.0,0.00,5.43
HR7364,HR7364,2000,19,23,46.9000,+20,15,52.000,-7.00,8.00,-29.0,0.00,6.40
HR7365,HR7365,2000,19,21,25.4000,+57,46,01.000,21.00,42.00,7.0,0.00,6.43
HR7366,HR7366,2000,19,25,01.6000,-04,53,03.000,54.00,15.00,-39.0,0.00,6.52
HR7367,HR7367,2000,19,25,21.6000,-13,53,49.000,57.00,66.00,-34.0,0.00,5.69
HR7368,HR7368,2000,19,23,34.0000,+33,13,20.000,85.00,168.00,-21.0,57.00,6.37
HR7369,2Sge,2000,19,24,22.1000,+16,56,16.000,-3.00,-11.00,12.0,0.00,6.25
HR7370,HR7370,2000,19,27,48.1000,-54,19,31.000,-6.00,9.00,-5.0,0.00,5.69
HR7371,piDra,2000,19,20,40.1000,+65,42,53.000,12.00,45.00,-29.0,20.00,4.59
HR7372,2Cyg,2000,19,24,07.6000,+29,37,17.000,13.00,13.00,-21.0,0.00,4.97
HR7373,31Aql,2000,19,24,58.2000,+11,56,40.000,722.00,643.00,-100.0,59.00,5.16
HR7374,HR7374,2000,19,24,22.4000,+28,05,16.000,-21.00,3.00,-20.0,0.00,6.53
HR7375,50Sgr,2000,19,26,19.2000,-21,46,36.000,40.00,-5.00,-20.0,0.00,5.59
HR7376,HR7376,2000,19,24,06.1000,+36,27,07.000,10.00,77.00,-33.0,0.00,6.36
HR7377,deAql,2000,19,25,29.9000,+03,06,53.000,257.00,82.00,-30.0,72.00,3.36
HR7378,HR7378,2000,19,26,11.1000,-15,03,11.000,23.00,10.00,-7.0,0.00,5.72
HR7379,HR7379,2000,19,26,24.6000,-14,33,04.000,39.00,-6.00,-23.0,0.00,6.70
HR7380,HR7380,2000,19,26,56.5000,-29,44,36.000,18.00,-48.00,1.0,0.00,5.67
HR7381,HR7381,2000,19,23,23.8000,+50,16,17.000,0.00,12.00,-24.0,0.00,6.51
HR7382,HR7382,2000,19,23,56.5000,+43,23,17.000,17.00,-25.00,-0.0,0.00,5.84
HR7383,HR7383,2000,19,31,10.9000,-68,26,02.000,13.00,-19.00,-14.0,0.00,5.96
HR7384,HR7384,2000,19,25,22.4000,+20,16,17.000,-7.00,-27.00,-32.0,0.00,6.31
HR7385,4Vul,2000,19,25,28.6000,+19,47,55.000,95.00,-63.00,-1.0,26.00,5.16
HR7386,HR7386,2000,19,25,25.8000,+24,54,46.000,-175.00,-630.00,-4.0,27.00,6.19
HR7387,nuAql,2000,19,26,31.1000,+00,20,19.000,0.00,1.00,-1.0,-8.00,4.66
HR7388,HR7388,2000,19,29,52.6000,-55,26,29.000,23.00,-57.00,-27.0,0.00,6.13
HR7389,HR7389,2000,19,26,24.1000,+13,01,26.000,10.00,62.00,-34.0,32.00,5.74
HR7390,5Vul,2000,19,26,13.2000,+20,05,52.000,3.00,-35.00,-21.0,0.00,5.63
HR7391,HR7391,2000,19,26,28.7000,+19,53,29.000,-1.00,-46.00,-34.0,0.00,5.81
HR7392,HR7392,2000,19,29,23.9000,-43,26,45.000,96.00,-136.00,-31.0,13.00,5.71
HR7393,muTel,2000,19,30,34.5000,-55,06,36.000,33.00,-15.00,9.0,0.00,6.30
HR7394,laUMi,2000,17,16,56.8000,+89,02,16.000,-23.00,-4.00,2.0,0.00,6.38
HR7395,4Cyg,2000,19,26,09.1000,+36,19,04.000,5.00,14.00,-22.0,-7.00,5.15
HR7396,HR7396,2000,19,27,33.9000,+14,16,57.000,9.00,-2.00,4.0,0.00,6.32
HR7397,HR7397,2000,19,28,20.8000,+02,55,49.000,4.00,-6.00,-14.0,0.00,5.85
HR7398,HR7398,2000,19,29,52.2000,-26,59,08.000,34.00,-41.00,-31.0,45.00,5.52
HR7399,HR7399,2000,19,30,14.7000,-32,05,32.000,83.00,-65.00,8.0,0.00,6.60
HR7400,35Aql,2000,19,29,01.0000,+01,57,01.000,-3.00,-33.00,12.0,0.00,5.80
HR7401,HR7401,2000,19,25,46.7000,+58,01,38.000,-4.00,8.00,-22.0,0.00,6.60
HR7402,HR7402,2000,19,29,21.5000,-07,02,38.000,24.00,3.00,-7.0,13.00,6.61
HR7403,HR7403,2000,19,27,36.5000,+37,56,28.000,22.00,-13.00,-28.0,0.00,6.34
HR7404,HR7404,2000,19,29,18.0000,+00,14,46.000,7.00,-8.00,-60.0,0.00,6.25
HR7405,alVul,2000,19,28,42.3000,+24,39,54.000,-125.00,-106.00,-86.0,14.00,4.44
HR7406,8Vul,2000,19,28,57.0000,+24,46,07.000,0.00,14.00,-27.0,4.00,5.81
HR7407,HR7407,2000,19,29,22.1000,+14,35,45.000,45.00,-26.00,-40.0,0.00,5.56
HR7408,io1Cyg,2000,19,27,25.9000,+52,19,14.000,-14.00,-24.00,2.0,0.00,5.75
HR7409,7Vul,2000,19,29,20.9000,+20,16,47.000,1.00,-20.00,-37.0,0.00,6.33
HR7410,HR7410,2000,19,30,54.0000,-21,18,44.000,12.00,-17.00,-21.0,0.00,6.13
HR7411,HR7411,2000,19,32,53.8000,-53,11,09.000,29.00,-13.00,14.0,0.00,5.75
HR7412,HR7412,2000,19,30,10.5000,+02,54,15.000,-5.00,0.00,-13.0,0.00,6.09
HR7413,HR7413,2000,19,26,26.5000,+62,33,26.000,34.00,43.00,-40.0,0.00,6.38
HR7414,36Aql,2000,19,30,39.8000,-02,47,20.000,23.00,-10.00,-11.0,29.00,5.03
HR7415,HR7415,2000,19,30,33.1000,+03,26,40.000,10.00,5.00,-26.0,0.00,6.05
HR7416,HR7416,2000,19,33,21.6000,-45,16,19.000,-12.00,-31.00,-8.0,0.00,5.61
HR7417,be1Cyg,2000,19,30,43.3000,+27,57,35.000,2.00,-2.00,-24.0,17.00,3.08
HR7418,be2Cyg,2000,19,30,45.3000,+27,57,55.000,-9.00,0.00,-18.0,17.00,5.11
HR7419,HR7419,2000,19,30,46.9000,+36,13,43.000,6.00,-11.00,11.0,5.00,6.25
HR7420,io2Cyg,2000,19,29,42.3000,+51,43,47.000,20.00,130.00,-20.0,5.00,3.79
HR7421,HR7421,2000,19,31,21.8000,+26,37,02.000,32.00,27.00,-1.0,0.00,5.87
HR7422,HR7422,2000,19,34,08.5000,-40,02,05.000,5.00,-5.00,12.0,0.00,5.89
HR7423,HR7423,2000,19,21,40.2000,+79,36,10.000,13.00,-34.00,-3.0,0.00,6.05
HR7424,ioTel,2000,19,35,13.0000,-48,05,57.000,-9.00,-38.00,22.0,2.00,4.90
HR7425,HR7425,2000,19,15,07.8000,+83,27,46.000,8.00,12.00,-14.0,0.00,6.53
HR7426,8Cyg,2000,19,31,46.3000,+34,27,11.000,1.00,-3.00,-22.0,0.00,4.74
HR7427,HR7427,2000,19,31,19.3000,+50,18,24.000,-29.00,48.00,-9.0,0.00,5.53
HR7428,HR7428,2000,19,31,13.6000,+55,43,55.000,-2.00,-11.00,-6.0,0.00,6.37
HR7429,muAql,2000,19,34,05.4000,+07,22,44.000,216.00,-157.00,-24.0,45.00,4.45
HR7430,37Aql,2000,19,35,07.3000,-10,33,37.000,9.00,3.00,-31.0,7.00,5.12
HR7431,51Sgr,2000,19,36,01.7000,-24,43,09.000,12.00,-23.00,-31.0,18.00,5.65
HR7432,HR7432,2000,19,35,29.8000,-07,27,37.000,30.00,-39.00,-10.0,0.00,6.34
HR7433,HR7433,2000,19,35,33.6000,-12,15,10.000,15.00,-6.00,6.0,0.00,6.27
HR7434,HR7434,2000,19,38,25.9000,-57,59,00.000,26.00,-65.00,-11.0,15.00,6.18
HR7435,HR7435,2000,19,39,52.1000,-66,41,08.000,32.00,-43.00,-14.0,0.00,6.39
HR7436,HR7436,2000,19,33,36.4000,+38,45,44.000,5.00,28.00,-17.0,0.00,6.61
HR7437,9Vul,2000,19,34,34.9000,+19,46,24.000,8.00,2.00,5.0,0.00,5.00
HR7438,HR7438,2000,19,35,25.2000,+02,54,48.000,19.00,45.00,4.0,0.00,6.38
HR7439,HR7439,2000,19,36,26.1000,-18,51,10.000,31.00,-3.00,-42.0,0.00,6.11
HR7440,52Sgr,2000,19,36,42.4000,-24,53,01.000,69.00,-21.00,-19.0,2.00,4.60
HR7441,9Cyg,2000,19,34,50.9000,+29,27,47.000,15.00,24.00,-11.0,21.00,5.38
HR7442,HR7442,2000,19,33,41.6000,+49,15,45.000,5.00,-3.00,-10.0,0.00,5.96
HR7443,HR7443,2000,19,37,03.3000,-18,13,52.000,13.00,-9.00,-7.0,10.00,5.64
HR7444,HR7444,2000,19,34,41.2000,+42,24,46.000,-4.00,-22.00,2.0,1.00,5.35
HR7445,HR7445,2000,19,36,08.0000,+11,09,00.000,-4.00,-10.00,-5.0,0.00,6.68
HR7446,kaAql,2000,19,36,53.5000,-07,01,39.000,3.00,-4.00,-19.0,0.00,4.95
HR7447,ioAql,2000,19,36,43.3000,-01,17,11.000,4.00,-18.00,-21.0,4.00,4.36
HR7448,HR7448,2000,19,33,10.1000,+60,09,31.000,5.00,6.00,-19.0,0.00,6.29
HR7449,HR7449,2000,19,36,15.8000,+14,23,30.000,34.00,-23.00,-42.0,0.00,6.38
HR7450,HR7450,2000,19,31,00.2000,+70,59,22.000,-16.00,37.00,-43.0,0.00,6.07
HR7451,HR7451,2000,19,34,19.8000,+51,14,12.000,32.00,-190.00,0.0,37.00,5.73
HR7452,HR7452,2000,19,36,08.3000,+22,35,09.000,1.00,-10.00,-23.0,0.00,6.32
HR7453,HR7453,2000,19,34,39.9000,+48,09,53.000,-15.00,-73.00,-1.0,0.00,6.67
HR7454,HR7454,2000,19,37,34.4000,-14,18,06.000,-105.00,-142.00,-21.0,47.00,5.47
HR7455,HR7455,2000,19,41,37.5000,-65,51,15.000,27.00,-65.00,-42.0,0.00,6.09
HR7456,HR7456,2000,19,36,52.5000,+11,16,24.000,18.00,5.00,-1.0,0.00,5.98
HR7457,11Cyg,2000,19,35,48.3000,+36,56,40.000,8.00,-2.00,-15.0,0.00,6.05
HR7458,HR7458,2000,19,36,37.7000,+20,19,58.000,-3.00,-11.00,-11.0,-13.00,7.14
HR7459,HR7459,2000,19,40,18.3000,-54,25,03.000,38.00,-9.00,15.0,0.00,6.26
HR7460,42Aql,2000,19,37,47.3000,-04,38,51.000,107.00,-51.00,-38.0,27.00,5.46
HR7461,HR7461,2000,19,39,42.0000,-45,16,41.000,-1.00,20.00,8.0,0.00,6.25
HR7462,siDra,2000,19,32,21.6000,+69,39,40.000,600.00,-1738.00,27.0,177.00,4.68
HR7463,epSge,2000,19,37,17.4000,+16,27,46.000,20.00,15.00,-33.0,0.00,5.66
HR7464,HR7464,2000,19,39,55.7000,-39,26,00.000,62.00,-61.00,-36.0,0.00,6.61
HR7465,HR7465,2000,19,35,55.9000,+50,14,19.000,-5.00,38.00,8.0,0.00,6.52
HR7466,HR7466,2000,19,37,09.4000,+29,20,01.000,-16.00,-1.00,-20.0,0.00,6.43
HR7467,HR7467,2000,19,36,56.6000,+38,23,02.000,0.00,0.00,-27.0,0.00,6.50
HR7468,HR7468,2000,19,36,37.9000,+44,41,42.000,-101.00,-102.00,-5.0,19.00,5.17
HR7469,thCyg,2000,19,36,26.5000,+50,13,16.000,-17.00,257.00,-28.0,56.00,4.48
HR7470,53Sgr,2000,19,39,49.4000,-23,25,40.000,1.00,-32.00,-11.0,0.00,6.34
HR7471,HR7471,2000,19,38,49.0000,+03,22,54.000,4.00,0.00,-1.0,0.00,6.35
HR7472,HR7472,2000,19,38,17.5000,+20,46,58.000,-55.00,-48.00,5.0,0.00,6.48
HR7473,HR7473,2000,19,40,07.1000,-23,25,43.000,26.00,2.00,-28.0,0.00,5.97
HR7474,siAql,2000,19,39,11.6000,+05,23,52.000,1.00,-1.00,-5.0,0.00,5.17
HR7475,HR7475,2000,19,39,25.4000,+16,34,17.000,11.00,3.00,-4.0,0.00,6.38
HR7476,54Sgr,2000,19,40,43.4000,-16,17,36.000,71.00,-48.00,-58.0,37.00,6.20
HR7477,HR7477,2000,19,37,56.7000,+49,17,04.000,36.00,144.00,-85.0,6.00,6.47
HR7478,phCyg,2000,19,39,22.6000,+30,09,12.000,4.00,37.00,6.0,7.00,4.69
HR7479,alSge,2000,19,40,05.8000,+18,00,50.000,14.00,-21.00,2.0,0.00,4.37
HR7480,45Aql,2000,19,40,43.3000,-00,37,16.000,17.00,17.00,-46.0,18.00,5.67
HR7481,HR7481,2000,19,39,45.0000,+33,58,45.000,7.00,17.00,-33.0,0.00,6.10
HR7482,HR7482,2000,19,40,28.3000,+20,28,36.000,-2.00,-22.00,5.0,0.00,6.50
HR7483,14Cyg,2000,19,39,26.5000,+42,49,06.000,22.00,31.00,-28.0,19.00,5.40
HR7484,HR7484,2000,19,38,41.2000,+54,58,26.000,35.00,164.00,-15.0,36.00,5.82
HR7485,HR7485,2000,19,40,39.7000,+23,43,03.000,19.00,-20.00,-20.0,0.00,6.64
HR7486,HR7486,2000,19,41,05.5000,+13,48,56.000,-2.00,-10.00,-14.0,0.00,6.01
HR7487,HR7487,2000,19,39,34.4000,+45,57,29.000,-5.00,46.00,-10.0,0.00,6.20
HR7488,beSge,2000,19,41,02.9000,+17,28,34.000,10.00,-32.00,-22.0,11.00,4.37
HR7489,55Sgr,2000,19,42,31.1000,-16,07,26.000,68.00,-9.00,-27.0,40.00,5.06
HR7490,HR7490,2000,19,41,14.9000,+22,27,10.000,25.00,-4.00,-23.0,0.00,6.36
HR7491,HR7491,2000,19,43,37.6000,-37,32,20.000,6.00,-19.00,-29.0,0.00,6.16
HR7492,HR7492,2000,19,40,41.2000,+43,04,40.000,12.00,-6.00,-5.0,0.00,6.16
HR7493,46Aql,2000,19,42,12.8000,+12,11,36.000,-2.00,-4.00,-32.0,0.00,6.34
HR7494,HR7494,2000,19,56,01.5000,-81,20,59.000,9.00,-1.00,-6.0,0.00,6.39
HR7495,HR7495,2000,19,40,50.2000,+45,31,30.000,86.00,127.00,-20.0,21.00,5.06
HR7496,HR7496,2000,19,43,33.5000,-15,28,12.000,154.00,-180.00,13.0,45.00,5.49
HR7497,chAql,2000,19,42,34.0000,+11,49,36.000,-1.00,-7.00,-22.0,6.00,5.27
HR7498,HR7498,2000,19,49,25.3000,-72,30,12.000,0.00,17.00,-1.0,33.00,5.41
HR7499,HR7499,2000,19,41,57.5000,+40,15,14.000,-25.00,26.00,-32.0,6.00,6.23
HR7500,HR7500,2000,19,40,13.0000,+60,30,26.000,-8.00,-5.00,-1.0,26.00,6.51
HR7501,HR7501,2000,19,42,49.1000,+29,19,54.000,61.00,47.00,-25.0,0.00,6.49
HR7502,HR7502,2000,19,42,44.6000,+32,25,36.000,4.00,3.00,-7.0,0.00,5.94
HR7503,16Cyg,2000,19,41,48.9000,+50,31,31.000,-149.00,-153.00,-26.0,39.00,5.96
HR7504,HR7504,2000,19,41,52.0000,+50,31,03.000,-134.00,-162.00,-27.0,39.00,6.20
HR7505,HR7505,2000,19,43,09.5000,+30,40,43.000,-12.00,38.00,-28.0,0.00,6.05
HR7506,10Vul,2000,19,43,42.9000,+25,46,19.000,12.00,19.00,-9.0,23.00,5.49
HR7507,HR7507,2000,19,46,01.2000,-31,54,31.000,5.00,-17.00,-31.0,0.00,5.52
HR7508,HR7508,2000,19,43,55.9000,+27,08,08.000,-9.00,4.00,-12.0,-8.00,6.28
HR7509,HR7509,2000,19,42,04.1000,+55,27,48.000,13.00,-39.00,-28.0,0.00,6.48
HR7510,nuTel,2000,19,48,01.2000,-56,21,45.000,88.00,-137.00,-12.0,0.00,5.35
HR7511,psAql,2000,19,44,34.1000,+13,18,10.000,-7.00,-6.00,-18.0,0.00,6.26
HR7512,HR7512,2000,19,43,51.4000,+34,09,45.000,-2.00,3.00,-11.0,0.00,6.05
HR7513,HR7513,2000,19,49,53.3000,-66,48,46.000,-12.00,16.00,-2.0,0.00,6.45
HR7514,HR7514,2000,19,43,45.0000,+41,46,23.000,16.00,10.00,-41.0,14.00,5.84
HR7515,56Sgr,2000,19,46,21.7000,-19,45,40.000,-129.00,-89.00,20.0,25.00,4.86
HR7516,HR7516,2000,19,45,52.2000,-02,53,00.000,5.00,-2.00,-17.0,0.00,6.48
HR7517,15Cyg,2000,19,44,16.6000,+37,21,16.000,75.00,35.00,-24.0,21.00,4.89
HR7518,HR7518,2000,19,44,48.7000,+29,15,53.000,1.00,-2.00,-36.0,-10.00,6.82
HR7519,upAql,2000,19,45,39.9000,+07,36,48.000,53.00,2.00,-30.0,27.00,5.91
HR7520,HR7520,2000,19,44,38.2000,+34,24,50.000,4.00,-9.00,9.0,0.00,6.57
HR7521,HR7521,2000,19,48,55.1000,-52,53,17.000,9.00,-50.00,-21.0,0.00,6.25
HR7522,HR7522,2000,19,43,14.6000,+58,00,59.000,137.00,-60.00,-22.0,45.00,6.22
HR7523,HR7523,2000,19,44,49.0000,+40,43,00.000,-64.00,-23.00,-97.0,0.00,6.34
HR7524,HR7524,2000,19,51,01.3000,-65,36,18.000,101.00,-155.00,-41.0,0.00,6.05
HR7525,gaAql,2000,19,46,15.6000,+10,36,48.000,18.00,-2.00,-2.0,16.00,2.72
HR7526,HR7526,2000,19,43,39.6000,+57,02,33.000,10.00,20.00,-26.0,0.00,6.27
HR7527,HR7527,2000,19,50,21.7000,-61,03,41.000,-6.00,-1.00,-15.0,0.00,6.21
HR7528,deCyg,2000,19,44,58.5000,+45,07,51.000,53.00,47.00,-20.0,30.00,2.87
HR7529,HR7529,2000,19,45,39.6000,+36,05,28.000,4.00,14.00,-19.0,18.00,6.43
HR7530,HR7530,2000,19,45,51.4000,+35,00,46.000,21.00,-4.00,-19.0,0.00,6.09
HR7531,HR7531,2000,19,50,44.8000,-59,11,35.000,15.00,4.00,4.0,13.00,5.42
HR7532,HR7532,2000,19,48,03.0000,-13,42,12.000,26.00,-12.00,-8.0,0.00,6.11
HR7533,HR7533,2000,19,46,39.5000,+25,08,02.000,73.00,-4.00,13.0,0.00,6.62
HR7534,17Cyg,2000,19,46,25.6000,+33,43,40.000,23.00,-446.00,5.0,49.00,4.99
HR7535,HR7535,2000,19,46,35.0000,+32,53,19.000,-32.00,-3.00,-46.0,16.00,6.18
HR7536,deSge,2000,19,47,23.3000,+18,32,03.000,7.00,8.00,3.0,1.00,3.82
HR7537,HR7537,2000,19,50,13.8000,-47,33,26.000,-17.00,-8.00,-65.0,0.00,5.94
HR7538,HR7538,2000,19,49,11.6000,-28,47,20.000,126.00,-96.00,-34.0,0.00,6.05
HR7540,HR7540,2000,19,47,48.6000,+25,23,02.000,82.00,-26.00,-18.0,0.00,5.95
HR7541,HR7541,2000,19,49,02.2000,-10,52,15.000,36.00,-20.00,-33.0,0.00,6.04
HR7542,HR7542,2000,19,48,30.4000,+10,41,39.000,-7.00,-1.00,-5.0,0.00,6.44
HR7543,HR7543,2000,19,47,27.8000,+38,24,27.000,15.00,-3.00,-28.0,0.00,5.77
HR7544,piAql,2000,19,48,42.1000,+11,48,57.000,18.00,-4.00,13.0,3.00,5.72
HR7545,HR7545,2000,19,44,18.5000,+69,20,13.000,16.00,-23.00,0.0,0.00,5.92
HR7546,zeSge,2000,19,48,58.7000,+19,08,32.000,21.00,30.00,-14.0,10.00,5.00
HR7547,HR7547,2000,19,47,26.8000,+47,54,28.000,-26.00,-31.00,3.0,0.00,6.12
HR7548,HR7548,2000,19,52,37.6000,-54,58,16.000,8.00,-2.00,-18.0,0.00,5.74
HR7549,HR7549,2000,19,52,39.0000,-54,58,36.000,8.00,-3.00,-22.0,0.00,6.50
HR7550,HR7550,2000,19,48,43.9000,+35,18,41.000,85.00,62.00,-27.0,17.00,6.53
HR7551,HR7551,2000,19,48,50.6000,+33,26,14.000,7.00,-2.00,-10.0,0.00,6.44
HR7552,HR7552,2000,19,51,50.6000,-39,52,28.000,23.00,-15.00,-2.0,20.00,5.33
HR7553,51Aql,2000,19,50,46.8000,-10,45,49.000,-30.00,33.00,6.0,0.00,5.39
HR7554,HR7554,2000,19,50,17.5000,+07,54,09.000,5.00,1.00,-30.0,0.00,6.51
HR7555,HR7555,2000,19,49,27.5000,+38,42,36.000,6.00,-10.00,11.0,0.00,6.11
HR7556,HR7556,2000,19,49,54.6000,+28,26,26.000,-21.00,27.00,-12.0,0.00,6.38
HR7557,alAql,2000,19,50,47.0000,+08,52,06.000,538.00,386.00,-26.0,198.00,0.77
HR7558,HR7558,2000,19,54,40.4000,-61,10,15.000,-8.00,11.00,11.0,0.00,6.24
HR7559,HR7559,2000,19,51,11.1000,-02,27,39.000,-7.00,-35.00,9.0,0.00,6.13
HR7560,omiAql,2000,19,51,01.6000,+10,24,56.000,242.00,-139.00,-0.0,48.00,5.11
HR7561,57Sgr,2000,19,52,12.0000,-19,02,42.000,2.00,-58.00,-26.0,21.00,5.92
HR7562,HR7562,2000,19,51,17.7000,+09,37,49.000,-1.00,-12.00,21.0,0.00,6.25
HR7563,HR7563,2000,19,46,44.7000,+68,26,18.000,5.00,11.00,-12.0,0.00,6.34
HR7564,chCyg,2000,19,50,33.9000,+32,54,51.000,-27.00,-40.00,-2.0,12.00,4.23
HR7565,12Vul,2000,19,51,04.1000,+22,36,36.000,28.00,-17.00,-31.0,0.00,4.95
HR7566,19Cyg,2000,19,50,34.0000,+38,43,21.000,11.00,107.00,-39.0,0.00,5.12
HR7567,HR7567,2000,19,50,37.3000,+40,35,59.000,1.00,-4.00,-4.0,0.00,5.69
HR7568,HR7568,2000,19,50,47.0000,+37,49,35.000,24.00,7.00,-16.0,5.00,6.06
HR7569,HR7569,2000,19,52,03.5000,+11,37,44.000,-335.00,-320.00,-17.0,22.00,6.13
HR7570,etAql,2000,19,52,28.4000,+01,00,20.000,11.00,-7.00,-15.0,10.00,3.90
HR7571,HR7571,2000,19,53,06.4000,-14,36,11.000,-4.00,-42.00,-2.0,0.00,6.48
HR7572,HR7572,2000,19,52,15.6000,+10,21,05.000,4.00,-15.00,-13.0,0.00,6.54
HR7573,HR7573,2000,19,52,01.6000,+24,59,32.000,3.00,-5.00,-3.0,6.00,5.57
HR7574,9Sge,2000,19,52,21.8000,+18,40,19.000,-2.00,-3.00,9.0,0.00,6.23
HR7575,HR7575,2000,19,53,18.7000,-03,06,52.000,24.00,15.00,-20.0,3.00,5.65
HR7576,20Cyg,2000,19,50,37.7000,+52,59,17.000,-8.00,-68.00,-20.0,14.00,5.03
HR7577,HR7577,2000,19,51,19.4000,+47,22,38.000,18.00,19.00,-18.0,0.00,6.20
HR7578,HR7578,2000,19,54,17.7000,-23,56,28.000,-131.00,-414.00,-7.0,75.00,6.18
HR7579,HR7579,2000,19,58,41.3000,-69,09,50.000,63.00,-99.00,-12.0,32.00,5.75
HR7580,HR7580,2000,19,53,22.6000,+04,24,02.000,16.00,4.00,2.0,0.00,6.53
HR7581,ioSgr,2000,19,55,15.7000,-41,52,06.000,17.00,56.00,36.0,35.00,4.13
HR7582,epDra,2000,19,48,10.4000,+70,16,04.000,82.00,37.00,3.0,16.00,3.83
HR7583,HR7583,2000,19,52,16.3000,+36,25,56.000,2.00,0.00,-21.0,0.00,6.10
HR7584,56Aql,2000,19,54,08.2000,-08,34,27.000,5.00,-18.00,-50.0,0.00,5.79
HR7585,HR7585,2000,19,55,05.1000,-33,02,47.000,-12.00,-2.00,34.0,0.00,6.46
HR7586,HR7586,2000,19,56,57.7000,-57,55,32.000,-9.00,-36.00,26.0,0.00,6.53
HR7587,HR7587,2000,19,57,06.2000,-58,54,05.000,15.00,-21.00,-2.0,22.00,5.26
HR7588,HR7588,2000,19,58,53.0000,-68,45,44.000,34.00,-67.00,-18.0,0.00,6.39
HR7589,HR7589,2000,19,51,59.1000,+47,01,39.000,-3.00,0.00,-6.0,9.00,5.62
HR7590,epPav,2000,20,00,35.5000,-72,54,38.000,74.00,-132.00,-2.0,16.00,3.96
HR7591,HR7591,2000,19,52,07.2000,+47,55,55.000,-5.00,-7.00,-18.0,0.00,5.91
HR7592,13Vul,2000,19,53,27.7000,+24,04,47.000,27.00,38.00,-28.0,9.00,4.58
HR7593,57Aql,2000,19,54,37.6000,-08,13,38.000,10.00,-25.00,-6.0,10.00,5.71
HR7594,57Aql,2000,19,54,38.1000,-08,14,14.000,21.00,-27.00,-5.0,10.00,6.49
HR7595,xiAql,2000,19,54,14.9000,+08,27,41.000,101.00,-81.00,-42.0,23.00,4.71
HR7596,58Aql,2000,19,54,44.8000,+00,16,25.000,42.00,-12.00,-50.0,0.00,5.61
HR7597,omeSgr,2000,19,55,50.4000,-26,17,58.000,207.00,83.00,-21.0,62.00,4.70
HR7598,HR7598,2000,19,54,40.3000,+07,08,25.000,34.00,-3.00,-16.0,0.00,6.15
HR7599,HR7599,2000,19,55,19.6000,-06,44,03.000,36.00,-46.00,-7.0,10.00,6.51
HR7600,HR7600,2000,19,53,01.2000,+47,48,27.000,-9.00,-9.00,-65.0,0.00,6.29
HR7601,HR7601,2000,19,54,31.1000,+24,19,10.000,26.00,0.00,-8.0,15.00,5.52
HR7602,beAql,2000,19,55,18.8000,+06,24,24.000,48.00,-482.00,-40.0,70.00,3.71
HR7603,mu1Pav,2000,20,00,23.0000,-66,56,58.000,-20.00,-197.00,29.0,37.00,5.76
HR7604,59Sgr,2000,19,56,56.8000,-27,10,12.000,8.00,-13.00,-16.0,14.00,4.52
HR7605,HR7605,2000,19,57,41.3000,-38,03,30.000,89.00,-83.00,-31.0,0.00,6.55
HR7606,HR7606,2000,19,54,48.3000,+36,59,46.000,14.00,21.00,-24.0,0.00,5.76
HR7607,HR7607,2000,19,55,06.5000,+30,11,43.000,11.00,17.00,-12.0,0.00,6.57
HR7608,23Cyg,2000,19,53,17.4000,+57,31,25.000,9.00,13.00,-25.0,0.00,5.14
HR7609,10Sge,2000,19,56,01.3000,+16,38,05.000,4.00,-4.00,-10.0,9.00,5.36
HR7610,phAql,2000,19,56,14.3000,+11,25,26.000,34.00,9.00,-27.0,23.00,5.28
HR7611,HR7611,2000,19,53,35.4000,+59,42,32.000,43.00,61.00,-14.0,0.00,6.06
HR7612,mu2Pav,2000,20,01,52.4000,-66,56,39.000,30.00,-73.00,42.0,25.00,5.31
HR7613,22Cyg,2000,19,55,51.7000,+38,29,12.000,0.00,2.00,-30.0,0.00,4.94
HR7614,61Sgr,2000,19,57,57.0000,-15,29,29.000,17.00,-101.00,3.0,32.00,5.02
HR7615,etCyg,2000,19,56,18.4000,+35,05,00.000,-32.00,-27.00,-27.0,15.00,3.89
HR7616,HR7616,2000,19,57,00.2000,+20,59,53.000,-24.00,-23.00,8.0,0.00,6.48
HR7617,HR7617,2000,19,58,56.4000,-30,32,17.000,90.00,-53.00,-51.0,0.00,6.28
HR7618,60Sgr,2000,19,58,57.2000,-26,11,44.000,35.00,33.00,-49.0,14.00,4.83
HR7619,psCyg,2000,19,55,37.8000,+52,26,20.000,-37.00,-30.00,-10.0,5.00,4.92
HR7620,HR7620,2000,19,56,44.2000,+36,15,03.000,4.00,5.00,-23.0,0.00,6.02
HR7621,HR7621,2000,20,00,25.3000,-49,21,04.000,-82.00,-6.00,67.0,0.00,6.17
HR7622,11Sge,2000,19,57,45.4000,+16,47,21.000,12.00,16.00,-26.0,-3.00,5.53
HR7623,th1Sgr,2000,19,59,44.2000,-35,16,35.000,6.00,-26.00,1.0,0.00,4.37
HR7624,th2Sgr,2000,19,59,51.3000,-34,41,52.000,100.00,-75.00,-18.0,33.00,5.30
HR7625,HR7625,2000,20,01,44.7000,-59,22,34.000,17.00,-33.00,-10.0,5.00,5.13
HR7626,HR7626,2000,19,55,22.1000,+58,15,01.000,21.00,-71.00,-17.0,0.00,6.09
HR7627,HR7627,2000,20,00,26.5000,-43,02,36.000,23.00,13.00,-34.0,0.00,6.14
HR7628,HR7628,2000,19,57,13.9000,+40,22,05.000,8.00,7.00,-26.0,0.00,5.45
HR7629,HR7629,2000,20,00,15.9000,-37,42,08.000,18.00,-20.00,23.0,0.00,5.95
HR7630,HR7630,2000,20,00,48.3000,-45,06,47.000,0.00,2.00,3.0,17.00,5.81
HR7631,HR7631,2000,20,00,20.3000,-33,42,14.000,136.00,-306.00,-8.0,49.00,5.66
HR7632,HR7632,2000,19,56,45.1000,+50,54,09.000,5.00,8.00,-19.0,0.00,6.43
HR7633,HR7633,2000,19,55,55.4000,+58,50,46.000,-9.00,-19.00,5.0,4.00,4.96
HR7634,HR7634,2000,19,56,19.0000,+56,41,13.000,22.00,16.00,-31.0,0.00,6.12
HR7635,gaSge,2000,19,58,45.4000,+19,29,32.000,66.00,24.00,-33.0,13.00,3.47
HR7636,HR7636,2000,19,59,22.7000,+01,22,40.000,26.00,65.00,6.0,0.00,6.17
HR7637,HR7637,2000,19,59,47.4000,-09,57,30.000,-269.00,-400.00,23.0,40.00,5.88
HR7638,HR7638,2000,19,57,56.2000,+42,15,39.000,1.00,-3.00,-6.0,3.00,6.43
HR7639,HR7639,2000,20,01,26.4000,-40,48,51.000,-15.00,-38.00,-31.0,0.00,6.29
HR7640,HR7640,2000,19,58,38.0000,+30,59,01.000,41.00,3.00,-7.0,36.00,5.49
HR7641,14Vul,2000,19,59,10.5000,+23,06,05.000,-71.00,6.00,-38.0,19.00,5.67
HR7642,HR7642,2000,19,58,34.4000,+38,06,20.000,9.00,-4.00,-14.0,4.00,6.32
HR7643,HR7643,2000,20,01,23.9000,-22,44,14.000,10.00,-14.00,8.0,0.00,6.01
HR7644,HR7644,2000,20,05,32.8000,-67,19,15.000,844.00,-672.00,-12.0,54.00,6.07
HR7645,13Sge,2000,20,00,03.3000,+17,31,00.000,4.00,-11.00,-17.0,0.00,5.37
HR7646,HR7646,2000,19,59,20.5000,+45,46,20.000,20.00,-21.00,6.0,0.00,5.92
HR7647,25Cyg,2000,19,59,55.2000,+37,02,34.000,6.00,1.00,-4.0,0.00,5.19
HR7648,HR7648,2000,20,00,58.9000,+08,33,29.000,8.00,-9.00,-40.0,0.00,5.91
HR7649,63Sgr,2000,20,01,58.6000,-13,38,13.000,38.00,18.00,-42.0,20.00,5.71
HR7650,62Sgr,2000,20,02,39.5000,-27,42,35.000,36.00,17.00,10.0,28.00,4.58
HR7651,HR7651,2000,19,59,15.4000,+52,03,21.000,15.00,6.00,-16.0,0.00,6.15
HR7652,HR7652,2000,20,03,33.5000,-37,56,27.000,59.00,-92.00,-38.0,20.00,4.77
HR7653,15Vul,2000,20,01,06.1000,+27,45,13.000,59.00,5.00,-21.0,30.00,4.64
HR7654,HR7654,2000,19,58,28.7000,+63,32,03.000,-5.00,-26.00,-9.0,0.00,5.96
HR7655,HR7655,2000,20,01,15.3000,+37,05,56.000,44.00,51.00,-16.0,0.00,6.20
HR7656,HR7656,2000,20,01,44.7000,+24,48,01.000,5.00,-3.00,-15.0,0.00,5.88
HR7657,16Vul,2000,20,02,01.4000,+24,56,17.000,88.00,70.00,-37.0,4.00,5.22
HR7658,HR7658,2000,20,03,44.3000,-22,35,44.000,-42.00,20.00,7.0,0.00,6.45
HR7659,HR7659,2000,20,04,19.6000,-32,03,23.000,47.00,-15.00,-12.0,7.00,4.99
HR7660,26Cyg,2000,20,01,21.6000,+50,06,17.000,19.00,4.00,1.0,14.00,5.05
HR7661,HR7661,2000,20,04,01.2000,-07,28,11.000,15.00,-48.00,4.0,0.00,6.72
HR7662,HR7662,2000,20,03,16.4000,+18,30,02.000,15.00,-31.00,9.0,0.00,5.96
HR7663,HR7663,2000,20,08,20.5000,-66,21,17.000,-10.00,-5.00,36.0,0.00,6.45
HR7664,HR7664,2000,20,03,30.0000,+16,01,53.000,3.00,-5.00,-22.0,8.00,5.67
HR7665,dePav,2000,20,08,43.6000,-66,10,55.000,1207.00,-1131.00,-22.0,170.00,3.56
HR7666,HR7666,2000,19,58,41.9000,+70,22,01.000,45.00,60.00,-10.0,0.00,6.33
HR7667,62Aql,2000,20,04,23.2000,-00,42,34.000,3.00,-118.00,0.0,4.00,5.68
HR7668,HR7668,2000,20,05,32.1000,-33,00,00.000,18.00,-18.00,-18.0,0.00,6.53
HR7669,taAql,2000,20,04,08.3000,+07,16,41.000,16.00,11.00,-28.0,5.00,5.52
HR7670,HR7670,2000,20,03,37.4000,+29,53,48.000,683.00,-526.00,-45.0,47.00,5.71
HR7671,HR7671,2000,20,05,05.4000,-11,35,58.000,-1.00,-12.00,-12.0,0.00,6.34
HR7672,15Sge,2000,20,04,06.2000,+17,04,12.000,-395.00,-414.00,4.0,60.00,5.80
HR7673,xiTel,2000,20,07,23.2000,-52,52,51.000,-14.00,8.00,36.0,14.00,4.94
HR7674,HR7674,2000,20,07,35.1000,-55,00,59.000,16.00,23.00,13.0,0.00,6.26
HR7675,65Sgr,2000,20,05,26.4000,-12,39,55.000,9.00,-49.00,-6.0,0.00,6.55
HR7676,64Dra,2000,20,01,28.5000,+64,49,16.000,7.00,-12.00,-34.0,6.00,5.27
HR7677,HR7677,2000,20,04,58.6000,+23,12,37.000,6.00,-2.00,-22.0,0.00,6.45
HR7678,HR7678,2000,20,04,36.1000,+32,13,07.000,-11.00,-12.00,21.0,0.00,5.64
HR7679,etSge,2000,20,05,09.5000,+19,59,28.000,30.00,78.00,-40.0,32.00,5.10
HR7680,HR7680,2000,20,05,26.5000,+15,30,01.000,33.00,20.00,-112.0,0.00,6.34
HR7681,HR7681,2000,20,06,12.2000,-04,04,42.000,45.00,-45.00,-2.0,0.00,6.47
HR7682,65Dra,2000,20,02,20.3000,+64,38,04.000,46.00,10.00,9.0,0.00,6.57
HR7683,HR7683,2000,20,05,09.8000,+38,28,42.000,259.00,109.00,-24.0,41.00,6.19
HR7684,HR7684,2000,20,04,28.8000,+48,13,47.000,11.00,4.00,-14.0,0.00,6.16
HR7685,rhDra,2000,20,02,49.1000,+67,52,25.000,16.00,46.00,-9.0,17.00,4.51
HR7686,69Dra,2000,19,59,36.6000,+76,28,53.000,-29.00,-55.00,-69.0,0.00,6.20
HR7687,HR7687,2000,20,05,06.7000,+51,50,22.000,29.00,34.00,-56.0,0.00,6.14
HR7688,17Vul,2000,20,06,53.4000,+23,36,52.000,15.00,3.00,-5.0,0.00,5.07
HR7689,27Cyg,2000,20,06,21.8000,+35,58,21.000,-224.00,-438.00,-33.0,32.00,5.36
HR7690,64Aql,2000,20,08,01.8000,-00,40,42.000,116.00,-70.00,-4.0,0.00,5.99
HR7691,HR7691,2000,20,11,07.2000,-57,31,26.000,-2.00,-25.00,-7.0,0.00,6.37
HR7692,HR7692,2000,20,05,21.5000,+56,20,29.000,-4.00,80.00,-12.0,0.00,6.21
HR7693,HR7693,2000,20,07,50.3000,+09,23,59.000,47.00,22.00,-27.0,15.00,6.43
HR7694,HR7694,2000,20,08,31.3000,-10,03,46.000,8.00,-42.00,-16.0,0.00,6.18
HR7695,HR7695,2000,20,04,44.6000,+63,53,26.000,7.00,43.00,-19.0,23.00,6.26
HR7696,HR7696,2000,20,08,06.5000,+16,39,51.000,5.00,-2.00,11.0,0.00,6.42
HR7697,HR7697,2000,20,06,13.8000,+53,09,57.000,212.00,255.00,-41.0,27.00,5.85
HR7698,HR7698,2000,20,24,54.4000,-83,18,38.000,11.00,12.00,0.0,0.00,6.17
HR7699,HR7699,2000,20,07,41.4000,+34,25,23.000,2.00,0.00,10.0,0.00,6.11
HR7700,HR7700,2000,20,08,38.3000,+10,43,33.000,4.00,1.00,-25.0,0.00,6.31
HR7701,66Dra,2000,20,05,32.8000,+61,59,44.000,121.00,74.00,6.0,37.00,5.39
HR7702,HR7702,2000,20,07,11.5000,+50,13,45.000,18.00,-20.00,3.0,0.00,6.54
HR7703,HR7703,2000,20,11,11.9000,-36,06,04.000,458.00,-1571.00,-130.0,179.00,5.32
HR7704,HR7704,2000,20,04,53.3000,+68,01,38.000,-17.00,-12.00,-42.0,0.00,6.28
HR7705,thSge,2000,20,09,56.6000,+20,54,55.000,54.00,101.00,-40.0,29.00,6.48
HR7706,HR7706,2000,20,12,23.9000,-42,46,50.000,-14.00,-118.00,-1.0,0.00,6.22
HR7707,HR7707,2000,20,14,26.9000,-63,24,57.000,-37.00,37.00,19.0,0.00,6.09
HR7708,28Cyg,2000,20,09,25.6000,+36,50,23.000,5.00,14.00,-14.0,0.00,4.93
HR7709,HR7709,2000,20,11,10.1000,-08,50,32.000,6.00,0.00,-7.0,0.00,6.49
HR7710,thAql,2000,20,11,18.3000,-00,49,17.000,38.00,4.00,-27.0,12.00,3.23
HR7711,18Vul,2000,20,10,33.5000,+26,54,15.000,20.00,13.00,-12.0,2.00,5.52
HR7712,xi1Cap,2000,20,11,57.9000,-12,23,33.000,-5.00,-17.00,1.0,0.00,6.34
HR7713,HR7713,2000,20,11,03.5000,+21,08,05.000,17.00,34.00,-7.0,0.00,6.22
HR7714,HR7714,2000,20,14,19.0000,-52,26,44.000,22.00,-45.00,14.0,20.00,5.65
HR7715,xi2Cap,2000,20,12,25.9000,-12,37,03.000,197.00,-193.00,23.0,37.00,5.85
HR7716,HR7716,2000,20,11,21.1000,+21,52,32.000,-1.00,7.00,-18.0,0.00,6.26
HR7717,HR7717,2000,20,12,35.2000,+00,52,03.000,10.00,-14.00,-19.0,9.00,6.27
HR7718,19Vul,2000,20,11,48.0000,+26,48,32.000,7.00,-10.00,-23.0,0.00,5.49
HR7719,20Vul,2000,20,12,00.7000,+26,28,44.000,8.00,-11.00,-22.0,0.00,5.92
HR7720,66Aql,2000,20,13,13.9000,-01,00,34.000,22.00,-28.00,-28.0,28.00,5.47
HR7721,HR7721,2000,20,12,03.8000,+47,44,13.000,16.00,4.00,-19.0,0.00,6.92
HR7722,HR7722,2000,20,15,17.4000,-27,01,58.000,1244.00,-174.00,-54.0,124.00,5.73
HR7723,HR7723,2000,20,13,40.6000,+24,14,20.000,50.00,31.00,-37.0,11.00,6.56
HR7724,rhAql,2000,20,14,16.6000,+15,11,51.000,57.00,57.00,-23.0,23.00,4.95
HR7725,HR7725,2000,20,15,50.6000,-30,00,19.000,37.00,13.00,-99.0,0.00,6.30
HR7726,HR7726,2000,20,12,31.8000,+51,27,49.000,-11.00,-14.00,13.0,0.00,6.01
HR7727,68Dra,2000,20,11,34.9000,+62,04,43.000,123.00,83.00,-15.0,31.00,5.75
HR7728,HR7728,2000,20,16,23.7000,-36,27,16.000,9.00,-42.00,-14.0,0.00,6.39
HR7729,HR7729,2000,20,16,26.5000,-35,11,52.000,9.00,81.00,-8.0,0.00,6.53
HR7730,30Cyg,2000,20,13,18.0000,+46,48,57.000,12.00,-1.00,-26.0,12.00,4.83
HR7731,21Vul,2000,20,14,14.5000,+28,41,41.000,14.00,-22.00,7.0,10.00,5.18
HR7732,HR7732,2000,20,19,03.0000,-63,13,52.000,-15.00,-84.00,-8.0,0.00,6.27
HR7733,HR7733,2000,20,13,42.8000,+43,22,45.000,0.00,6.00,-24.0,0.00,6.14
HR7734,HR7734,2000,20,14,05.0000,+36,36,19.000,24.00,2.00,-22.0,0.00,6.45
HR7735,31Cyg,2000,20,13,37.9000,+46,44,29.000,4.00,3.00,-8.0,7.00,3.79
HR7736,29Cyg,2000,20,14,32.0000,+36,48,23.000,68.00,70.00,-17.0,36.00,4.97
HR7737,HR7737,2000,20,14,21.6000,+42,06,13.000,5.00,-21.00,-18.0,0.00,6.71
HR7738,3Cap,2000,20,16,22.8000,-12,20,13.000,12.00,-13.00,-20.0,0.00,6.32
HR7739,HR7739,2000,20,15,15.9000,+25,35,31.000,8.00,-6.00,-7.0,0.00,4.78
HR7740,33Cyg,2000,20,13,23.9000,+56,34,04.000,63.00,83.00,-18.0,21.00,4.30
HR7741,22Vul,2000,20,15,30.2000,+23,30,31.000,0.00,-15.00,-23.0,4.00,5.15
HR7742,HR7742,2000,20,13,27.7000,+60,38,26.000,44.00,58.00,-1.0,0.00,5.79
HR7743,HR7743,2000,20,15,23.7000,+33,43,46.000,-40.00,-106.00,-10.0,0.00,5.66
HR7744,23Vul,2000,20,15,46.1000,+27,48,51.000,-36.00,8.00,3.0,8.00,4.52
HR7745,HR7745,2000,20,18,56.0000,-47,42,39.000,12.00,-4.00,-44.0,0.00,6.31
HR7746,18Sge,2000,20,16,19.7000,+21,35,55.000,1.00,-24.00,-4.0,0.00,6.13
HR7747,al1Cap,2000,20,17,38.9000,-12,30,30.000,23.00,1.00,-26.0,6.00,4.24
HR7748,4Cap,2000,20,18,01.4000,-21,48,36.000,35.00,-24.00,-18.0,40.00,5.87
HR7749,HR7749,2000,20,19,17.9000,-47,34,49.000,200.00,-185.00,-31.0,26.00,6.13
HR7750,kaCep,2000,20,08,53.3000,+77,42,41.000,11.00,24.00,-23.0,1.00,4.39
HR7751,32Cyg,2000,20,15,28.3000,+47,42,52.000,1.00,8.00,-14.0,14.00,3.98
HR7752,HR7752,2000,20,16,03.4000,+38,53,52.000,-1.00,-37.00,8.0,0.00,6.27
HR7753,24Vul,2000,20,16,47.1000,+24,40,16.000,16.00,-18.00,15.0,-3.00,5.32
HR7754,al2Cap,2000,20,18,03.3000,-12,32,41.000,64.00,4.00,0.0,34.00,3.57
HR7755,HR7755,2000,20,15,43.4000,+50,13,58.000,24.00,10.00,-25.0,0.00,6.31
HR7756,HR7756,2000,20,16,00.6000,+45,34,46.000,8.00,-52.00,-40.0,0.00,5.91
HR7757,HR7757,2000,20,16,28.2000,+37,03,23.000,13.00,1.00,-8.0,0.00,6.48
HR7758,HR7758,2000,20,20,32.3000,-55,03,03.000,9.00,-33.00,-9.0,0.00,6.27
HR7759,HR7759,2000,20,16,55.3000,+40,21,54.000,4.00,-3.00,-20.0,4.00,5.24
HR7760,HR7760,2000,20,17,31.5000,+29,08,53.000,-11.00,32.00,-20.0,9.00,6.22
HR7761,siCap,2000,20,19,23.6000,-19,07,07.000,9.00,-9.00,-11.0,25.00,5.28
HR7762,HR7762,2000,20,17,29.1000,+42,43,19.000,14.00,0.00,-17.0,0.00,6.29
HR7763,34Cyg,2000,20,17,47.2000,+38,01,59.000,-5.00,-4.00,-9.0,4.00,4.81
HR7764,HR7764,2000,20,20,28.1000,-29,11,50.000,28.00,4.00,4.0,0.00,6.30
HR7765,HR7765,2000,20,20,51.9000,-35,40,25.000,39.00,18.00,-15.0,0.00,6.46
HR7766,HR7766,2000,20,21,41.0000,-49,59,58.000,-357.00,-250.00,18.0,45.00,6.27
HR7767,HR7767,2000,20,18,07.0000,+40,43,56.000,1.00,-3.00,-7.0,7.00,5.84
HR7768,HR7768,2000,20,19,43.3000,-01,04,43.000,42.00,33.00,-45.0,0.00,6.06
HR7769,36Cyg,2000,20,18,28.6000,+37,00,00.000,37.00,25.00,-8.0,0.00,5.58
HR7770,35Cyg,2000,20,18,39.1000,+34,58,58.000,1.00,-3.00,-14.0,7.00,5.17
HR7771,HR7771,2000,20,19,29.2000,+13,13,01.000,-29.00,-12.00,23.0,0.00,6.21
HR7772,HR7772,2000,20,20,26.1000,-06,21,42.000,-81.00,-90.00,43.0,0.00,6.63
HR7773,nuCap,2000,20,20,39.8000,-12,45,33.000,19.00,-19.00,-2.0,21.00,4.76
HR7774,HR7774,2000,20,20,00.2000,+13,32,53.000,12.00,-4.00,-8.0,0.00,5.95
HR7775,HR7775,2000,20,20,46.6000,-14,47,06.000,43.00,0.00,-18.0,10.00,6.10
HR7776,beCap,2000,20,21,00.7000,-14,46,53.000,42.00,2.00,-19.0,10.00,3.08
HR7777,HR7777,2000,20,18,49.6000,+46,19,22.000,-5.00,10.00,-9.0,0.00,6.45
HR7778,HR7778,2000,20,20,20.5000,+14,34,09.000,-1.00,4.00,8.0,0.00,6.13
HR7779,ka1Sgr,2000,20,22,27.5000,-42,02,59.000,36.00,-90.00,-12.0,35.00,5.59
HR7780,HR7780,2000,20,20,21.4000,+17,47,35.000,20.00,-33.00,-33.0,0.00,5.80
HR7781,HR7781,2000,20,18,24.8000,+55,23,50.000,-6.00,-23.00,1.0,3.00,5.76
HR7782,HR7782,2000,20,19,48.3000,+37,07,57.000,10.00,-11.00,-19.0,0.00,6.57
HR7783,HR7783,2000,20,17,31.3000,+66,51,14.000,466.00,300.00,-5.0,67.00,5.93
HR7784,HR7784,2000,20,20,15.2000,+39,24,12.000,-2.00,-22.00,-1.0,3.00,6.23
HR7785,HR7785,2000,20,33,17.5000,-80,57,54.000,-4.00,-19.00,9.0,0.00,5.77
HR7786,HR7786,2000,20,19,56.1000,+46,50,15.000,1.00,10.00,-11.0,0.00,6.50
HR7787,ka2Sgr,2000,20,23,53.2000,-42,25,22.000,0.00,22.00,3.0,16.00,5.64
HR7788,HR7788,2000,20,23,00.8000,-09,39,17.000,24.00,-18.00,-17.0,0.00,6.30
HR7789,25Vul,2000,20,22,03.4000,+24,26,46.000,0.00,-7.00,-13.0,-8.00,5.54
HR7790,alPav,2000,20,25,38.9000,-56,44,06.000,7.00,-89.00,2.0,0.00,1.94
HR7791,HR7791,2000,20,20,30.4000,+53,35,46.000,-16.00,14.00,-4.0,0.00,6.18
HR7792,71Dra,2000,20,19,36.7000,+62,15,27.000,10.00,26.00,-19.0,0.00,5.72
HR7793,HR7793,2000,20,22,52.3000,+14,33,05.000,75.00,-1.00,2.0,34.00,6.17
HR7794,HR7794,2000,20,23,10.7000,+05,20,35.000,-26.00,-39.00,-12.0,2.00,5.31
HR7795,HR7795,2000,20,22,03.0000,+41,07,53.000,-4.00,-31.00,-4.0,0.00,6.39
HR7796,gaCyg,2000,20,22,13.7000,+40,15,24.000,4.00,0.00,-8.0,3.00,2.20
HR7797,HR7797,2000,20,22,37.4000,+31,15,54.000,5.00,-27.00,12.0,0.00,6.09
HR7798,HR7798,2000,20,22,05.4000,+45,47,42.000,28.00,44.00,-22.0,0.00,5.58
HR7799,HR7799,2000,20,25,47.9000,-40,47,47.000,-102.00,-93.00,42.0,0.00,6.09
HR7800,HR7800,2000,20,22,45.3000,+41,01,34.000,1.00,-47.00,1.0,0.00,5.93
HR7801,HR7801,2000,20,25,26.8000,-28,39,48.000,14.00,7.00,-7.0,38.00,5.85
HR7802,HR7802,2000,20,22,55.5000,+42,59,00.000,53.00,36.00,-20.0,14.00,6.20
HR7803,HR7803,2000,20,24,37.5000,+01,04,07.000,3.00,7.00,-9.0,0.00,6.15
HR7804,HR7804,2000,20,20,06.0000,+68,52,49.000,17.00,25.00,-43.0,0.00,5.55
HR7805,HR7805,2000,20,21,11.4000,+63,58,49.000,-4.00,23.00,30.0,0.00,5.69
HR7806,39Cyg,2000,20,23,51.7000,+32,11,24.000,49.00,-5.00,-15.0,14.00,4.43
HR7807,HR7807,2000,20,23,44.4000,+37,28,35.000,4.00,-4.00,-30.0,0.00,5.90
HR7808,HR7808,2000,20,26,53.0000,-37,24,11.000,-242.00,-116.00,23.0,42.00,6.25
HR7809,HR7809,2000,20,25,42.5000,-02,48,01.000,-7.00,-30.00,24.0,0.00,6.11
HR7810,HR7810,2000,20,25,44.0000,+10,03,23.000,2.00,-30.00,-77.0,0.00,6.33
HR7811,HR7811,2000,20,25,40.5000,+21,24,35.000,10.00,-11.00,-22.0,0.00,5.66
HR7812,HR7812,2000,20,38,18.6000,-81,17,20.000,-5.00,-30.00,0.0,0.00,5.91
HR7813,HR7813,2000,20,26,01.2000,+19,51,54.000,29.00,2.00,-30.0,0.00,6.41
HR7814,piCap,2000,20,27,19.2000,-18,12,42.000,15.00,-11.00,-13.0,0.00,5.25
HR7815,HR7815,2000,20,24,32.4000,+53,33,07.000,10.00,15.00,-19.0,0.00,6.51
HR7816,HR7816,2000,20,26,23.2000,+17,18,56.000,8.00,-6.00,-17.0,0.00,6.22
HR7817,HR7817,2000,20,28,46.7000,-35,35,45.000,8.00,-21.00,-9.0,0.00,6.10
HR7818,HR7818,2000,20,25,05.1000,+59,36,00.000,10.00,-7.00,-22.0,5.00,6.44
HR7819,HR7819,2000,20,28,43.6000,-15,44,30.000,10.00,-8.00,-18.0,0.00,6.41
HR7820,HR7820,2000,20,28,07.5000,+08,26,15.000,43.00,17.00,-11.0,0.00,6.25
HR7821,68Aql,2000,20,28,24.9000,-03,21,28.000,23.00,-15.00,-9.0,0.00,6.13
HR7822,rhCap,2000,20,28,51.6000,-17,48,49.000,-14.00,-21.00,18.0,47.00,4.78
HR7823,HR7823,2000,20,27,07.7000,+34,19,44.000,-6.00,-3.00,-14.0,0.00,6.39
HR7824,HR7824,2000,20,28,16.8000,+02,56,13.000,49.00,-2.00,-22.0,0.00,6.21
HR7825,HR7825,2000,20,29,31.3000,-22,23,30.000,11.00,-31.00,56.0,0.00,6.16
HR7826,40Cyg,2000,20,27,34.3000,+38,26,25.000,-23.00,-70.00,0.0,21.00,5.62
HR7827,HR7827,2000,20,26,23.5000,+56,38,20.000,14.00,10.00,-21.0,0.00,6.36
HR7828,43Cyg,2000,20,27,02.3000,+49,23,00.000,71.00,60.00,-20.0,12.00,5.69
HR7829,omiCap,2000,20,29,52.5000,-18,35,12.000,20.00,-89.00,-16.0,0.00,6.74
HR7830,omiCap,2000,20,29,53.9000,-18,35,00.000,26.00,-82.00,-12.0,0.00,5.94
HR7831,69Aql,2000,20,29,39.0000,-02,53,08.000,73.00,-21.00,-23.0,21.00,4.91
HR7832,HR7832,2000,20,30,56.8000,-29,06,45.000,15.00,3.00,-20.0,0.00,6.39
HR7833,HR7833,2000,20,29,21.1000,+20,05,16.000,-25.00,-2.00,4.0,0.00,6.55
HR7834,41Cyg,2000,20,29,23.7000,+30,22,07.000,7.00,0.00,-18.0,14.00,4.01
HR7835,42Cyg,2000,20,29,20.4000,+36,27,17.000,4.00,-1.00,-18.0,0.00,5.88
HR7836,1Del,2000,20,30,18.0000,+10,53,45.000,21.00,3.00,-16.0,-0.00,6.08
HR7837,HR7837,2000,20,31,04.3000,-15,03,23.000,-41.00,-56.00,30.0,0.00,6.12
HR7838,HR7838,2000,20,35,51.7000,-69,36,40.000,29.00,-61.00,-5.0,0.00,6.11
HR7839,HR7839,2000,20,30,58.1000,+20,36,21.000,93.00,45.00,-40.0,0.00,6.18
HR7840,HR7840,2000,20,31,13.0000,+11,15,38.000,0.00,-3.00,-11.0,0.00,7.11
HR7841,HR7841,2000,20,29,59.9000,+45,55,43.000,71.00,154.00,-31.0,7.00,6.41
HR7842,HR7842,2000,20,32,52.4000,-24,56,38.000,10.00,-41.00,-11.0,0.00,6.36
HR7843,HR7843,2000,20,29,27.1000,+56,04,05.000,2.00,5.00,-22.0,0.00,5.91
HR7844,ome1Cyg,2000,20,30,03.5000,+48,57,06.000,13.00,8.00,-22.0,0.00,4.95
HR7845,HR7845,2000,20,32,23.7000,-09,51,12.000,308.00,104.00,9.0,33.00,5.65
HR7846,nuMic,2000,20,33,55.1000,-44,30,58.000,11.00,-43.00,9.0,7.00,5.11
HR7847,44Cyg,2000,20,30,59.2000,+36,56,09.000,3.00,-4.00,-22.0,0.00,6.19
HR7848,ph1Pav,2000,20,35,34.8000,-60,34,54.000,68.00,-182.00,-20.0,26.00,4.76
HR7849,HR7849,2000,20,31,58.2000,+25,48,16.000,32.00,-33.00,-18.0,9.00,6.34
HR7850,thCep,2000,20,29,34.9000,+62,59,39.000,44.00,-13.00,-7.0,38.00,4.22
HR7851,ome2Cyg,2000,20,31,18.8000,+49,13,13.000,12.00,-28.00,-64.0,0.00,5.44
HR7852,epDel,2000,20,33,12.8000,+11,18,12.000,13.00,-22.00,-19.0,25.00,4.03
HR7853,HR7853,2000,20,34,55.5000,-38,05,23.000,18.00,-5.00,21.0,0.00,6.44
HR7854,HR7854,2000,20,31,21.1000,+52,18,35.000,36.00,68.00,-10.0,0.00,6.18
HR7855,HR7855,2000,20,34,11.7000,-13,43,16.000,69.00,70.00,-43.0,0.00,6.13
HR7856,HR7856,2000,20,34,47.4000,-30,28,25.000,18.00,-20.00,3.0,0.00,6.40
HR7857,HR7857,2000,20,33,53.6000,+10,03,35.000,-7.00,7.00,-13.0,0.00,6.56
HR7858,etDel,2000,20,33,57.0000,+13,01,38.000,72.00,26.00,-25.0,10.00,5.38
HR7859,rhPav,2000,20,37,35.3000,-61,31,48.000,57.00,-72.00,8.0,3.00,4.88
HR7860,HR7860,2000,20,31,46.5000,+56,46,48.000,-18.00,-7.00,-15.0,0.00,6.14
HR7861,HR7861,2000,20,32,52.3000,+43,11,30.000,7.00,1.00,-17.0,0.00,6.60
HR7862,HR7862,2000,20,34,10.0000,+20,59,07.000,15.00,-2.00,3.0,0.00,6.48
HR7863,mu1Oct,2000,20,42,02.9000,-76,10,50.000,180.00,-6.00,-36.0,0.00,6.00
HR7864,mu2Oct,2000,20,41,43.7000,-75,21,02.000,141.00,-150.00,-13.0,0.00,6.55
HR7865,HR7865,2000,20,35,32.2000,-16,31,33.000,83.00,-21.00,-1.0,0.00,6.19
HR7866,47Cyg,2000,20,33,54.2000,+35,15,03.000,2.00,-6.00,-4.0,2.00,4.61
HR7867,HR7867,2000,20,33,48.4000,+41,46,20.000,-15.00,-81.00,1.0,0.00,6.49
HR7868,HR7868,2000,20,30,00.7000,+72,31,54.000,-3.00,-22.00,-43.0,0.00,6.27
HR7869,alInd,2000,20,37,34.0000,-47,17,29.000,53.00,66.00,-1.0,46.00,3.11
HR7870,HR7870,2000,20,33,54.9000,+46,41,38.000,11.00,-1.00,-22.0,0.00,5.78
HR7871,zeDel,2000,20,35,18.5000,+14,40,27.000,46.00,13.00,-25.0,15.00,4.68
HR7872,HR7872,2000,20,39,51.4000,-62,54,28.000,12.00,-78.00,18.0,0.00,6.22
HR7873,70Aql,2000,20,36,43.6000,-02,33,00.000,13.00,-11.00,-10.0,16.00,4.89
HR7874,26Vul,2000,20,36,08.3000,+25,52,57.000,19.00,11.00,-19.0,0.00,6.41
HR7875,ph2Pav,2000,20,40,02.6000,-60,32,56.000,307.00,-570.00,-32.0,48.00,5.12
HR7876,HR7876,2000,20,34,50.4000,+51,51,15.000,-3.00,-5.00,-13.0,0.00,6.11
HR7877,HR7877,2000,20,37,52.1000,-25,06,32.000,64.00,-1.00,-26.0,0.00,6.36
HR7878,HR7878,2000,20,37,18.3000,+00,05,49.000,0.00,-18.00,-23.0,0.00,6.22
HR7879,73Dra,2000,20,31,30.4000,+74,57,17.000,5.00,-15.00,9.0,12.00,5.20
HR7880,27Vul,2000,20,37,04.7000,+26,27,43.000,17.00,-12.00,-22.0,0.00,5.59
HR7881,upPav,2000,20,41,57.1000,-66,45,39.000,9.00,-25.00,7.0,0.00,5.15
HR7882,beDel,2000,20,37,33.0000,+14,35,43.000,113.00,-33.00,-23.0,28.00,3.63
HR7883,ioDel,2000,20,37,49.1000,+11,22,40.000,40.00,-7.00,-4.0,24.00,5.43
HR7884,71Aql,2000,20,38,20.3000,-01,06,19.000,15.00,-22.00,-6.0,10.00,4.32
HR7885,48Cyg,2000,20,37,31.8000,+31,34,21.000,10.00,0.00,-19.0,0.00,6.32
HR7886,HR7886,2000,20,37,54.6000,+18,16,09.000,19.00,99.00,-66.0,0.00,6.25
HR7887,HR7887,2000,20,37,32.6000,+31,31,19.000,-45.00,-33.00,1.0,0.00,6.49
HR7888,HR7888,2000,20,37,23.6000,+38,19,43.000,10.00,-43.00,-37.0,0.00,6.20
HR7889,taCap,2000,20,39,16.4000,-14,57,17.000,7.00,-22.00,-5.0,5.00,5.22
HR7890,HR7890,2000,20,39,13.2000,-02,24,46.000,6.00,9.00,-14.0,0.00,6.22
HR7891,29Vul,2000,20,38,31.3000,+21,12,04.000,71.00,5.00,-18.0,2.00,4.82
HR7892,thDel,2000,20,38,43.9000,+13,18,54.000,-1.00,-4.00,-14.0,0.00,5.72
HR7893,HR7893,2000,20,40,19.8000,-33,25,55.000,24.00,36.00,14.0,0.00,5.47
HR7894,28Vul,2000,20,38,31.9000,+24,06,58.000,10.00,-2.00,-22.0,0.00,5.04
HR7895,HR7895,2000,20,38,35.1000,+23,40,50.000,15.00,-7.00,9.0,0.00,5.91
HR7896,kaDel,2000,20,39,07.8000,+10,05,10.000,321.00,23.00,-52.0,26.00,5.05
HR7897,1Aqr,2000,20,39,24.9000,+00,29,11.000,101.00,-15.00,-43.0,10.00,5.16
HR7898,HR7898,2000,20,40,11.7000,-23,46,26.000,491.00,464.00,-45.0,70.00,6.37
HR7899,HR7899,2000,20,39,05.0000,+15,50,17.000,1.00,-17.00,2.0,0.00,5.97
HR7900,upCap,2000,20,40,03.0000,-18,08,19.000,-22.00,-21.00,-13.0,19.00,5.10
HR7901,75Dra,2000,20,28,14.6000,+81,25,22.000,33.00,15.00,-6.0,12.00,5.46
HR7902,HR7902,2000,20,40,36.0000,-26,38,42.000,33.00,-17.00,-6.0,0.00,6.51
HR7903,HR7903,2000,20,39,10.6000,+21,49,02.000,19.00,14.00,-37.0,0.00,6.08
HR7904,HR7904,2000,20,38,59.5000,+30,20,04.000,-32.00,-58.00,13.0,13.00,5.68
HR7905,HR7905,2000,20,40,32.5000,-16,07,27.000,-67.00,71.00,-4.0,0.00,5.80
HR7906,alDel,2000,20,39,38.3000,+15,54,43.000,66.00,-2.00,-3.0,8.00,3.77
HR7907,HR7907,2000,20,39,51.8000,+11,14,59.000,60.00,88.00,-28.0,0.00,6.42
HR7908,74Dra,2000,20,29,27.5000,+81,05,29.000,64.00,222.00,-14.0,22.00,5.96
HR7909,HR7909,2000,20,41,23.7000,-31,35,54.000,113.00,-65.00,-97.0,23.00,5.76
HR7910,HR7910,2000,20,41,24.1000,-26,00,00.000,-2.00,-29.00,-26.0,0.00,6.28
HR7911,HR7911,2000,20,39,33.3000,+40,34,46.000,7.00,0.00,-15.0,3.00,6.06
HR7912,HR7912,2000,20,39,23.1000,+45,40,01.000,5.00,1.00,-15.0,0.00,6.58
HR7913,bePav,2000,20,44,57.5000,-66,12,11.000,-46.00,12.00,10.0,35.00,3.42
HR7914,HR7914,2000,20,40,45.2000,+19,56,07.000,122.00,304.00,-37.0,50.00,6.45
HR7915,HR7915,2000,20,42,53.0000,-39,33,31.000,24.00,-6.00,-7.0,0.00,6.29
HR7916,HR7916,2000,20,39,00.2000,+56,00,18.000,-5.00,-35.00,-1.0,0.00,6.48
HR7917,HR7917,2000,20,40,36.2000,+29,48,19.000,8.00,36.00,-30.0,10.00,6.08
HR7918,10Del,2000,20,41,16.2000,+14,34,59.000,-6.00,2.00,-32.0,0.00,5.99
HR7919,HR7919,2000,20,40,03.1000,+43,27,31.000,-70.00,-63.00,-19.0,0.00,5.95
HR7920,etInd,2000,20,44,02.3000,-51,55,16.000,158.00,-58.00,-2.0,49.00,4.51
HR7921,49Cyg,2000,20,41,02.6000,+32,18,26.000,7.00,-14.00,-29.0,4.00,5.51
HR7922,HR7922,2000,20,41,00.4000,+39,04,56.000,7.00,0.00,-15.0,0.00,6.51
HR7923,HR7923,2000,20,41,58.2000,+17,31,17.000,22.00,44.00,-2.0,0.00,6.22
HR7924,alCyg,2000,20,41,25.9000,+45,16,49.000,3.00,2.00,-5.0,-6.00,1.25
HR7925,HR7925,2000,20,40,17.9000,+60,30,19.000,15.00,190.00,-13.0,21.00,6.01
HR7926,HR7926,2000,20,41,56.5000,+41,43,01.000,6.00,0.00,-27.0,0.00,5.67
HR7927,HR7927,2000,20,42,22.2000,+35,27,22.000,-19.00,-9.00,-7.0,0.00,6.66
HR7928,deDel,2000,20,43,27.5000,+15,04,28.000,-19.00,-43.00,9.0,13.00,4.43
HR7929,51Cyg,2000,20,42,12.6000,+50,20,24.000,3.00,5.00,-3.0,0.00,5.39
HR7930,HR7930,2000,20,29,03.1000,+83,37,32.000,25.00,-17.00,10.0,0.00,6.19
HR7931,HR7931,2000,20,45,13.2000,-27,14,50.000,8.00,6.00,-3.0,0.00,6.50
HR7932,HR7932,2000,20,43,24.2000,+35,35,16.000,-10.00,-3.00,10.0,-8.00,6.47
HR7933,HR7933,2000,20,46,20.1000,-39,11,57.000,49.00,-30.00,-30.0,0.00,5.50
HR7934,siPav,2000,20,49,18.1000,-68,46,35.000,-69.00,-49.00,19.0,-0.00,5.41
HR7935,HR7935,2000,20,46,18.6000,-36,07,13.000,44.00,-55.00,-14.0,0.00,6.49
HR7936,psCap,2000,20,46,05.7000,-25,16,15.000,-50.00,-157.00,26.0,98.00,4.14
HR7937,17Cap,2000,20,46,10.0000,-21,30,51.000,24.00,-21.00,18.0,0.00,5.93
HR7938,HR7938,2000,20,42,39.7000,+60,36,05.000,-3.00,-14.00,-7.0,0.00,6.15
HR7939,30Vul,2000,20,44,52.5000,+25,16,14.000,-28.00,-182.00,31.0,6.00,4.91
HR7940,HR7940,2000,20,43,13.5000,+57,06,51.000,-13.00,3.00,-15.0,0.00,6.32
HR7941,HR7941,2000,20,45,28.2000,+18,05,25.000,2.00,5.00,-21.0,0.00,6.38
HR7942,52Cyg,2000,20,45,39.7000,+30,43,11.000,-10.00,28.00,-1.0,15.00,4.22
HR7943,ioMic,2000,20,48,29.2000,-43,59,19.000,185.00,-106.00,-15.0,51.00,5.11
HR7944,HR7944,2000,20,44,22.0000,+56,29,17.000,6.00,-15.00,-28.0,0.00,5.78
HR7945,4Cep,2000,20,43,11.0000,+66,39,27.000,21.00,32.00,-11.0,34.00,5.58
HR7946,HR7946,2000,20,47,03.6000,-02,29,12.000,-16.00,-16.00,28.0,0.00,6.27
HR7947,ga1Del,2000,20,46,38.7000,+16,07,28.000,-30.00,-191.00,-7.0,26.00,5.14
HR7948,ga2Del,2000,20,46,39.5000,+16,07,27.000,-32.00,-197.00,-7.0,26.00,4.27
HR7949,epCyg,2000,20,46,12.7000,+33,58,13.000,356.00,328.00,-11.0,57.00,2.46
HR7950,epAqr,2000,20,47,40.6000,-09,29,45.000,35.00,-34.00,-16.0,21.00,3.77
HR7951,3Aqr,2000,20,47,44.2000,-05,01,40.000,3.00,-40.00,-22.0,8.00,4.42
HR7952,zeInd,2000,20,49,29.0000,-46,13,37.000,40.00,24.00,-5.0,12.00,4.89
HR7953,13Del,2000,20,47,48.3000,+06,00,30.000,10.00,-6.00,-7.0,2.00,5.58
HR7954,HR7954,2000,20,47,47.8000,+03,18,24.000,31.00,21.00,-21.0,0.00,6.40
HR7955,HR7955,2000,20,45,21.1000,+57,34,47.000,-64.00,-236.00,-31.0,46.00,4.51
HR7956,HR7956,2000,20,47,10.8000,+34,22,27.000,47.00,4.00,-23.0,5.00,4.92
HR7957,etCep,2000,20,45,17.4000,+61,50,20.000,87.00,818.00,-87.0,71.00,3.43
HR7958,HR7958,2000,20,46,38.5000,+46,31,54.000,-24.00,-13.00,-6.0,0.00,6.30
HR7959,HR7959,2000,20,51,38.3000,-62,25,45.000,76.00,-47.00,-16.0,9.00,6.28
HR7960,HR7960,2000,20,51,38.8000,-62,25,45.000,78.00,-43.00,-10.0,9.00,6.59
HR7961,HR7961,2000,20,49,17.6000,-25,46,53.000,15.00,-21.00,-12.0,0.00,5.86
HR7962,HR7962,2000,20,46,21.2000,+52,59,43.000,-81.00,-103.00,-29.0,8.00,6.33
HR7963,laCyg,2000,20,47,24.5000,+36,29,27.000,9.00,-5.00,-23.0,8.00,4.53
HR7964,HR7964,2000,20,49,20.5000,-18,02,09.000,2.00,-30.00,44.0,0.00,6.21
HR7965,alMic,2000,20,49,58.1000,-33,46,47.000,10.00,-25.00,-15.0,12.00,4.90
HR7966,HR7966,2000,20,47,20.8000,+45,34,47.000,5.00,-25.00,-6.0,0.00,6.40
HR7967,HR7967,2000,20,44,33.1000,+69,45,07.000,-26.00,-27.00,-9.0,2.00,6.41
HR7968,ioInd,2000,20,51,30.1000,-51,36,30.000,7.00,-14.00,21.0,1.00,5.05
HR7969,HR7969,2000,20,47,49.3000,+47,49,55.000,-6.00,-15.00,-30.0,0.00,5.57
HR7970,HR7970,2000,20,50,47.1000,-32,03,16.000,-16.00,-61.00,-4.0,0.00,6.36
HR7971,HR7971,2000,20,51,00.7000,-37,54,48.000,-11.00,-22.00,17.0,0.00,5.52
HR7972,HR7972,2000,20,47,52.8000,+52,24,26.000,68.00,-158.00,-41.0,18.00,6.27
HR7973,15Del,2000,20,49,37.8000,+12,32,43.000,57.00,98.00,2.0,30.00,5.98
HR7974,14Del,2000,20,49,48.3000,+07,51,51.000,32.00,11.00,-30.0,0.00,6.33
HR7975,HR7975,2000,20,49,59.1000,+05,32,41.000,40.00,6.00,-22.0,0.00,6.21
HR7976,HR7976,2000,20,50,41.8000,-12,32,42.000,126.00,-70.00,-44.0,21.00,5.88
HR7977,55Cyg,2000,20,48,56.3000,+46,06,51.000,4.00,0.00,-7.0,17.00,4.84
HR7978,HR7978,2000,20,48,42.7000,+51,54,38.000,6.00,7.00,-25.0,0.00,6.29
HR7979,beMic,2000,20,51,58.8000,-33,10,38.000,15.00,14.00,-12.0,0.00,6.04
HR7980,omeCap,2000,20,51,49.3000,-26,55,09.000,-6.00,-1.00,9.0,1.00,4.11
HR7981,HR7981,2000,20,50,37.0000,+18,03,05.000,76.00,16.00,13.0,0.00,6.52
HR7982,4Aqr,2000,20,51,25.7000,-05,37,35.000,99.00,-1.00,-25.0,28.00,5.99
HR7983,HR7983,2000,20,49,54.7000,+46,39,40.000,8.00,0.00,-15.0,0.00,6.33
HR7984,56Cyg,2000,20,50,04.9000,+44,03,34.000,126.00,133.00,-21.0,25.00,5.04
HR7985,5Aqr,2000,20,52,08.7000,-05,30,25.000,2.00,0.00,-2.0,-9.00,5.55
HR7986,beInd,2000,20,54,48.6000,-58,27,15.000,17.00,-26.00,-5.0,-5.00,3.65
HR7987,HR7987,2000,20,53,40.2000,-39,48,36.000,44.00,-102.00,20.0,20.00,5.35
HR7988,HR7988,2000,20,51,28.2000,+28,15,02.000,3.00,-3.00,-1.0,6.00,5.77
HR7989,HR7989,2000,20,53,01.2000,-23,46,59.000,99.00,-53.00,-40.0,0.00,6.33
HR7990,muAqr,2000,20,52,39.2000,-08,59,00.000,44.00,-30.00,-9.0,19.00,4.73
HR7991,HR7991,2000,20,53,25.0000,-30,43,07.000,36.00,-8.00,-7.0,0.00,6.35
HR7992,HR7992,2000,20,54,35.0000,-50,43,40.000,2.00,-36.00,-4.0,0.00,6.24
HR7993,HR7993,2000,20,49,17.4000,+64,02,32.000,-6.00,-4.00,-27.0,0.00,6.45
HR7994,HR7994,2000,20,53,05.6000,-11,34,25.000,50.00,46.00,-1.0,0.00,6.38
HR7995,31Vul,2000,20,52,07.7000,+27,05,49.000,-67.00,-65.00,1.0,36.00,4.59
HR7996,HR7996,2000,20,52,00.3000,+32,50,57.000,-9.00,6.00,-18.0,0.00,6.44
HR7997,HR7997,2000,20,54,06.8000,-27,55,32.000,27.00,-25.00,25.0,0.00,6.41
HR7998,HR7998,2000,20,53,58.4000,-06,53,23.000,33.00,-27.00,-8.0,0.00,6.44
HR7999,HR7999,2000,20,53,07.4000,+29,38,58.000,-1.00,-47.00,-10.0,0.00,6.34
HR8000,19Cap,2000,20,54,47.9000,-17,55,23.000,-51.00,-20.00,-39.0,0.00,5.78
HR8001,57Cyg,2000,20,53,14.8000,+44,23,14.000,10.00,1.00,-20.0,0.00,4.78
HR8002,76Dra,2000,20,42,35.2000,+82,31,52.000,29.00,23.00,-20.0,0.00,5.75
HR8003,HR8003,2000,20,53,18.6000,+45,10,55.000,14.00,3.00,-24.0,-5.00,5.45
HR8004,HR8004,2000,20,53,26.4000,+42,24,37.000,11.00,2.00,-7.0,0.00,6.66
HR8005,HR8005,2000,20,53,53.9000,+33,26,16.000,-21.00,38.00,-10.0,0.00,5.47
HR8006,HR8006,2000,20,55,08.1000,-01,22,24.000,-2.00,20.00,-9.0,0.00,6.55
HR8007,HR8007,2000,20,54,22.4000,+28,31,19.000,7.00,-10.00,-6.0,0.00,6.56
HR8008,32Vul,2000,20,54,33.6000,+28,03,27.000,0.00,-2.00,8.0,3.00,5.01
HR8009,HR8009,2000,20,54,22.3000,+40,42,11.000,10.00,3.00,-22.0,0.00,6.70
HR8010,HR8010,2000,20,55,40.7000,+04,31,58.000,70.00,10.00,-31.0,-12.00,6.05
HR8011,17Del,2000,20,55,36.7000,+13,43,17.000,21.00,-14.00,-10.0,17.00,5.17
HR8012,16Del,2000,20,55,38.6000,+12,34,07.000,40.00,18.00,2.0,0.00,5.58
HR8013,HR8013,2000,20,56,47.3000,-26,17,47.000,93.00,-65.00,-16.0,39.00,5.70
HR8014,HR8014,2000,20,56,18.3000,-03,33,41.000,27.00,18.00,-29.0,0.00,6.57
HR8015,7Aqr,2000,20,56,54.0000,-09,41,51.000,-3.00,-10.00,-33.0,0.00,5.51
HR8016,HR8016,2000,20,47,33.4000,+80,33,08.000,-31.00,-37.00,-26.0,11.00,5.39
HR8017,HR8017,2000,20,57,10.6000,+00,27,49.000,18.00,-65.00,-26.0,0.00,6.05
HR8018,HR8018,2000,20,57,40.6000,-16,01,54.000,53.00,1.00,-1.0,0.00,5.87
HR8019,HR8019,2000,21,01,28.1000,-68,12,35.000,-10.00,-2.00,9.0,0.00,6.37
HR8020,HR8020,2000,20,55,49.8000,+47,25,04.000,-3.00,-2.00,-15.0,0.00,5.67
HR8021,alOct,2000,21,04,43.0000,-77,01,26.000,6.00,-369.00,45.0,25.00,5.15
HR8022,HR8022,2000,20,56,12.9000,+51,04,30.000,17.00,4.00,-18.0,0.00,6.63
HR8023,HR8023,2000,20,56,34.7000,+44,55,30.000,-5.00,8.00,-6.0,0.00,5.96
HR8024,HR8024,2000,20,58,41.9000,-14,28,58.000,-42.00,-2.00,10.0,0.00,6.01
HR8025,HR8025,2000,20,56,25.5000,+50,43,43.000,41.00,-15.00,-15.0,0.00,5.81
HR8026,HR8026,2000,20,56,25.9000,+49,11,45.000,9.00,7.00,-15.0,4.00,5.90
HR8027,HR8027,2000,21,00,21.5000,-51,15,55.000,-84.00,130.00,-23.0,0.00,5.76
HR8028,nuCyg,2000,20,57,10.4000,+41,10,02.000,12.00,-16.00,-28.0,10.00,3.94
HR8029,HR8029,2000,20,56,17.0000,+56,53,15.000,4.00,2.00,-19.0,0.00,6.23
HR8030,18Del,2000,20,58,25.9000,+10,50,21.000,-51.00,-36.00,0.0,0.00,5.48
HR8031,HR8031,2000,20,59,59.7000,-36,07,47.000,106.00,-61.00,16.0,0.00,6.11
HR8032,33Vul,2000,20,58,16.4000,+22,19,33.000,-3.00,-3.00,-28.0,0.00,5.31
HR8033,20Cap,2000,20,59,36.1000,-19,02,07.000,11.00,-13.00,-10.0,0.00,6.25
HR8034,epEqu,2000,20,59,04.4000,+04,17,37.000,-109.00,-148.00,18.0,21.00,5.23
HR8035,HR8035,2000,20,58,19.5000,+44,28,18.000,106.00,72.00,-23.0,16.00,5.55
HR8036,HR8036,2000,20,58,30.8000,+41,56,25.000,-1.00,13.00,-33.0,0.00,6.16
HR8037,HR8037,2000,20,59,50.8000,+16,49,27.000,41.00,-14.00,2.0,0.00,6.66
HR8038,HR8038,2000,21,00,03.9000,+07,30,59.000,29.00,20.00,-20.0,9.00,5.99
HR8039,gaMic,2000,21,01,17.5000,-32,15,28.000,-2.00,5.00,18.0,34.00,4.67
HR8040,HR8040,2000,20,58,30.1000,+50,27,44.000,13.00,10.00,-21.0,8.00,5.61
HR8041,11Aqr,2000,21,00,33.8000,-04,43,49.000,51.00,-137.00,-17.0,33.00,6.21
HR8042,HR8042,2000,21,02,12.6000,-43,00,07.000,60.00,-103.00,-31.0,18.00,6.64
HR8043,HR8043,2000,20,54,44.3000,+75,55,32.000,29.00,43.00,-25.0,0.00,6.05
HR8044,HR8044,2000,21,00,27.7000,+19,19,46.000,-16.00,-63.00,-15.0,10.00,5.65
HR8045,HR8045,2000,21,01,45.3000,-26,52,52.000,15.00,-23.00,-4.0,0.00,6.05
HR8046,HR8046,2000,21,02,27.2000,-38,31,50.000,163.00,-158.00,39.0,18.00,5.94
HR8047,59Cyg,2000,20,59,49.6000,+47,31,16.000,6.00,2.00,1.0,0.00,4.74
HR8048,zeMic,2000,21,02,58.0000,-38,37,54.000,-28.00,-111.00,5.0,24.00,5.30
HR8049,HR8049,2000,20,59,25.4000,+59,26,19.000,44.00,15.00,-17.0,2.00,5.51
HR8050,HR8050,2000,21,03,10.2000,-27,43,55.000,35.00,-44.00,-30.0,0.00,6.25
HR8051,HR8051,2000,21,01,12.9000,+36,01,34.000,-5.00,-5.00,-10.0,0.00,5.97
HR8052,HR8052,2000,21,08,47.9000,-76,12,45.000,-27.00,-22.00,37.0,0.00,6.58
HR8053,60Cyg,2000,21,01,10.9000,+46,09,21.000,6.00,8.00,-12.0,0.00,5.37
HR8054,HR8054,2000,21,02,59.6000,-00,55,29.000,7.00,-2.00,-12.0,0.00,6.50
HR8055,muInd,2000,21,05,14.2000,-54,43,38.000,10.00,-46.00,12.0,23.00,5.16
HR8056,HR8056,2000,21,03,03.0000,+01,31,55.000,-116.00,-53.00,7.0,35.00,6.25
HR8057,HR8057,2000,21,03,01.8000,+14,43,48.000,21.00,5.00,-39.0,0.00,6.31
HR8058,12Aqr,2000,21,04,04.6000,-05,49,24.000,3.00,12.00,-5.0,3.00,7.31
HR8059,12Aqr,2000,21,04,04.7000,-05,49,23.000,18.00,-9.00,1.0,3.00,5.89
HR8060,etCap,2000,21,04,24.3000,-19,51,18.000,-34.00,-37.00,24.0,55.00,4.84
HR8061,HR8061,2000,21,09,22.3000,-73,10,23.000,432.00,-331.00,-11.0,48.00,5.68
HR8062,HR8062,2000,21,02,24.1000,+44,47,28.000,-14.00,3.00,1.0,0.00,6.19
HR8063,HR8063,2000,21,03,04.8000,+38,39,27.000,16.00,-8.00,-3.0,0.00,6.07
HR8064,HR8064,2000,21,02,48.5000,+45,50,56.000,-5.00,-1.00,-12.0,9.00,6.48
HR8065,HR8065,2000,21,02,09.1000,+56,40,11.000,16.00,4.00,-21.0,4.00,5.83
HR8066,3Equ,2000,21,04,34.7000,+05,30,10.000,17.00,-2.00,-16.0,11.00,5.61
HR8067,HR8067,2000,21,04,41.7000,+02,56,31.000,13.00,1.00,-10.0,0.00,6.42
HR8068,HR8068,2000,21,04,45.4000,+02,16,11.000,98.00,-65.00,-12.0,0.00,6.33
HR8069,etMic,2000,21,06,25.5000,-41,23,10.000,26.00,-16.00,11.0,0.00,5.53
HR8070,deMic,2000,21,06,01.2000,-30,07,30.000,41.00,-68.00,22.0,0.00,5.68
HR8071,HR8071,2000,21,03,52.1000,+41,37,41.000,1.00,-54.00,-8.0,0.00,6.33
HR8072,HR8072,2000,21,03,26.0000,+50,21,07.000,58.00,53.00,-22.0,0.00,6.37
HR8073,HR8073,2000,21,08,32.9000,-63,55,44.000,7.00,-11.00,-20.0,0.00,5.76
HR8074,HR8074,2000,21,03,43.3000,+46,51,43.000,-55.00,-110.00,-15.0,0.00,6.32
HR8075,thCap,2000,21,05,56.8000,-17,13,58.000,83.00,-60.00,-11.0,17.00,4.07
HR8076,HR8076,2000,21,06,24.7000,-32,20,30.000,-1.00,10.00,3.0,12.00,5.18
HR8077,4Equ,2000,21,05,26.7000,+05,57,30.000,-90.00,-129.00,-22.0,15.00,5.94
HR8078,HR8078,2000,21,03,47.6000,+53,17,10.000,40.00,37.00,-16.0,0.00,5.90
HR8079,xiCyg,2000,21,04,55.9000,+43,55,40.000,8.00,1.00,-20.0,7.00,3.72
HR8080,24Cap,2000,21,07,07.7000,-25,00,21.000,-23.00,-43.00,32.0,22.00,4.50
HR8081,HR8081,2000,21,11,20.7000,-72,32,39.000,26.00,-22.00,-15.0,0.00,6.20
HR8082,HR8082,2000,21,06,23.5000,+26,55,28.000,44.00,-17.00,-6.0,0.00,6.12
HR8083,HR8083,2000,21,07,44.6000,-17,27,19.000,18.00,-27.00,-21.0,0.00,6.17
HR8084,HR8084,2000,21,06,30.3000,+31,11,05.000,7.00,-4.00,0.0,0.00,5.82
HR8085,61Cyg,2000,21,06,54.6000,+38,44,45.000,4136.00,3203.00,-64.0,292.00,5.21
HR8086,61Cyg,2000,21,06,55.3000,+38,44,36.000,4126.00,3208.00,-64.0,294.00,6.03
HR8087,chCap,2000,21,08,33.6000,-21,11,37.000,22.00,-60.00,-7.0,46.00,5.30
HR8088,HR8088,2000,21,07,33.6000,+15,39,31.000,49.00,-59.00,-34.0,0.00,6.34
HR8089,63Cyg,2000,21,06,36.1000,+47,38,54.000,8.00,1.00,-26.0,8.00,4.55
HR8090,HR8090,2000,21,08,28.2000,+06,59,22.000,-6.00,3.00,20.0,0.00,6.15
HR8091,27Cap,2000,21,09,33.0000,-20,33,23.000,120.00,-124.00,-43.0,0.00,6.25
HR8092,omiPav,2000,21,13,20.5000,-70,07,35.000,40.00,-25.00,-19.0,8.00,5.02
HR8093,nuAqr,2000,21,09,35.7000,-11,22,18.000,95.00,-15.00,-12.0,17.00,4.51
HR8094,HR8094,2000,21,08,38.9000,+30,12,21.000,25.00,-17.00,-26.0,-6.00,5.59
HR8095,HR8095,2000,21,09,58.3000,+02,56,36.000,40.00,17.00,-44.0,0.00,6.45
HR8096,HR8096,2000,21,10,46.9000,-09,21,14.000,114.00,-56.00,-40.0,0.00,6.27
HR8097,gaEqu,2000,21,10,20.5000,+10,07,54.000,57.00,-153.00,-17.0,28.00,4.69
HR8098,6Equ,2000,21,10,31.2000,+10,02,56.000,-9.00,15.00,7.0,10.00,6.07
HR8099,HR8099,2000,21,06,23.3000,+71,25,55.000,-48.00,-116.00,2.0,30.00,5.87
HR8100,HR8100,2000,21,12,13.6000,-40,16,10.000,47.00,-222.00,11.0,42.00,5.83
HR8101,HR8101,2000,21,10,32.0000,+22,27,17.000,20.00,-8.00,-12.0,0.00,6.68
HR8102,HR8102,2000,21,11,41.3000,-14,28,20.000,39.00,4.00,-39.0,0.00,6.48
HR8103,HR8103,2000,21,09,58.6000,+45,30,09.000,4.00,-1.00,9.0,0.00,6.63
HR8104,HR8104,2000,21,13,03.1000,-39,25,31.000,186.00,-123.00,-44.0,29.00,5.26
HR8105,HR8105,2000,21,11,03.9000,+36,17,57.000,21.00,-15.00,-6.0,0.00,6.54
HR8106,HR8106,2000,21,10,15.6000,+53,33,48.000,26.00,1.00,-21.0,0.00,5.73
HR8107,HR8107,2000,21,10,31.0000,+47,41,31.000,4.00,-7.00,-9.0,0.00,6.46
HR8108,HR8108,2000,21,13,18.9000,-36,25,26.000,29.00,-13.00,0.0,0.00,5.96
HR8109,HR8109,2000,21,09,28.9000,+63,17,44.000,13.00,5.00,-24.0,0.00,6.54
HR8110,HR8110,2000,21,13,17.3000,-27,37,10.000,99.00,-116.00,-42.0,0.00,5.42
HR8111,HR8111,2000,21,18,16.1000,-75,20,48.000,13.00,-35.00,16.0,0.00,6.63
HR8112,HR8112,2000,21,05,29.3000,+78,07,35.000,20.00,29.00,-16.0,0.00,5.91
HR8113,HR8113,2000,21,09,32.0000,+68,29,25.000,-32.00,-67.00,-12.0,2.00,7.33
HR8114,HR8114,2000,21,15,45.9000,-53,15,47.000,35.00,-17.00,-13.0,0.00,5.75
HR8115,zeCyg,2000,21,12,56.2000,+30,13,37.000,1.00,-56.00,17.0,27.00,3.20
HR8116,HR8116,2000,21,13,28.8000,+15,58,57.000,43.00,-23.00,-30.0,-5.00,6.27
HR8117,HR8117,2000,21,15,14.7000,-40,30,23.000,139.00,-9.00,-42.0,0.00,6.21
HR8118,HR8118,2000,21,14,16.7000,-10,36,19.000,14.00,4.00,-4.0,0.00,6.77
HR8119,HR8119,2000,21,11,48.2000,+59,59,11.000,0.00,-5.00,-16.0,2.00,5.64
HR8120,HR8120,2000,21,13,26.3000,+36,38,01.000,-18.00,6.00,-13.0,0.00,6.05
HR8121,HR8121,2000,21,14,37.0000,+00,05,32.000,28.00,-9.00,-124.0,0.00,6.38
HR8122,HR8122,2000,21,15,06.6000,-17,20,42.000,-4.00,-20.00,4.0,0.00,6.04
HR8123,deEqu,2000,21,14,28.9000,+10,00,25.000,49.00,-305.00,-15.0,58.00,4.49
HR8124,HR8124,2000,21,15,46.8000,-36,12,39.000,32.00,-9.00,-16.0,0.00,6.12
HR8125,HR8125,2000,21,18,00.3000,-64,40,54.000,6.00,-37.00,13.0,0.00,6.31
HR8126,HR8126,2000,21,14,10.3000,+29,54,04.000,1.00,5.00,-5.0,0.00,6.17
HR8127,phCap,2000,21,15,37.9000,-20,39,06.000,13.00,2.00,-5.0,20.00,5.24
HR8128,29Cap,2000,21,15,44.9000,-15,10,17.000,27.00,5.00,-38.0,-0.00,5.28
HR8129,HR8129,2000,21,32,04.2000,-84,48,36.000,45.00,-27.00,15.0,0.00,6.45
HR8130,taCyg,2000,21,14,47.5000,+38,02,44.000,160.00,435.00,-21.0,55.00,3.72
HR8131,alEqu,2000,21,15,49.4000,+05,14,52.000,59.00,-88.00,-16.0,21.00,3.92
HR8132,HR8132,2000,21,16,39.6000,-01,36,28.000,36.00,-14.00,-26.0,0.00,6.48
HR8133,HR8133,2000,21,13,42.6000,+64,24,14.000,27.00,-105.00,30.0,24.00,6.39
HR8134,HR8134,2000,21,17,13.5000,-13,16,44.000,-22.00,-2.00,-1.0,0.00,6.40
HR8135,epMic,2000,21,17,56.3000,-32,10,21.000,58.00,-26.00,-1.0,33.00,4.71
HR8136,HR8136,2000,21,15,36.8000,+47,58,25.000,-42.00,-23.00,-26.0,0.00,6.46
HR8137,30Cap,2000,21,17,57.3000,-17,59,07.000,17.00,-2.00,-11.0,0.00,5.43
HR8138,HR8138,2000,21,16,29.6000,+42,15,05.000,3.00,-28.00,8.0,0.00,6.43
HR8139,31Cap,2000,21,18,15.7000,-17,27,44.000,36.00,4.00,-7.0,0.00,7.05
HR8140,thInd,2000,21,19,52.0000,-53,26,59.000,105.00,-72.00,-15.0,43.00,4.39
HR8141,15Aqr,2000,21,18,11.1000,-04,31,10.000,11.00,15.00,-9.0,8.00,5.82
HR8142,HR8142,2000,21,18,54.4000,-28,45,56.000,-181.00,-58.00,38.0,0.00,6.40
HR8143,siCyg,2000,21,17,25.0000,+39,23,41.000,1.00,-3.00,-4.0,11.00,4.23
HR8144,HR8144,2000,21,17,23.2000,+42,41,00.000,15.00,-8.00,-20.0,0.00,6.19
HR8145,HR8145,2000,21,20,09.5000,-45,01,20.000,0.00,-10.00,2.0,0.00,6.00
HR8146,upCyg,2000,21,17,55.1000,+34,53,49.000,14.00,-2.00,4.0,19.00,4.43
HR8147,HR8147,2000,21,17,02.0000,+53,59,51.000,31.00,33.00,-8.0,0.00,6.13
HR8148,HR8148,2000,21,19,45.8000,-26,21,11.000,-539.00,-357.00,-30.0,56.00,6.56
HR8149,HR8149,2000,21,18,52.0000,+11,12,12.000,26.00,15.00,-37.0,0.00,5.96
HR8150,HR8150,2000,21,17,14.3000,+55,47,53.000,18.00,17.00,-19.0,0.00,5.98
HR8151,th1Mic,2000,21,20,45.6000,-40,48,35.000,69.00,-5.00,2.0,12.00,4.82
HR8152,HR8152,2000,21,21,16.4000,-49,56,16.000,-21.00,-151.00,22.0,0.00,6.38
HR8153,HR8153,2000,21,17,18.8000,+58,36,42.000,1.00,3.00,-17.0,0.00,6.42
HR8154,68Cyg,2000,21,18,27.2000,+43,56,45.000,6.00,-9.00,1.0,0.00,5.00
HR8155,HR8155,2000,21,18,55.3000,+41,02,27.000,-6.00,9.00,7.0,0.00,6.15
HR8156,HR8156,2000,21,24,16.7000,-69,44,03.000,5.00,-18.00,1.0,0.00,6.41
HR8157,HR8157,2000,21,19,22.2000,+38,14,15.000,11.00,-6.00,8.0,0.00,5.83
HR8158,HR8158,2000,21,20,14.0000,+22,01,35.000,3.00,10.00,-17.0,0.00,6.29
HR8159,HR8159,2000,21,25,18.1000,-71,47,58.000,18.00,-7.00,11.0,0.00,6.09
HR8160,16Aqr,2000,21,21,04.3000,-04,33,36.000,-12.00,11.00,-6.0,14.00,5.87
HR8161,HR8161,2000,21,19,28.8000,+49,30,37.000,17.00,2.00,-23.0,1.00,5.76
HR8162,alCep,2000,21,18,34.8000,+62,35,08.000,151.00,49.00,-10.0,68.00,2.44
HR8163,9Equ,2000,21,21,04.8000,+07,21,16.000,41.00,-19.00,-20.0,0.00,5.82
HR8164,HR8164,2000,21,19,15.8000,+58,37,25.000,5.00,-1.00,-21.0,4.00,5.66
HR8165,HR8165,2000,21,21,04.4000,+23,51,21.000,243.00,-120.00,-89.0,-5.00,5.57
HR8166,HR8166,2000,21,20,50.1000,+32,27,10.000,53.00,-33.00,-29.0,18.00,5.68
HR8167,ioCap,2000,21,22,14.8000,-16,50,04.000,33.00,4.00,12.0,33.00,4.28
HR8168,HR8168,2000,21,15,42.2000,+77,00,44.000,13.00,10.00,15.0,0.00,5.95
HR8169,HR8169,2000,21,21,22.0000,+32,36,46.000,18.00,-11.00,-3.0,7.00,6.04
HR8170,HR8170,2000,21,21,01.4000,+40,20,44.000,-19.00,-207.00,1.0,34.00,6.40
HR8171,6Cep,2000,21,19,22.2000,+64,52,19.000,6.00,4.00,-18.0,-15.00,5.18
HR8172,HR8172,2000,21,23,00.5000,-22,40,08.000,37.00,10.00,-7.0,0.00,5.60
HR8173,1Peg,2000,21,22,05.2000,+19,48,16.000,106.00,64.00,-76.0,14.00,4.08
HR8174,HR8174,2000,21,13,21.5000,+81,13,51.000,-9.00,0.00,-1.0,0.00,6.15
HR8175,17Aqr,2000,21,22,56.3000,-09,19,10.000,-25.00,-26.00,18.0,0.00,5.99
HR8176,HR8176,2000,21,33,54.4000,-82,40,59.000,18.00,0.00,-5.0,0.00,6.38
HR8177,HR8177,2000,21,24,20.8000,-46,36,54.000,42.00,-22.00,-24.0,0.00,6.31
HR8178,beEqu,2000,21,22,53.6000,+06,48,40.000,56.00,10.00,-11.0,28.00,5.16
HR8179,HR8179,2000,21,20,33.5000,+60,45,25.000,-40.00,-1.00,-27.0,0.00,6.11
HR8180,th2Mic,2000,21,24,24.8000,-41,00,24.000,31.00,0.00,11.0,6.00,5.77
HR8181,gaPav,2000,21,26,26.6000,-65,21,58.000,79.00,799.00,-30.0,111.00,4.22
HR8182,HR8182,2000,21,22,41.9000,+30,18,35.000,15.00,4.00,-25.0,0.00,6.05
HR8183,33Cap,2000,21,24,09.6000,-20,51,07.000,-7.00,-125.00,22.0,21.00,5.41
HR8184,HR8184,2000,21,24,07.9000,-22,44,49.000,-28.00,-3.00,14.0,0.00,6.38
HR8185,HR8185,2000,21,22,00.4000,+49,23,20.000,34.00,67.00,-2.0,11.00,5.69
HR8186,HR8186,2000,21,22,46.9000,+38,38,03.000,4.00,-24.00,-15.0,0.00,6.63
HR8187,18Aqr,2000,21,24,11.5000,-12,52,41.000,91.00,8.00,8.0,0.00,5.49
HR8188,gaInd,2000,21,26,15.4000,-54,39,38.000,4.00,36.00,7.0,0.00,6.12
HR8189,HR8189,2000,21,23,23.0000,+37,24,24.000,46.00,25.00,-27.0,0.00,6.58
HR8190,HR8190,2000,21,23,58.8000,+24,16,27.000,136.00,22.00,-18.0,27.00,5.71
HR8191,HR8191,2000,21,24,24.6000,+10,10,27.000,72.00,21.00,-33.0,0.00,6.35
HR8192,20Aqr,2000,21,24,51.7000,-03,23,54.000,-6.00,-53.00,-23.0,0.00,6.36
HR8193,HR8193,2000,21,23,48.3000,+37,21,05.000,-9.00,-7.00,-3.0,0.00,6.47
HR8194,HR8194,2000,21,24,07.4000,+25,18,44.000,39.00,0.00,-19.0,0.00,6.15
HR8195,19Aqr,2000,21,25,13.1000,-09,44,55.000,24.00,-171.00,-21.0,7.00,5.70
HR8196,HR8196,2000,21,28,44.9000,-69,30,19.000,75.00,-47.00,43.0,23.00,5.34
HR8197,HR8197,2000,21,24,23.1000,+24,31,44.000,33.00,0.00,-24.0,0.00,6.32
HR8198,HR8198,2000,21,24,34.0000,+26,10,28.000,48.00,2.00,-3.0,13.00,5.68
HR8199,21Aqr,2000,21,25,17.0000,-03,33,24.000,-8.00,-65.00,-24.0,0.00,5.49
HR8200,HR8200,2000,21,26,22.9000,-37,49,46.000,163.00,-12.00,-76.0,0.00,5.63
HR8201,HR8201,2000,21,33,20.6000,-80,02,21.000,6.00,-12.00,21.0,0.00,6.47
HR8202,HR8202,2000,21,27,01.6000,-42,32,52.000,-49.00,17.00,18.0,0.00,5.51
HR8203,HR8203,2000,21,25,51.5000,+00,32,04.000,40.00,13.00,-9.0,0.00,6.46
HR8204,zeCap,2000,21,26,40.0000,-22,24,41.000,1.00,23.00,3.0,-10.00,3.74
HR8205,HR8205,2000,21,26,28.1000,+01,06,12.000,113.00,-163.00,11.0,28.00,6.13
HR8206,HR8206,2000,21,24,55.5000,+49,19,24.000,-15.00,-7.00,1.0,0.00,6.58
HR8207,35Cap,2000,21,27,14.8000,-21,11,46.000,-26.00,-30.00,23.0,0.00,5.78
HR8208,HR8208,2000,21,25,19.6000,+46,42,52.000,195.00,48.00,1.0,39.00,5.60
HR8209,69Cyg,2000,21,25,47.0000,+36,40,03.000,6.00,-5.00,3.0,0.00,5.94
HR8210,HR8210,2000,21,26,26.7000,+19,22,32.000,81.00,14.00,-11.0,0.00,6.07
HR8211,HR8211,2000,21,29,00.3000,-53,42,21.000,81.00,-25.00,10.0,0.00,6.39
HR8212,HR8212,2000,21,28,13.9000,-11,34,06.000,9.00,-48.00,23.0,0.00,6.61
HR8213,36Cap,2000,21,28,43.4000,-21,48,26.000,138.00,-6.00,-22.0,23.00,4.51
HR8214,5PsA,2000,21,29,03.8000,-31,14,19.000,22.00,-11.00,-0.0,0.00,6.50
HR8215,70Cyg,2000,21,27,21.4000,+37,07,00.000,0.00,2.00,-20.0,0.00,5.31
HR8216,HR8216,2000,21,26,51.6000,+48,50,06.000,60.00,23.00,-13.0,8.00,5.31
HR8217,35Vul,2000,21,27,40.1000,+27,36,31.000,41.00,18.00,-8.0,19.00,5.41
HR8218,HR8218,2000,21,26,45.0000,+52,53,55.000,17.00,8.00,-30.0,18.00,6.03
HR8219,HR8219,2000,21,28,24.8000,+08,11,44.000,11.00,-25.00,-6.0,0.00,6.40
HR8220,HR8220,2000,21,28,08.3000,+32,13,31.000,137.00,83.00,-24.0,23.00,5.80
HR8221,HR8221,2000,21,28,59.9000,+17,54,21.000,-15.00,-1.00,-12.0,0.00,6.44
HR8222,HR8222,2000,21,29,59.6000,-19,08,52.000,34.00,-45.00,-12.0,0.00,6.57
HR8223,HR8223,2000,21,28,59.9000,+22,10,46.000,45.00,11.00,-22.0,0.00,5.93
HR8224,HR8224,2000,21,27,25.3000,+59,45,00.000,-22.00,-18.00,-16.0,0.00,6.10
HR8225,2Peg,2000,21,29,56.9000,+23,38,20.000,24.00,4.00,-19.0,13.00,4.57
HR8226,HR8226,2000,21,28,52.7000,+55,25,07.000,14.00,11.00,-7.0,0.00,6.12
HR8227,7Cep,2000,21,27,46.1000,+66,48,33.000,-14.00,-19.00,3.0,6.00,5.44
HR8228,71Cyg,2000,21,29,27.0000,+46,32,26.000,45.00,104.00,-19.0,23.00,5.24
HR8229,xiGru,2000,21,32,05.9000,-41,10,45.000,18.00,15.00,-8.0,12.00,5.29
HR8230,6PsA,2000,21,32,14.6000,-33,56,41.000,-1.00,-4.00,16.0,0.00,5.97
HR8231,HR8231,2000,21,31,09.6000,+12,08,15.000,19.00,-14.00,-10.0,0.00,6.08
HR8232,beAqr,2000,21,31,33.5000,-05,34,16.000,21.00,-8.00,7.0,6.00,2.91
HR8233,HR8233,2000,21,33,17.7000,-52,44,15.000,-5.00,-9.00,34.0,0.00,6.41
HR8234,HR8234,2000,21,38,56.2000,-79,26,33.000,59.00,-22.00,-6.0,0.00,6.18
HR8235,HR8235,2000,21,32,33.3000,-24,35,26.000,73.00,7.00,-9.0,0.00,6.43
HR8236,HR8236,2000,21,33,23.5000,-44,50,55.000,-17.00,-7.00,11.0,0.00,5.57
HR8237,HR8237,2000,21,30,20.4000,+52,57,29.000,24.00,15.00,-17.0,0.00,6.02
HR8238,beCep,2000,21,28,39.6000,+70,33,39.000,10.00,7.00,-8.0,14.00,3.23
HR8239,HR8239,2000,21,24,49.7000,+80,31,29.000,44.00,-16.00,3.0,0.00,5.97
HR8240,HR8240,2000,21,32,27.1000,+23,23,40.000,36.00,2.00,-16.0,0.00,6.70
HR8241,HR8241,2000,21,34,17.0000,-42,55,30.000,-41.00,-24.00,9.0,0.00,6.32
HR8242,HR8242,2000,21,31,27.5000,+52,37,12.000,9.00,3.00,-23.0,0.00,6.16
HR8243,HR8243,2000,21,30,59.3000,+60,27,34.000,-2.00,-1.00,-15.0,0.00,5.53
HR8244,HR8244,2000,21,34,53.0000,-29,41,46.000,17.00,-17.00,-15.0,0.00,6.41
HR8245,37Cap,2000,21,34,51.0000,-20,05,04.000,-37.00,31.00,6.0,0.00,5.69
HR8246,HR8246,2000,21,32,56.6000,+49,58,40.000,20.00,15.00,-33.0,0.00,5.75
HR8247,HR8247,2000,21,35,15.9000,-23,27,15.000,77.00,-8.00,-15.0,0.00,6.40
HR8248,HR8248,2000,21,33,17.9000,+45,51,15.000,-1.00,3.00,-5.0,0.00,6.25
HR8249,HR8249,2000,21,38,02.9000,-64,49,27.000,32.00,-10.00,-9.0,0.00,6.20
HR8250,HR8250,2000,21,34,34.0000,+22,45,17.000,14.00,-41.00,14.0,0.00,6.47
HR8251,HR8251,2000,21,35,17.6000,-03,58,59.000,-5.00,1.00,-2.0,1.00,5.77
HR8252,rhCyg,2000,21,33,58.9000,+45,35,31.000,-23.00,-94.00,7.0,2.00,4.02
HR8253,8PsA,2000,21,36,11.0000,-26,10,17.000,111.00,-23.00,-19.0,0.00,5.73
HR8254,nuOct,2000,21,41,28.5000,-77,23,24.000,45.00,-240.00,34.0,53.00,3.76
HR8255,72Cyg,2000,21,34,46.6000,+38,32,03.000,124.00,99.00,-66.0,12.00,4.90
HR8256,7PsA,2000,21,36,48.9000,-33,02,53.000,89.00,-3.00,-2.0,0.00,6.11
HR8257,HR8257,2000,21,35,19.0000,+28,11,50.000,128.00,-43.00,-42.0,0.00,6.31
HR8258,HR8258,2000,21,35,27.0000,+24,27,08.000,11.00,-11.00,-28.0,2.00,6.11
HR8259,HR8259,2000,21,34,27.5000,+51,41,54.000,7.00,0.00,-22.0,-6.00,6.15
HR8260,epCap,2000,21,37,04.8000,-19,27,58.000,15.00,3.00,-24.0,0.00,4.68
HR8261,HR8261,2000,21,36,13.9000,+30,03,20.000,-63.00,62.00,-20.0,0.00,6.36
HR8262,HR8262,2000,21,36,02.4000,+45,22,29.000,51.00,6.00,-14.0,0.00,5.53
HR8263,HR8263,2000,21,37,33.8000,-00,23,25.000,-15.00,-23.00,17.0,0.00,6.25
HR8264,xiAqr,2000,21,37,45.1000,-07,51,15.000,116.00,-25.00,-21.0,12.00,4.69
HR8265,3Peg,2000,21,37,43.7000,+06,37,06.000,60.00,-7.00,3.0,0.00,6.18
HR8266,74Cyg,2000,21,36,57.0000,+40,24,49.000,-1.00,13.00,7.0,20.00,5.01
HR8267,5Peg,2000,21,37,45.4000,+19,19,07.000,101.00,13.00,-25.0,7.00,5.45
HR8268,HR8268,2000,21,39,06.1000,-33,40,45.000,66.00,-51.00,-20.0,0.00,6.28
HR8269,HR8269,2000,21,39,59.7000,-52,21,33.000,-17.00,1.00,-0.0,0.00,6.21
HR8270,4Peg,2000,21,38,31.9000,+05,46,18.000,114.00,24.00,-19.0,33.00,5.67
HR8271,HR8271,2000,21,40,33.6000,-55,44,15.000,10.00,23.00,27.0,0.00,6.33
HR8272,HR8272,2000,21,37,27.9000,+44,41,48.000,-1.00,-28.00,4.0,0.00,6.20
HR8273,HR8273,2000,21,39,28.1000,-10,34,37.000,19.00,-50.00,-9.0,0.00,6.08
HR8274,HR8274,2000,21,38,45.0000,+25,29,56.000,-21.00,3.00,-14.0,0.00,6.16
HR8275,HR8275,2000,21,37,38.7000,+54,02,32.000,-19.00,0.00,2.0,0.00,6.15
HR8276,HR8276,2000,21,39,01.1000,+20,15,55.000,113.00,-3.00,-13.0,21.00,5.85
HR8277,25Aqr,2000,21,39,33.3000,+02,14,37.000,-26.00,-82.00,-35.0,6.00,5.10
HR8278,gaCap,2000,21,40,05.5000,-16,39,44.000,190.00,-23.00,-31.0,29.00,3.68
HR8279,9Cep,2000,21,37,55.2000,+62,04,55.000,-3.00,-2.00,-13.0,-8.00,4.73
HR8280,laOct,2000,21,50,54.3000,-82,43,09.000,58.00,-36.00,-11.0,11.00,5.29
HR8281,HR8281,2000,21,38,57.6000,+57,29,21.000,-1.00,-3.00,-8.0,0.00,5.62
HR8282,HR8282,2000,21,41,46.1000,-25,06,07.000,-21.00,-3.00,32.0,0.00,6.49
HR8283,42Cap,2000,21,41,32.9000,-14,02,51.000,-118.00,-307.00,-1.0,34.00,5.18
HR8284,75Cyg,2000,21,40,11.1000,+43,16,26.000,63.00,16.00,-28.0,4.00,5.11
HR8285,41Cap,2000,21,42,00.8000,-23,15,46.000,102.00,-89.00,-44.0,25.00,5.24
HR8286,HR8286,2000,21,45,28.8000,-71,00,32.000,9.00,-19.00,-4.0,0.00,6.01
HR8287,26Aqr,2000,21,42,10.1000,+01,17,07.000,1.00,-7.00,10.0,0.00,5.67
HR8288,kaCap,2000,21,42,39.5000,-18,51,59.000,147.00,-6.00,-3.0,28.00,4.73
HR8289,7Peg,2000,21,42,15.5000,+05,40,48.000,14.00,-6.00,-4.0,0.00,5.30
HR8290,HR8290,2000,21,40,43.3000,+54,52,20.000,10.00,5.00,4.0,0.00,6.20
HR8291,76Cyg,2000,21,41,34.3000,+40,48,19.000,-12.00,-46.00,3.0,13.00,6.11
HR8292,HR8292,2000,21,42,33.0000,+10,49,29.000,24.00,-2.00,6.0,0.00,6.09
HR8293,HR8293,2000,21,43,13.5000,-19,37,15.000,77.00,-11.00,-25.0,0.00,6.22
HR8294,HR8294,2000,22,45,28.6000,-88,49,06.000,16.00,-40.00,15.0,0.00,6.57
HR8295,44Cap,2000,21,43,04.4000,-14,23,59.000,-2.00,25.00,-13.0,0.00,5.88
HR8297,HR8297,2000,21,42,01.1000,+35,30,37.000,7.00,0.00,10.0,0.00,6.07
HR8298,HR8298,2000,21,42,08.4000,+45,45,57.000,6.00,-13.00,9.0,3.00,6.17
HR8299,HR8299,2000,21,44,29.5000,-38,33,09.000,81.00,-168.00,-58.0,0.00,6.30
HR8300,77Cyg,2000,21,42,22.9000,+41,04,38.000,21.00,3.00,-25.0,3.00,5.69
HR8301,pi1Cyg,2000,21,42,05.7000,+51,11,23.000,6.00,-6.00,-8.0,0.00,4.67
HR8302,45Cap,2000,21,44,01.0000,-14,44,58.000,-23.00,8.00,-4.0,0.00,5.99
HR8303,HR8303,2000,21,45,19.0000,-49,29,55.000,94.00,53.00,-51.0,0.00,6.45
HR8304,HR8304,2000,21,42,38.9000,+49,36,01.000,10.00,-2.00,-2.0,0.00,6.09
HR8305,ioPsA,2000,21,44,56.8000,-33,01,33.000,34.00,-94.00,2.0,41.00,4.34
HR8306,HR8306,2000,21,43,06.4000,+41,09,18.000,-23.00,-15.00,-23.0,0.00,5.49
HR8307,79Cyg,2000,21,43,25.7000,+38,17,02.000,36.00,4.00,-23.0,0.00,5.65
HR8308,epPeg,2000,21,44,11.2000,+09,52,30.000,31.00,-1.00,5.0,6.00,2.39
HR8309,mu1Cyg,2000,21,44,08.6000,+28,44,34.000,292.00,-241.00,18.0,49.00,4.73
HR8310,mu2Cyg,2000,21,44,08.3000,+28,44,35.000,231.00,-219.00,17.0,49.00,6.08
HR8311,46Cap,2000,21,45,00.3000,-09,04,57.000,21.00,-5.00,-5.0,2.00,5.09
HR8312,HR8312,2000,21,42,45.4000,+59,16,16.000,-3.00,10.00,-2.0,0.00,6.08
HR8313,9Peg,2000,21,44,30.7000,+17,21,00.000,12.00,-13.00,-22.0,8.00,4.34
HR8314,HR8314,2000,21,44,31.3000,+14,46,19.000,234.00,-119.00,-19.0,65.00,5.94
HR8315,kaPeg,2000,21,44,38.7000,+25,38,42.000,34.00,10.00,-8.0,35.00,4.13
HR8316,muCep,2000,21,43,30.4000,+58,46,48.000,3.00,-3.00,19.0,3.00,4.08
HR8317,11Cep,2000,21,41,55.3000,+71,18,41.000,117.00,99.00,-37.0,8.00,4.56
HR8318,47Cap,2000,21,46,16.3000,-09,16,33.000,21.00,9.00,21.0,0.00,6.00
HR8319,laCap,2000,21,46,32.1000,-11,21,57.000,31.00,-8.00,1.0,15.00,5.58
HR8320,HR8320,2000,21,45,44.5000,+35,51,26.000,94.00,12.00,-5.0,0.00,6.40
HR8321,12Peg,2000,21,46,04.4000,+22,56,56.000,10.00,-5.00,-12.0,6.00,5.29
HR8322,deCap,2000,21,47,02.4000,-16,07,38.000,263.00,-297.00,-6.0,87.00,2.87
HR8323,HR8323,2000,21,48,15.8000,-47,18,13.000,167.00,-298.00,-7.0,73.00,5.58
HR8324,HR8324,2000,21,43,04.0000,+72,19,13.000,-44.00,-38.00,-39.0,15.00,5.17
HR8325,HR8325,2000,21,46,24.0000,+25,33,48.000,166.00,44.00,-45.0,6.00,6.28
HR8326,thPsA,2000,21,47,44.2000,-30,53,54.000,-32.00,2.00,14.0,6.00,5.01
HR8327,HR8327,2000,21,44,53.3000,+62,27,38.000,-7.00,-2.00,-18.0,0.00,5.95
HR8328,11Peg,2000,21,47,14.0000,+02,41,10.000,10.00,-3.00,17.0,5.00,5.64
HR8329,HR8329,2000,21,46,16.6000,+43,03,39.000,13.00,13.00,-19.0,0.00,6.54
HR8330,HR8330,2000,21,47,04.7000,+17,11,39.000,94.00,-14.00,-19.0,0.00,6.21
HR8331,HR8331,2000,21,50,00.1000,-64,42,45.000,-3.00,-42.00,-1.0,0.00,5.62
HR8332,HR8332,2000,21,47,38.1000,-05,55,02.000,49.00,-2.00,-11.0,0.00,6.17
HR8333,omiInd,2000,21,50,47.1000,-69,37,46.000,-31.00,-2.00,20.0,29.00,5.53
HR8334,nuCep,2000,21,45,26.9000,+61,07,15.000,-3.00,-3.00,-21.0,13.00,4.29
HR8335,pi2Cyg,2000,21,46,47.6000,+49,18,34.000,4.00,-2.00,-12.0,-1.00,4.23
HR8336,HR8336,2000,21,48,08.3000,+36,34,50.000,-28.00,2.00,-31.0,0.00,6.47
HR8337,HR8337,2000,21,49,41.1000,-12,43,23.000,-3.00,15.00,0.0,0.00,6.31
HR8338,HR8338,2000,21,48,29.4000,+38,38,55.000,22.00,-2.00,-20.0,0.00,6.12
HR8339,12Cep,2000,21,47,25.3000,+60,41,34.000,-8.00,0.00,-20.0,21.00,5.52
HR8340,HR8340,2000,21,50,13.1000,-16,50,41.000,34.00,0.00,-1.0,0.00,6.38
HR8341,HR8341,2000,21,49,26.9000,+20,27,45.000,3.00,-2.00,-12.0,0.00,6.29
HR8342,HR8342,2000,21,47,01.0000,+70,09,03.000,-4.00,-26.00,-2.0,0.00,6.29
HR8343,14Peg,2000,21,49,50.7000,+30,10,27.000,19.00,-27.00,-23.0,6.00,5.04
HR8344,13Peg,2000,21,50,08.7000,+17,17,08.000,76.00,-61.00,-4.0,15.00,5.29
HR8345,HR8345,2000,21,49,40.1000,+41,08,56.000,-2.00,-7.00,-2.0,0.00,6.48
HR8346,HR8346,2000,21,51,41.8000,-18,37,23.000,148.00,-79.00,-42.0,0.00,6.16
HR8347,HR8347,2000,21,49,19.0000,+61,16,22.000,3.00,-24.00,-19.0,0.00,6.17
HR8348,HR8348,2000,21,51,34.2000,+19,49,36.000,14.00,17.00,-20.0,0.00,5.77
HR8349,HR8349,2000,21,51,04.9000,+39,32,12.000,6.00,5.00,0.0,0.00,6.17
HR8350,HR8350,2000,21,52,18.2000,+21,16,23.000,15.00,21.00,-22.0,0.00,6.89
HR8351,muCap,2000,21,53,17.8000,-13,33,06.000,313.00,13.00,-22.0,47.00,5.08
HR8352,HR8352,2000,21,55,11.5000,-61,53,11.000,50.00,-84.00,1.0,19.00,5.90
HR8353,gaGru,2000,21,53,55.7000,-37,21,54.000,102.00,-21.00,-2.0,13.00,3.01
HR8354,15Peg,2000,21,52,29.9000,+28,47,36.000,-59.00,-67.00,19.0,40.00,5.53
HR8355,HR8355,2000,21,53,36.0000,-10,18,42.000,12.00,-4.00,-11.0,0.00,6.59
HR8356,16Peg,2000,21,53,03.8000,+25,55,30.000,9.00,-2.00,-12.0,3.00,5.08
HR8357,HR8357,2000,21,52,01.0000,+55,47,49.000,13.00,3.00,-7.0,5.00,5.71
HR8358,HR8358,2000,21,53,37.4000,+19,40,06.000,13.00,13.00,6.0,0.00,5.68
HR8359,HR8359,2000,21,53,57.8000,+06,51,52.000,81.00,0.00,-10.0,0.00,6.15
HR8360,HR8360,2000,21,54,10.4000,-04,16,34.000,57.00,-93.00,-37.0,17.00,5.71
HR8361,HR8361,2000,21,51,37.3000,+65,45,10.000,-6.00,-15.00,4.0,10.00,6.37
HR8362,piInd,2000,21,56,14.0000,-57,53,58.000,16.00,11.00,7.0,0.00,6.19
HR8363,HR8363,2000,21,54,35.9000,-03,18,04.000,18.00,-28.00,-16.0,0.00,6.20
HR8364,HR8364,2000,21,54,17.4000,+19,43,06.000,-34.00,-8.00,4.0,0.00,6.39
HR8365,HR8365,2000,21,55,55.6000,-30,36,23.000,51.00,-26.00,-85.0,0.00,6.41
HR8366,HR8366,2000,21,56,22.8000,-37,15,13.000,-16.00,-2.00,28.0,0.00,5.46
HR8367,HR8367,2000,21,57,02.2000,-37,44,49.000,22.00,-3.00,1.0,0.00,6.18
HR8368,deInd,2000,21,57,55.1000,-54,59,33.000,48.00,-7.00,15.0,20.00,4.40
HR8369,ka1Ind,2000,21,58,30.1000,-59,00,44.000,5.00,26.00,40.0,0.00,6.12
HR8370,HR8370,2000,22,01,52.1000,-77,39,45.000,-31.00,-2.00,1.0,0.00,6.41
HR8371,13Cep,2000,21,54,53.2000,+56,36,41.000,-3.00,-1.00,-15.0,0.00,5.80
HR8372,HR8372,2000,21,56,24.0000,+21,14,23.000,2.00,15.00,2.0,4.00,6.40
HR8373,17Peg,2000,21,56,56.4000,+12,04,35.000,-24.00,-14.00,15.0,0.00,5.54
HR8374,HR8374,2000,21,55,20.7000,+61,32,31.000,4.00,7.00,-32.0,0.00,6.13
HR8375,HR8375,2000,21,55,31.1000,+65,19,15.000,7.00,3.00,-15.0,0.00,5.86
HR8376,HR8376,2000,21,58,13.3000,-05,25,29.000,40.00,-101.00,1.0,0.00,6.33
HR8377,HR8377,2000,21,57,02.2000,+48,40,07.000,5.00,2.00,-16.0,0.00,6.42
HR8378,HR8378,2000,21,58,43.8000,-21,10,58.000,23.00,-2.00,3.0,0.00,6.12
HR8379,HR8379,2000,21,59,17.9000,-38,23,43.000,42.00,-6.00,-10.0,0.00,5.50
HR8380,HR8380,2000,22,03,03.8000,-76,07,07.000,22.00,-80.00,7.0,0.00,5.95
HR8381,HR8381,2000,22,00,24.1000,-55,52,58.000,10.00,14.00,3.0,0.00,6.01
HR8382,HR8382,2000,21,58,55.0000,-04,22,23.000,1.00,-254.00,-44.0,34.00,6.22
HR8383,HR8383,2000,21,56,39.1000,+63,37,32.000,-5.00,-4.00,-19.0,4.00,4.91
HR8384,HR8384,2000,21,57,11.1000,+66,09,22.000,5.00,1.00,2.0,0.00,6.43
HR8385,18Peg,2000,22,00,07.9000,+06,43,03.000,15.00,4.00,-7.0,0.00,6.00
HR8386,etPsA,2000,22,00,50.2000,-28,27,13.000,16.00,6.00,-5.0,11.00,5.42
HR8387,epInd,2000,22,03,21.6000,-56,47,10.000,3961.00,-2538.00,-40.0,285.00,4.69
HR8388,HR8388,2000,21,58,53.4000,+62,41,54.000,4.00,26.00,-16.0,0.00,5.93
HR8389,HR8389,2000,21,59,23.0000,+57,39,30.000,4.00,-15.00,-3.0,0.00,6.59
HR8390,28Aqr,2000,22,01,05.0000,+00,36,18.000,10.00,-13.00,7.0,0.00,5.58
HR8391,HR8391,2000,22,00,26.8000,+33,00,22.000,-6.00,64.00,-2.0,0.00,6.46
HR8392,20Peg,2000,22,01,05.4000,+13,07,11.000,59.00,-57.00,7.0,38.00,5.60
HR8393,19Peg,2000,22,01,09.2000,+08,15,26.000,-9.00,-2.00,-23.0,0.00,5.65
HR8394,HR8394,2000,22,02,11.9000,-17,54,13.000,123.00,-60.00,-17.0,0.00,6.28
HR8395,HR8395,2000,21,57,51.0000,+74,59,48.000,-7.00,-12.00,-17.0,0.00,6.35
HR8396,29Aqr,2000,22,02,26.6000,-16,57,51.000,15.00,1.00,15.0,6.00,6.37
HR8397,HR8397,2000,22,02,01.4000,+10,58,26.000,22.00,3.00,-15.0,0.00,6.37
HR8398,HR8398,2000,22,03,17.2000,-29,54,15.000,122.00,-14.00,-12.0,0.00,7.10
HR8399,HR8399,2000,22,00,39.3000,+62,29,17.000,-1.00,7.00,-20.0,0.00,6.66
HR8400,16Cep,2000,21,59,15.0000,+73,10,48.000,-68.00,-161.00,-21.0,33.00,5.03
HR8401,30Aqr,2000,22,03,16.4000,-06,31,21.000,45.00,6.00,30.0,0.00,5.54
HR8402,omiAqr,2000,22,03,18.9000,-02,09,19.000,28.00,-12.00,12.0,0.00,4.69
HR8403,HR8403,2000,22,01,50.6000,+52,52,56.000,11.00,6.00,-22.0,0.00,5.78
HR8404,21Peg,2000,22,03,19.0000,+11,23,11.000,17.00,-12.00,-0.0,0.00,5.80
HR8405,13PsA,2000,22,04,23.9000,-29,55,00.000,14.00,1.00,23.0,0.00,6.47
HR8406,14Cep,2000,22,02,04.6000,+58,00,02.000,-2.00,0.00,-7.0,-9.00,5.56
HR8407,HR8407,2000,22,02,56.7000,+44,39,00.000,-18.00,-33.00,-1.0,0.00,5.60
HR8408,HR8408,2000,22,04,36.8000,-26,49,21.000,17.00,-15.00,-18.0,0.00,5.96
HR8409,ka2Ind,2000,22,05,50.9000,-59,38,10.000,48.00,-56.00,-11.0,0.00,5.62
HR8410,32Aqr,2000,22,04,47.4000,-00,54,24.000,-15.00,-52.00,20.0,14.00,5.30
HR8411,laGru,2000,22,06,06.9000,-39,32,36.000,-23.00,-124.00,39.0,13.00,4.46
HR8412,HR8412,2000,22,04,34.4000,+32,56,31.000,-7.00,1.00,-22.0,0.00,6.38
HR8413,nuPeg,2000,22,05,40.8000,+05,03,31.000,111.00,100.00,-16.0,14.00,4.84
HR8414,alAqr,2000,22,05,47.0000,-00,19,11.000,20.00,-10.00,8.0,12.00,2.96
HR8415,HR8415,2000,22,05,11.4000,+26,40,26.000,34.00,32.00,-25.0,0.00,5.78
HR8416,18Cep,2000,22,03,52.9000,+63,07,11.000,31.00,55.00,-4.0,-6.00,5.29
HR8417,xiCep,2000,22,03,47.4000,+64,37,40.000,209.00,85.00,-6.0,32.00,4.29
HR8418,ioAqr,2000,22,06,26.2000,-13,52,11.000,42.00,-56.00,-10.0,0.00,4.27
HR8419,23Peg,2000,22,05,34.7000,+28,57,50.000,31.00,-12.00,-12.0,0.00,5.70
HR8420,HR8420,2000,22,10,42.5000,-75,52,50.000,35.00,-2.00,51.0,0.00,6.55
HR8421,HR8421,2000,22,05,16.4000,+46,44,41.000,-42.00,-20.00,-13.0,0.00,6.13
HR8422,HR8422,2000,22,05,50.6000,+45,06,44.000,26.00,-9.00,-4.0,0.00,6.44
HR8423,HR8423,2000,21,58,12.7000,+82,52,11.000,-141.00,-41.00,-22.0,11.00,6.98
HR8424,HR8424,2000,22,06,02.0000,+45,00,52.000,-7.00,-16.00,-23.0,6.00,5.14
HR8425,alGru,2000,22,08,14.0000,-46,57,40.000,129.00,-151.00,12.0,57.00,1.74
HR8426,20Cep,2000,22,05,00.5000,+62,47,08.000,15.00,58.00,-21.0,-0.00,5.27
HR8427,HR8427,2000,22,05,51.2000,+48,13,54.000,-5.00,4.00,-18.0,0.00,6.27
HR8428,19Cep,2000,22,05,08.9000,+62,16,48.000,3.00,0.00,-13.0,0.00,5.11
HR8429,HR8429,2000,22,06,12.4000,+45,14,55.000,36.00,-10.00,-2.0,0.00,6.19
HR8430,ioPeg,2000,22,07,00.7000,+25,20,42.000,298.00,25.00,-4.0,82.00,3.76
HR8431,muPsA,2000,22,08,23.0000,-32,59,19.000,80.00,-31.00,12.0,30.00,4.50
HR8432,HR8432,2000,22,11,55.3000,-76,06,58.000,-44.00,-43.00,25.0,0.00,6.15
HR8433,upPsA,2000,22,08,26.0000,-34,02,38.000,8.00,-49.00,20.0,9.00,4.99
HR8434,HR8434,2000,22,06,13.5000,+56,20,35.000,14.00,-11.00,-20.0,0.00,6.39
HR8435,HR8435,2000,22,07,28.6000,+19,28,32.000,125.00,37.00,-15.0,16.00,5.75
HR8436,HR8436,2000,22,07,30.0000,+18,00,02.000,25.00,-40.00,-10.0,0.00,6.35
HR8437,HR8437,2000,22,08,42.7000,-33,07,32.000,22.00,29.00,-4.0,0.00,6.37
HR8438,25Peg,2000,22,07,50.3000,+21,42,10.000,-47.00,-69.00,-52.0,0.00,5.78
HR8439,35Aqr,2000,22,08,59.0000,-18,31,11.000,3.00,-12.00,-5.0,0.00,5.81
HR8440,HR8440,2000,22,09,58.0000,-48,06,26.000,77.00,-47.00,19.0,0.00,6.43
HR8441,HR8441,2000,22,08,17.2000,+25,32,37.000,-38.00,-37.00,2.0,0.00,6.11
HR8442,HR8442,2000,22,07,09.6000,+58,50,27.000,-13.00,-22.00,-10.0,17.00,6.32
HR8443,HR8443,2000,22,07,25.5000,+53,18,26.000,-7.00,-9.00,-26.0,0.00,6.14
HR8444,HR8444,2000,22,09,55.7000,-34,00,53.000,-17.00,38.00,2.0,27.00,5.37
HR8445,HR8445,2000,22,08,16.5000,+49,47,47.000,29.00,-23.00,17.0,0.00,6.42
HR8446,HR8446,2000,22,10,00.1000,-28,17,33.000,32.00,26.00,11.0,0.00,6.44
HR8447,taPsA,2000,22,10,08.8000,-32,32,54.000,434.00,13.00,-15.0,53.00,4.92
HR8448,HR8448,2000,22,08,41.0000,+45,44,31.000,-27.00,31.00,-35.0,0.00,6.11
HR8449,pi1Peg,2000,22,09,13.6000,+33,10,20.000,-59.00,-67.00,-6.0,6.00,5.58
HR8450,thPeg,2000,22,10,12.0000,+06,11,52.000,276.00,27.00,-6.0,49.00,3.53
HR8451,HR8451,2000,22,10,21.1000,-03,53,39.000,19.00,-50.00,-10.0,0.00,6.27
HR8452,38Aqr,2000,22,10,37.5000,-11,33,54.000,36.00,9.00,3.0,0.00,5.46
HR8453,HR8453,2000,22,10,33.8000,-04,16,02.000,76.00,-3.00,-18.0,0.00,6.01
HR8454,pi2Peg,2000,22,09,59.2000,+33,10,42.000,-14.00,-21.00,2.0,7.00,4.29
HR8455,HR8455,2000,22,10,19.0000,+19,37,01.000,86.00,-75.00,22.0,0.00,6.18
HR8456,HR8456,2000,22,10,22.2000,+14,37,48.000,34.00,-26.00,-42.0,0.00,6.33
HR8457,HR8457,2000,22,11,02.4000,-21,13,57.000,122.00,-33.00,-13.0,0.00,6.09
HR8458,HR8458,2000,22,10,37.4000,+11,37,28.000,-46.00,-54.00,17.0,0.00,5.78
HR8459,28Peg,2000,22,10,30.2000,+20,58,41.000,0.00,-8.00,8.0,0.00,6.46
HR8460,HR8460,2000,22,10,51.6000,+30,33,11.000,8.00,-9.00,4.0,0.00,6.32
HR8461,HR8461,2000,22,11,51.3000,+16,02,26.000,-8.00,-19.00,11.0,0.00,5.95
HR8462,39Aqr,2000,22,12,25.8000,-14,11,38.000,28.00,-42.00,15.0,0.00,6.03
HR8463,HR8463,2000,22,11,09.9000,+50,49,24.000,139.00,41.00,-8.0,8.00,5.40
HR8464,HR8464,2000,22,12,57.5000,-26,19,40.000,-19.00,-33.00,15.0,0.00,6.17
HR8465,zeCep,2000,22,10,51.3000,+58,12,04.000,15.00,4.00,-18.0,17.00,3.35
HR8466,HR8466,2000,22,12,08.0000,+24,57,00.000,-4.00,-22.00,-3.0,0.00,5.92
HR8467,HR8467,2000,22,12,43.8000,-04,43,15.000,-51.00,-35.00,2.0,0.00,6.39
HR8468,24Cep,2000,22,09,48.4000,+72,20,28.000,32.00,3.00,-15.0,17.00,4.79
HR8469,laCep,2000,22,11,30.7000,+59,24,52.000,3.00,-11.00,-74.0,6.00,5.04
HR8470,HR8470,2000,22,13,44.4000,-25,10,51.000,74.00,16.00,-28.0,0.00,5.58
HR8471,psOct,2000,22,17,50.5000,-77,30,42.000,-41.00,11.00,17.0,0.00,5.51
HR8472,HR8472,2000,22,11,48.8000,+56,50,22.000,237.00,130.00,-19.0,24.00,5.24
HR8473,HR8473,2000,22,10,15.3000,+72,06,40.000,-9.00,-28.00,-3.0,0.00,6.37
HR8474,HR8474,2000,22,10,38.9000,+70,07,58.000,-60.00,28.00,1.0,38.00,5.50
HR8475,HR8475,2000,22,12,47.8000,+34,36,17.000,20.00,-50.00,-7.0,3.00,5.33
HR8476,HR8476,2000,22,11,56.9000,+59,05,05.000,129.00,83.00,-28.0,0.00,6.30
HR8477,HR8477,2000,22,14,38.6000,-41,22,54.000,567.00,-790.00,-18.0,46.00,6.23
HR8478,laPsA,2000,22,14,18.8000,-27,46,01.000,26.00,2.00,-6.0,12.00,5.43
HR8479,HR8479,2000,22,12,01.9000,+60,45,34.000,-8.00,19.00,-3.0,0.00,5.35
HR8480,41Aqr,2000,22,14,18.0000,-21,04,27.000,16.00,66.00,-24.0,16.00,5.32
HR8481,epOct,2000,22,20,01.5000,-80,26,23.000,43.00,-45.00,12.0,0.00,5.10
HR8482,HR8482,2000,22,13,38.6000,+28,36,30.000,71.00,-1.00,-19.0,0.00,5.89
HR8483,HR8483,2000,22,12,22.3000,+63,17,29.000,-6.00,-10.00,-14.0,0.00,5.79
HR8484,HR8484,2000,22,15,35.1000,-44,27,07.000,13.00,-19.00,-4.0,0.00,6.10
HR8485,HR8485,2000,22,13,52.7000,+39,42,54.000,38.00,13.00,-11.0,20.00,4.49
HR8486,mu1Gru,2000,22,15,36.9000,-41,20,48.000,44.00,22.00,-7.0,9.00,4.79
HR8487,HR8487,2000,22,13,49.3000,+45,26,27.000,81.00,9.00,-9.0,0.00,5.53
HR8488,mu2Gru,2000,22,16,26.6000,-41,37,39.000,-5.00,-13.00,13.0,10.00,5.10
HR8489,HR8489,2000,22,14,44.4000,+42,57,14.000,49.00,-25.00,-38.0,0.00,5.71
HR8490,HR8490,2000,22,13,49.5000,+63,09,45.000,-20.00,-3.00,12.0,0.00,6.11
HR8491,HR8491,2000,22,15,59.8000,+08,32,58.000,34.00,-11.00,0.0,0.00,6.21
HR8492,HR8492,2000,22,16,37.4000,-25,53,54.000,37.00,-18.00,26.0,0.00,6.15
HR8493,HR8493,2000,22,12,52.9000,+73,18,26.000,23.00,20.00,1.0,15.00,6.08
HR8494,epCep,2000,22,15,02.0000,+57,02,37.000,447.00,48.00,-1.0,41.00,4.19
HR8495,HR8495,2000,22,16,33.6000,-01,35,47.000,-29.00,-11.00,1.0,0.00,6.15
HR8496,42Aqr,2000,22,16,48.1000,-12,49,53.000,15.00,6.00,13.0,0.00,5.34
HR8497,HR8497,2000,22,16,59.8000,-23,08,24.000,84.00,-55.00,-2.0,0.00,6.17
HR8498,1Lac,2000,22,15,58.2000,+37,44,56.000,13.00,4.00,-8.0,3.00,4.13
HR8499,thAqr,2000,22,16,50.0000,-07,47,00.000,121.00,-22.00,-15.0,21.00,4.16
HR8500,HR8500,2000,22,16,52.6000,-09,02,24.000,-47.00,-9.00,12.0,0.00,5.79
HR8501,HR8501,2000,22,18,15.6000,-53,37,40.000,429.00,-667.00,-14.0,83.00,5.37
HR8502,alTuc,2000,22,18,30.1000,-60,15,35.000,-72.00,-43.00,42.0,26.00,2.86
HR8503,HR8503,2000,22,16,29.7000,+27,48,15.000,-9.00,2.00,16.0,0.00,6.37
HR8504,44Aqr,2000,22,17,06.5000,-05,23,14.000,-2.00,20.00,7.0,0.00,5.75
HR8505,upOct,2000,22,31,37.4000,-85,58,02.000,-41.00,59.00,19.0,0.00,5.77
HR8506,HR8506,2000,22,16,26.5000,+57,13,13.000,43.00,6.00,-8.0,0.00,5.88
HR8507,HR8507,2000,22,18,04.3000,-00,14,16.000,-39.00,-62.00,17.0,0.00,6.39
HR8508,45Aqr,2000,22,19,00.8000,-13,18,18.000,79.00,-12.00,30.0,0.00,5.95
HR8509,HR8509,2000,22,20,36.2000,-57,30,36.000,22.00,-15.00,-34.0,0.00,6.34
HR8510,HR8510,2000,22,18,56.2000,+37,46,10.000,57.00,44.00,7.0,13.00,6.17
HR8511,25Cep,2000,22,18,12.7000,+62,48,16.000,46.00,15.00,-2.0,0.00,5.75
HR8512,rhAqr,2000,22,20,11.9000,-07,49,16.000,16.00,-1.00,-9.0,0.00,5.37
HR8513,30Peg,2000,22,20,27.6000,+05,47,22.000,23.00,-1.00,-8.0,0.00,5.37
HR8514,HR8514,2000,22,20,55.8000,+08,11,12.000,48.00,23.00,10.0,0.00,6.17
HR8515,nuInd,2000,22,24,36.8000,-72,15,20.000,1299.00,-678.00,21.0,31.00,5.29
HR8516,47Aqr,2000,22,21,35.6000,-21,35,54.000,-8.00,-85.00,49.0,15.00,5.13
HR8517,HR8517,2000,22,21,00.1000,+26,56,07.000,15.00,-6.00,-4.0,0.00,6.47
HR8518,gaAqr,2000,22,21,39.4000,-01,23,14.000,132.00,7.00,-15.0,46.00,3.84
HR8519,HR8519,2000,22,20,39.6000,+50,58,51.000,12.00,4.00,-9.0,0.00,6.42
HR8520,31Peg,2000,22,21,31.1000,+12,12,19.000,9.00,6.00,10.0,0.00,5.01
HR8521,pi1Gru,2000,22,22,43.9000,-45,56,52.000,7.00,-12.00,-20.0,0.00,6.62
HR8522,32Peg,2000,22,21,19.3000,+28,19,50.000,18.00,2.00,8.0,23.00,4.81
HR8523,2Lac,2000,22,21,01.6000,+46,32,12.000,23.00,5.00,-10.0,40.00,4.57
HR8524,pi2Gru,2000,22,23,08.0000,-45,55,43.000,237.00,-61.00,20.0,27.00,5.62
HR8525,HR8525,2000,22,18,20.4000,+76,29,17.000,5.00,3.00,-18.0,0.00,6.66
HR8526,HR8526,2000,22,25,51.0000,-75,00,56.000,48.00,10.00,14.0,0.00,6.04
HR8527,HR8527,2000,22,25,10.5000,-70,25,54.000,115.00,-62.00,4.0,0.00,5.78
HR8528,HR8528,2000,22,21,50.9000,+42,04,42.000,19.00,0.00,-18.0,0.00,6.41
HR8529,49Aqr,2000,22,23,30.9000,-24,45,45.000,103.00,0.00,-11.0,0.00,5.53
HR8530,HR8530,2000,22,23,32.1000,-07,11,40.000,-1.00,7.00,-14.0,0.00,5.93
HR8531,HR8531,2000,22,24,56.4000,-57,47,50.000,143.00,-343.00,8.0,58.00,5.32
HR8532,33Peg,2000,22,23,39.6000,+20,50,54.000,337.00,-15.00,-23.0,37.00,6.04
HR8533,51Aqr,2000,22,24,06.9000,-04,50,13.000,33.00,-4.00,6.0,6.00,5.78
HR8534,50Aqr,2000,22,24,27.1000,-13,31,46.000,53.00,12.00,-21.0,0.00,5.76
HR8535,HR8535,2000,22,23,00.2000,+57,17,04.000,15.00,1.00,-13.0,0.00,6.16
HR8536,HR8536,2000,22,23,54.2000,+38,34,25.000,255.00,119.00,5.0,-5.00,6.22
HR8537,HR8537,2000,22,23,00.2000,+62,25,12.000,-5.00,40.00,-15.0,0.00,6.04
HR8538,beLac,2000,22,23,33.6000,+52,13,45.000,-13.00,-186.00,-10.0,21.00,4.43
HR8539,piAqr,2000,22,25,16.6000,+01,22,39.000,19.00,1.00,4.0,0.00,4.66
HR8540,deTuc,2000,22,27,20.0000,-64,57,59.000,71.00,3.00,12.0,0.00,4.48
HR8541,4Lac,2000,22,24,31.0000,+49,28,35.000,-7.00,-3.00,-26.0,3.00,4.57
HR8542,HR8542,2000,22,26,10.7000,-23,40,57.000,18.00,-2.00,-15.0,0.00,6.29
HR8543,HR8543,2000,22,25,40.7000,+18,26,40.000,28.00,27.00,22.0,0.00,6.26
HR8544,53Aqr,2000,22,26,34.2000,-16,44,29.000,262.00,-13.00,-3.0,57.00,6.57
HR8545,53Aqr,2000,22,26,34.4000,-16,44,33.000,223.00,-3.00,-6.0,57.00,6.35
HR8546,HR8546,2000,22,13,10.6000,+86,06,29.000,52.00,45.00,4.0,6.00,5.27
HR8547,HR8547,2000,22,28,37.7000,-67,29,21.000,149.00,-72.00,-17.0,0.00,5.55
HR8548,34Peg,2000,22,26,37.4000,+04,23,37.000,301.00,48.00,-18.0,41.00,5.75
HR8549,HR8549,2000,22,26,45.7000,+37,26,38.000,13.00,-3.00,-7.0,0.00,6.46
HR8550,HR8550,2000,22,23,41.3000,+78,14,36.000,-8.00,18.00,-18.0,0.00,6.76
HR8551,35Peg,2000,22,27,51.5000,+04,41,44.000,81.00,-308.00,54.0,25.00,4.79
HR8552,nuGru,2000,22,28,39.2000,-39,07,55.000,39.00,-164.00,11.0,15.00,5.47
HR8553,HR8553,2000,22,27,26.5000,+39,48,35.000,1.00,-11.00,-17.0,0.00,6.14
HR8554,HR8554,2000,22,26,59.2000,+56,26,00.000,19.00,0.00,-7.0,0.00,6.57
HR8555,HR8555,2000,22,27,46.2000,+31,50,25.000,45.00,34.00,1.0,0.00,5.98
HR8556,de1Gru,2000,22,29,16.2000,-43,29,44.000,28.00,-5.00,5.0,24.00,3.97
HR8557,HR8557,2000,22,26,00.8000,+70,46,15.000,18.00,6.00,-17.0,0.00,5.47
HR8558,ze1Aqr,2000,22,28,49.7000,-00,01,13.000,181.00,9.00,29.0,22.00,4.59
HR8559,ze2Aqr,2000,22,28,50.1000,-00,01,12.000,209.00,42.00,25.0,22.00,4.42
HR8560,de2Gru,2000,22,29,45.5000,-43,44,58.000,-7.00,0.00,2.0,-5.00,4.11
HR8561,26Cep,2000,22,27,05.3000,+65,07,56.000,1.00,-2.00,-15.0,0.00,5.46
HR8562,36Peg,2000,22,29,08.0000,+09,07,44.000,55.00,-22.00,-30.0,0.00,5.58
HR8563,HR8563,2000,22,29,46.0000,-27,06,26.000,123.00,-12.00,3.0,0.00,5.95
HR8564,HR8564,2000,22,29,10.2000,+26,45,47.000,26.00,-4.00,-45.0,0.00,5.79
HR8565,HR8565,2000,22,30,01.5000,-12,54,54.000,168.00,1.00,-11.0,0.00,6.40
HR8566,37Peg,2000,22,29,58.0000,+04,25,54.000,-23.00,-144.00,1.0,32.00,5.48
HR8567,56Aqr,2000,22,30,17.4000,-14,35,09.000,39.00,-39.00,-27.0,0.00,6.37
HR8568,HR8568,2000,22,28,19.7000,+64,05,08.000,23.00,-13.00,-26.0,0.00,6.29
HR8569,HR8569,2000,22,29,43.9000,+35,43,32.000,-26.00,-37.00,-2.0,0.00,6.56
HR8570,zePsA,2000,22,30,53.7000,-26,04,25.000,34.00,-70.00,-26.0,0.00,6.43
HR8571,deCep,2000,22,29,10.3000,+58,24,55.000,15.00,1.00,-15.0,11.00,3.75
HR8572,5Lac,2000,22,29,31.8000,+47,42,25.000,2.00,0.00,-4.0,6.00,4.36
HR8573,siAqr,2000,22,30,38.8000,-10,40,41.000,3.00,-30.00,11.0,21.00,4.82
HR8574,38Peg,2000,22,30,01.8000,+32,34,21.000,34.00,-14.00,-16.0,0.00,5.65
HR8575,HR8575,2000,22,30,06.5000,+49,21,22.000,-24.00,-43.00,4.0,0.00,6.40
HR8576,bePsA,2000,22,31,30.3000,-32,20,46.000,65.00,-18.00,6.0,21.00,4.29
HR8577,HR8577,2000,22,35,26.4000,-78,46,18.000,46.00,-6.00,-13.0,0.00,6.15
HR8578,rh1Cep,2000,22,26,42.5000,+78,47,09.000,-16.00,-43.00,-6.0,0.00,5.83
HR8579,6Lac,2000,22,30,29.3000,+43,07,24.000,-1.00,-5.00,-8.0,0.00,4.51
HR8580,HR8580,2000,22,31,18.4000,-02,54,40.000,-5.00,-36.00,10.0,0.00,6.16
HR8581,HR8581,2000,22,31,18.4000,-06,33,18.000,173.00,-106.00,-6.0,44.00,6.14
HR8582,nuTuc,2000,22,33,00.1000,-61,58,56.000,39.00,-25.00,-3.0,7.00,4.81
HR8583,58Aqr,2000,22,31,41.3000,-10,54,20.000,75.00,-45.00,4.0,0.00,6.38
HR8584,HR8584,2000,22,31,34.2000,+29,32,34.000,-44.00,-29.00,2.0,0.00,6.35
HR8585,alLac,2000,22,31,17.5000,+50,16,57.000,138.00,19.00,-4.0,40.00,3.77
HR8586,39Peg,2000,22,32,35.5000,+20,13,48.000,163.00,29.00,-19.0,13.00,6.42
HR8587,HR8587,2000,22,32,46.9000,+15,51,48.000,22.00,26.00,-28.0,0.00,6.32
HR8588,HR8588,2000,22,32,26.4000,+39,46,47.000,4.00,-11.00,5.0,0.00,5.88
HR8589,HR8589,2000,22,32,18.8000,+54,02,15.000,35.00,27.00,-14.0,0.00,6.35
HR8590,60Aqr,2000,22,34,02.9000,-01,34,27.000,36.00,-40.00,-8.0,0.00,5.89
HR8591,rh2Cep,2000,22,29,52.9000,+78,49,27.000,1.00,-22.00,1.0,8.00,5.50
HR8592,upAqr,2000,22,34,41.6000,-20,42,30.000,222.00,-145.00,-2.0,46.00,5.20
HR8593,HR8593,2000,22,35,52.9000,-57,53,01.000,77.00,-9.00,5.0,0.00,6.23
HR8594,HR8594,2000,22,33,40.6000,+56,37,30.000,73.00,47.00,-11.0,0.00,5.71
HR8595,HR8595,2000,22,33,02.9000,+69,54,49.000,116.00,68.00,-2.0,2.00,6.60
HR8596,HR8596,2000,22,35,36.5000,-23,59,28.000,39.00,-6.00,-3.0,0.00,5.97
HR8597,etAqr,2000,22,35,21.4000,-00,07,03.000,91.00,-56.00,-8.0,25.00,4.02
HR8598,HR8598,2000,22,33,17.0000,+70,22,26.000,51.00,20.00,-19.0,-3.00,6.34
HR8599,HR8599,2000,22,32,16.2000,+76,13,35.000,-21.00,-11.00,-22.0,0.00,5.68
HR8600,si1Gru,2000,22,36,29.3000,-40,34,58.000,48.00,-70.00,1.0,0.00,6.28
HR8601,HR8601,2000,22,36,35.4000,-31,39,50.000,-42.00,-44.00,13.0,0.00,5.82
HR8602,si2Gru,2000,22,36,58.8000,-40,35,28.000,38.00,-75.00,15.0,0.00,5.86
HR8603,8Lac,2000,22,35,52.3000,+39,38,03.000,5.00,-6.00,-10.0,0.00,5.73
HR8604,HR8604,2000,22,36,07.9000,+35,34,38.000,0.00,-67.00,-16.0,0.00,6.10
HR8605,HR8605,2000,22,36,36.4000,+11,41,49.000,-8.00,18.00,-8.0,0.00,6.40
HR8606,HR8606,2000,22,35,53.4000,+50,04,16.000,6.00,8.00,-15.0,0.00,6.29
HR8607,HR8607,2000,22,35,51.8000,+56,04,12.000,-3.00,-19.00,-2.0,0.00,6.38
HR8608,HR8608,2000,22,37,04.7000,+12,34,38.000,-30.00,-17.00,-19.0,0.00,6.30
HR8609,HR8609,2000,22,36,48.7000,+35,39,09.000,-4.00,0.00,10.0,0.00,6.30
HR8610,kaAqr,2000,22,37,45.4000,-04,13,41.000,-67.00,-120.00,8.0,19.00,5.03
HR8611,HR8611,2000,22,39,08.4000,-52,41,32.000,5.00,-16.00,11.0,0.00,6.65
HR8612,HR8612,2000,22,38,22.2000,-07,53,52.000,76.00,-4.00,-17.0,0.00,6.23
HR8613,9Lac,2000,22,37,22.4000,+51,32,43.000,-54.00,-101.00,12.0,22.00,4.63
HR8614,HR8614,2000,22,38,44.7000,-28,44,52.000,-35.00,1.00,3.0,0.00,6.47
HR8615,31Cep,2000,22,35,46.1000,+73,38,35.000,172.00,23.00,0.0,8.00,5.08
HR8616,HR8616,2000,22,38,51.5000,-33,04,53.000,6.00,14.00,4.0,0.00,5.66
HR8617,HR8617,2000,22,38,17.5000,+45,10,59.000,3.00,0.00,-4.0,0.00,6.40
HR8618,40Peg,2000,22,38,52.6000,+19,31,20.000,-42.00,-99.00,-20.0,10.00,5.82
HR8619,HR8619,2000,22,39,44.0000,-28,19,31.000,76.00,-31.00,-22.0,10.00,6.31
HR8620,HR8620,2000,22,40,48.9000,-57,25,20.000,55.00,-7.00,-32.0,0.00,5.97
HR8621,HR8621,2000,22,38,37.9000,+56,47,45.000,53.00,-29.00,8.0,-13.00,5.21
HR8622,10Lac,2000,22,39,15.7000,+39,03,01.000,1.00,-5.00,-10.0,0.00,4.88
HR8623,HR8623,2000,22,40,22.3000,-30,39,32.000,-103.00,-209.00,79.0,14.00,5.87
HR8624,41Peg,2000,22,39,47.0000,+19,40,52.000,-4.00,-10.00,-11.0,0.00,6.21
HR8625,HR8625,2000,22,37,13.0000,+75,22,18.000,44.00,6.00,-7.0,0.00,5.79
HR8626,HR8626,2000,22,39,34.3000,+37,35,34.000,8.00,-1.00,-7.0,0.00,6.03
HR8627,30Cep,2000,22,38,39.0000,+63,35,04.000,-3.00,-25.00,11.0,8.00,5.19
HR8628,epPsA,2000,22,40,39.4000,-27,02,37.000,30.00,-1.00,3.0,0.00,4.17
HR8629,HR8629,2000,22,40,48.0000,-03,33,15.000,3.00,-42.00,12.0,12.00,6.31
HR8630,beOct,2000,22,46,03.3000,-81,22,54.000,-67.00,-1.00,24.0,0.00,4.15
HR8631,HR8631,2000,22,40,52.7000,+14,32,58.000,268.00,144.00,-10.0,32.00,5.71
HR8632,11Lac,2000,22,40,30.9000,+44,16,35.000,94.00,12.00,-10.0,10.00,4.46
HR8633,HR8633,2000,22,40,18.4000,+53,50,46.000,1.00,-14.00,-6.0,0.00,5.93
HR8634,zePeg,2000,22,41,27.7000,+10,49,53.000,80.00,-13.00,7.0,23.00,3.40
HR8635,HR8635,2000,22,42,36.9000,-47,12,38.000,9.00,-326.00,17.0,67.00,5.98
HR8636,beGru,2000,22,42,40.1000,-46,53,05.000,137.00,-8.00,2.0,8.00,2.10
HR8637,19PsA,2000,22,42,22.1000,-29,21,39.000,28.00,-15.00,-9.0,0.00,6.17
HR8638,HR8638,2000,22,41,31.4000,+30,57,57.000,63.00,0.00,-35.0,0.00,6.34
HR8639,HR8639,2000,22,42,43.1000,-44,14,52.000,42.00,37.00,6.0,0.00,6.07
HR8640,12Lac,2000,22,41,28.6000,+40,13,32.000,-5.00,-1.00,-15.0,0.00,5.25
HR8641,omiPeg,2000,22,41,45.4000,+29,18,27.000,-4.00,-27.00,9.0,24.00,4.79
HR8642,HR8642,2000,22,41,57.4000,+14,30,59.000,92.00,-21.00,-26.0,-10.00,5.90
HR8643,HR8643,2000,22,41,36.1000,+41,32,58.000,148.00,65.00,-14.0,1.00,5.94
HR8644,rhGru,2000,22,43,30.0000,-41,24,52.000,6.00,-95.00,29.0,30.00,4.85
HR8645,HR8645,2000,22,43,03.5000,-08,18,42.000,24.00,-6.00,5.0,4.00,6.45
HR8646,HR8646,2000,22,44,16.5000,-60,29,58.000,4.00,25.00,-6.0,0.00,6.30
HR8647,67Aqr,2000,22,43,14.3000,-06,57,46.000,30.00,-8.00,2.0,0.00,6.41
HR8648,HR8648,2000,22,42,20.8000,+53,54,32.000,-1.00,-6.00,9.0,0.00,6.12
HR8649,66Aqr,2000,22,43,35.3000,-18,49,49.000,-27.00,-28.00,22.0,13.00,4.69
HR8650,etPeg,2000,22,43,00.1000,+30,13,17.000,15.00,-25.00,4.0,17.00,2.94
HR8651,HR8651,2000,22,42,55.5000,+37,48,10.000,11.00,-9.00,-18.0,0.00,6.43
HR8652,HR8652,2000,22,43,04.5000,+47,10,07.000,14.00,-2.00,-17.0,2.00,6.39
HR8653,HR8653,2000,22,43,42.7000,+10,56,21.000,15.00,-168.00,-2.0,0.00,6.51
HR8654,HR8654,2000,22,44,05.2000,+39,27,56.000,7.00,-21.00,-27.0,10.00,5.95
HR8655,etGru,2000,22,45,37.9000,-53,30,01.000,29.00,14.00,28.0,5.00,4.85
HR8656,13Lac,2000,22,44,05.5000,+41,49,09.000,-7.00,4.00,13.0,10.00,5.08
HR8657,HR8657,2000,22,45,40.7000,-46,32,51.000,-31.00,-20.00,42.0,-3.00,5.51
HR8658,HR8658,2000,22,46,08.0000,-48,58,44.000,203.00,-50.00,-19.0,0.00,6.62
HR8659,HR8659,2000,22,46,28.3000,-49,41,09.000,89.00,-277.00,2.0,0.00,6.48
HR8660,45Peg,2000,22,45,28.2000,+19,22,00.000,-26.00,56.00,-22.0,0.00,6.25
HR8661,HR8661,2000,22,44,49.2000,+52,31,02.000,-1.00,12.00,5.0,0.00,6.55
HR8662,HR8662,2000,22,46,43.7000,-46,56,22.000,58.00,4.00,-1.0,0.00,6.56
HR8663,xiOct,2000,22,50,22.9000,-80,07,27.000,17.00,-22.00,16.0,0.00,5.35
HR8664,HR8664,2000,22,49,40.9000,-77,03,02.000,71.00,13.00,-9.0,0.00,6.73
HR8665,xiPeg,2000,22,46,41.6000,+12,10,22.000,235.00,-498.00,-5.0,52.00,4.19
HR8666,HR8666,2000,22,46,10.2000,+44,32,46.000,140.00,32.00,-10.0,19.00,5.76
HR8667,laPeg,2000,22,46,31.9000,+23,33,56.000,58.00,-10.00,-4.0,42.00,3.95
HR8668,HR8668,2000,22,47,19.1000,-34,09,40.000,-66.00,48.00,41.0,0.00,6.28
HR8669,HR8669,2000,22,48,21.4000,-61,41,03.000,69.00,3.00,-18.0,0.00,6.37
HR8670,68Aqr,2000,22,47,33.1000,-19,36,48.000,-101.00,-204.00,23.0,34.00,5.26
HR8671,HR8671,2000,22,47,47.1000,-38,13,19.000,-68.00,-76.00,27.0,0.00,6.71
HR8672,HR8672,2000,22,49,17.4000,-70,20,52.000,5.00,40.00,8.0,0.00,6.34
HR8673,ta1Aqr,2000,22,47,42.8000,-14,03,23.000,32.00,-9.00,15.0,0.00,5.66
HR8674,HR8674,2000,22,47,56.2000,-25,54,43.000,112.00,-114.00,-26.0,0.00,6.30
HR8675,epGru,2000,22,48,33.3000,-51,19,01.000,108.00,-71.00,0.0,44.00,3.49
HR8676,70Aqr,2000,22,48,30.2000,-10,33,20.000,35.00,7.00,-6.0,0.00,6.19
HR8677,HR8677,2000,22,47,23.2000,+58,28,58.000,7.00,1.00,4.0,0.00,6.36
HR8678,HR8678,2000,22,48,10.9000,+37,25,00.000,-55.00,-58.00,-25.0,0.00,5.90
HR8679,ta2Aqr,2000,22,49,35.5000,-13,35,33.000,-12.00,-38.00,1.0,21.00,4.01
HR8680,HR8680,2000,22,49,59.1000,-32,48,19.000,-50.00,-17.00,24.0,15.00,6.33
HR8681,HR8681,2000,22,49,32.3000,+10,28,44.000,91.00,-31.00,-8.0,0.00,6.54
HR8682,HR8682,2000,22,48,47.8000,+54,24,54.000,-18.00,7.00,-19.0,0.00,6.12
HR8683,HR8683,2000,22,48,44.2000,+62,56,18.000,7.00,-52.00,-27.0,0.00,6.06
HR8684,muPeg,2000,22,50,00.2000,+24,36,06.000,147.00,-42.00,14.0,40.00,3.48
HR8685,HR8685,2000,22,51,02.2000,-39,09,25.000,22.00,-11.00,27.0,-1.00,5.42
HR8686,HR8686,2000,22,51,44.9000,-59,52,53.000,-46.00,-9.00,0.0,0.00,6.46
HR8687,HR8687,2000,22,49,00.7000,+68,34,13.000,112.00,68.00,3.0,25.00,6.19
HR8688,HR8688,2000,22,49,46.2000,+55,54,10.000,83.00,43.00,-36.0,0.00,5.43
HR8689,HR8689,2000,22,52,09.9000,-63,11,19.000,16.00,-40.00,-4.0,0.00,6.12
HR8690,14Lac,2000,22,50,21.8000,+41,57,13.000,10.00,0.00,-14.0,0.00,5.92
HR8691,HR8691,2000,22,50,39.1000,+19,08,27.000,50.00,-20.00,-39.0,0.00,6.40
HR8692,HR8692,2000,22,50,10.2000,+50,40,37.000,13.00,4.00,-9.0,0.00,6.21
HR8693,21PsA,2000,22,51,20.9000,-29,32,10.000,-4.00,-11.00,5.0,0.00,5.97
HR8694,ioCep,2000,22,49,40.8000,+66,12,02.000,-65.00,-125.00,-12.0,41.00,3.52
HR8695,gaPsA,2000,22,52,31.6000,-32,52,32.000,-30.00,-25.00,17.0,43.00,4.46
HR8696,HR8696,2000,22,51,22.8000,+61,41,49.000,108.00,44.00,2.0,5.00,5.60
HR8697,siPeg,2000,22,52,24.1000,+09,50,08.000,522.00,44.00,12.0,43.00,5.16
HR8698,laAqr,2000,22,52,36.9000,-07,34,47.000,11.00,37.00,-9.0,17.00,3.74
HR8699,15Lac,2000,22,52,02.0000,+43,18,45.000,110.00,29.00,-17.0,21.00,4.94
HR8700,ta1Gru,2000,22,53,37.9000,-48,35,53.000,216.00,-78.00,-1.0,42.00,6.04
HR8701,rhInd,2000,22,54,39.4000,-70,04,25.000,-50.00,72.00,-3.0,0.00,6.05
HR8702,HR8702,2000,22,47,29.0000,+83,09,14.000,21.00,49.00,-31.0,-18.00,4.74
HR8703,HR8703,2000,22,53,02.3000,+16,50,28.000,-18.00,-24.00,-12.0,0.00,5.64
HR8704,74Aqr,2000,22,53,28.7000,-11,37,00.000,25.00,1.00,-7.0,0.00,5.80
HR8705,HR8705,2000,22,52,52.3000,+50,24,43.000,19.00,-11.00,-11.0,0.00,6.46
HR8706,HR8706,2000,22,53,11.3000,+40,10,02.000,1.00,-9.00,7.0,0.00,6.34
HR8707,HR8707,2000,22,53,03.8000,+60,06,04.000,17.00,2.00,-7.0,0.00,6.01
HR8708,HR8708,2000,22,53,40.1000,+44,44,57.000,-16.00,-13.00,12.0,18.00,5.81
HR8709,deAqr,2000,22,54,39.0000,-15,49,15.000,-40.00,-25.00,18.0,38.00,3.27
HR8710,78Aqr,2000,22,54,34.1000,-07,12,17.000,-12.00,-38.00,9.0,0.00,6.19
HR8711,77Aqr,2000,22,54,45.5000,-16,16,19.000,-222.00,-90.00,-36.0,19.00,5.56
HR8712,HR8712,2000,22,54,07.0000,+40,22,37.000,103.00,36.00,-6.0,0.00,5.81
HR8713,HR8713,2000,22,55,14.9000,-36,23,19.000,46.00,2.00,-26.0,0.00,6.40
HR8714,HR8714,2000,22,54,35.7000,+16,56,30.000,19.00,-8.00,11.0,0.00,6.12
HR8715,1Psc,2000,22,54,59.5000,+01,03,53.000,23.00,1.00,13.0,0.00,6.11
HR8716,HR8716,2000,22,55,11.0000,-04,59,16.000,34.00,-5.00,-9.0,12.00,5.72
HR8717,rhPeg,2000,22,55,13.7000,+08,48,57.000,79.00,14.00,-10.0,6.00,4.90
HR8718,HR8718,2000,22,55,02.6000,+37,04,37.000,86.00,7.00,-28.0,0.00,5.91
HR8719,HR8719,2000,22,55,51.4000,-31,37,59.000,-33.00,-6.00,22.0,0.00,6.10
HR8720,dePsA,2000,22,55,56.9000,-32,32,23.000,18.00,31.00,-12.0,21.00,4.21
HR8721,HR8721,2000,22,56,24.0000,-31,33,56.000,327.00,-162.00,6.0,130.00,6.48
HR8722,ta3Gru,2000,22,56,47.8000,-47,58,09.000,-28.00,-1.00,6.0,0.00,5.70
HR8723,HR8723,2000,22,55,44.5000,+36,21,06.000,22.00,5.00,1.0,0.00,5.74
HR8724,HR8724,2000,22,56,51.5000,+11,50,54.000,63.00,-9.00,8.0,8.00,6.51
HR8725,16Lac,2000,22,56,23.6000,+41,36,14.000,-2.00,0.00,-7.0,0.00,5.59
HR8726,HR8726,2000,22,56,26.0000,+49,44,01.000,3.00,-2.00,-10.0,-1.00,4.95
HR8727,HR8727,2000,22,57,17.2000,-04,48,36.000,-15.00,2.00,-9.0,0.00,6.31
HR8728,alPsA,2000,22,57,39.1000,-29,37,20.000,333.00,-165.00,7.0,149.00,1.16
HR8729,51Peg,2000,22,57,27.9000,+20,46,08.000,204.00,59.00,-31.0,74.00,5.49
HR8730,HR8730,2000,22,57,32.8000,+03,48,37.000,70.00,29.00,11.0,0.00,6.28
HR8731,HR8731,2000,22,57,04.5000,+48,41,03.000,12.00,-9.00,-22.0,0.00,5.43
HR8732,HR8732,2000,22,58,35.0000,-35,31,23.000,-1.00,-111.00,21.0,0.00,6.13
HR8733,HR8733,2000,22,57,40.7000,+39,18,32.000,2.00,-8.00,-16.0,0.00,6.18
HR8734,HR8734,2000,22,58,15.5000,-02,23,43.000,-3.00,-18.00,-12.0,0.00,6.16
HR8735,HR8735,2000,22,58,23.7000,-01,24,37.000,90.00,-7.00,-14.0,0.00,6.37
HR8736,HR8736,2000,22,51,02.2000,+85,22,25.000,3.00,107.00,-30.0,0.00,5.90
HR8737,HR8737,2000,22,58,35.1000,+09,21,25.000,403.00,-141.00,-27.0,35.00,6.43
HR8738,HR8738,2000,22,58,42.6000,+07,20,23.000,-40.00,-80.00,-1.0,0.00,6.33
HR8739,52Peg,2000,22,59,11.8000,+11,43,44.000,33.00,-41.00,20.0,14.00,5.75
HR8740,HR8740,2000,22,59,35.8000,-29,27,44.000,-3.00,9.00,0.0,0.00,5.51
HR8741,HR8741,2000,22,59,35.7000,-13,04,15.000,-10.00,0.00,13.0,0.00,6.07
HR8742,2Psc,2000,22,59,27.4000,+00,57,46.000,86.00,-71.00,-13.0,0.00,5.43
HR8743,HR8743,2000,23,00,05.8000,-25,09,51.000,35.00,-75.00,-35.0,0.00,5.65
HR8744,HR8744,2000,22,59,10.3000,+52,39,16.000,-25.00,33.00,28.0,0.00,6.29
HR8745,HR8745,2000,22,59,09.0000,+59,48,53.000,3.00,5.00,-11.0,0.00,6.43
HR8746,HR8746,2000,23,00,24.6000,-25,37,36.000,86.00,-34.00,-25.0,0.00,6.29
HR8747,zeGru,2000,23,00,52.8000,-52,45,15.000,-67.00,-14.00,-1.0,39.00,4.12
HR8748,HR8748,2000,22,54,24.8000,+84,20,46.000,92.00,26.00,3.0,1.00,4.71
HR8749,HR8749,2000,23,01,07.5000,-50,57,00.000,78.00,-6.00,8.0,0.00,5.68
HR8750,3Psc,2000,23,00,37.9000,+00,11,09.000,44.00,13.00,-16.0,0.00,6.21
HR8751,HR8751,2000,23,00,42.9000,+03,00,42.000,11.00,-86.00,19.0,0.00,5.83
HR8752,HR8752,2000,23,00,05.1000,+56,56,43.000,0.00,-3.00,-58.0,2.00,5.00
HR8753,HR8753,2000,23,00,42.5000,+31,04,59.000,31.00,5.00,1.0,0.00,6.60
HR8754,HR8754,2000,23,01,19.4000,-28,51,13.000,66.00,-10.00,-25.0,0.00,5.55
HR8755,HR8755,2000,23,00,34.4000,+45,22,30.000,10.00,2.00,-4.0,0.00,6.50
HR8756,HR8756,2000,23,01,23.0000,-22,47,27.000,26.00,-27.00,-12.0,0.00,6.28
HR8757,81Aqr,2000,23,01,23.6000,-07,03,40.000,-15.00,-11.00,-2.0,0.00,6.21
HR8758,HR8758,2000,23,00,54.7000,+38,42,29.000,1.00,-5.00,-16.0,0.00,6.54
HR8759,HR8759,2000,23,01,31.7000,-04,42,41.000,19.00,9.00,6.0,0.00,5.94
HR8760,HR8760,2000,23,02,34.0000,-36,25,15.000,31.00,-35.00,0.0,3.00,6.47
HR8761,HR8761,2000,23,01,30.7000,+57,06,20.000,-3.00,-7.00,-6.0,0.00,6.20
HR8762,omiAnd,2000,23,01,55.3000,+42,19,34.000,23.00,-6.00,-14.0,15.00,3.62
HR8763,82Aqr,2000,23,02,32.6000,-06,34,27.000,-4.00,-37.00,-8.0,0.00,6.15
HR8764,HR8764,2000,23,02,44.3000,-20,52,14.000,-58.00,-117.00,26.0,0.00,5.97
HR8765,HR8765,2000,23,02,33.1000,+31,46,50.000,5.00,-16.00,-17.0,0.00,6.57
HR8766,2And,2000,23,02,36.3000,+42,45,28.000,55.00,-4.00,2.0,34.00,5.10
HR8767,piPsA,2000,23,03,29.8000,-34,44,58.000,76.00,80.00,-6.0,52.00,5.11
HR8768,HR8768,2000,23,02,45.2000,+44,03,32.000,1.00,-2.00,-8.0,0.00,6.39
HR8769,HR8769,2000,23,04,52.2000,-68,49,13.000,40.00,63.00,4.0,0.00,5.52
HR8770,HR8770,2000,23,02,43.8000,+55,14,11.000,8.00,12.00,-13.0,0.00,6.50
HR8771,HR8771,2000,23,03,59.5000,-41,28,42.000,6.00,69.00,-15.0,0.00,5.79
HR8772,HR8772,2000,23,03,57.3000,-04,47,43.000,320.00,28.00,-14.0,0.00,6.68
HR8773,bePsc,2000,23,03,52.6000,+03,49,12.000,13.00,-11.00,0.0,0.00,4.53
HR8774,kaGru,2000,23,04,39.6000,-53,57,54.000,55.00,-102.00,18.0,12.00,5.37
HR8775,bePeg,2000,23,03,46.5000,+28,04,58.000,189.00,137.00,9.0,22.00,2.42
HR8776,HR8776,2000,23,04,01.0000,+06,37,00.000,3.00,19.00,4.0,0.00,6.41
HR8777,HR8777,2000,23,03,23.7000,+60,26,43.000,7.00,-6.00,-17.0,0.00,6.74
HR8778,HR8778,2000,23,03,21.6000,+58,33,53.000,67.00,17.00,15.0,0.00,6.43
HR8779,HR8779,2000,23,03,32.9000,+67,12,33.000,26.00,7.00,-7.0,-2.00,5.24
HR8780,3And,2000,23,04,11.0000,+50,03,08.000,164.00,168.00,-35.0,4.00,4.65
HR8781,alPeg,2000,23,04,45.7000,+15,12,19.000,63.00,-42.00,-4.0,38.00,2.49
HR8782,83Aqr,2000,23,05,09.8000,-07,41,37.000,129.00,11.00,-13.0,21.00,5.43
HR8783,HR8783,2000,23,05,12.8000,-17,04,45.000,-48.00,-39.00,-15.0,0.00,6.14
HR8784,HR8784,2000,23,05,06.3000,+16,33,47.000,-185.00,-194.00,-27.0,25.00,6.44
HR8785,HR8785,2000,23,05,17.6000,+01,18,25.000,35.00,-27.00,-12.0,0.00,6.39
HR8786,HR8786,2000,23,08,23.7000,-79,28,51.000,84.00,-38.00,-7.0,0.00,6.12
HR8787,thGru,2000,23,06,52.8000,-43,31,14.000,-39.00,-23.00,10.0,17.00,4.28
HR8788,HR8788,2000,23,06,18.2000,+18,31,03.000,232.00,57.00,-12.0,16.00,6.13
HR8789,86Aqr,2000,23,06,40.9000,-23,44,35.000,66.00,-3.00,15.0,28.00,4.47
HR8790,upGru,2000,23,06,53.6000,-38,53,32.000,40.00,13.00,16.0,0.00,5.61
HR8791,HR8791,2000,23,07,09.5000,-49,36,24.000,17.00,-14.00,22.0,0.00,6.33
HR8792,HR8792,2000,23,06,31.9000,+19,54,39.000,295.00,2.00,-5.0,0.00,6.30
HR8793,HR8793,2000,23,07,14.7000,-50,41,11.000,-44.00,-20.00,4.0,0.00,5.83
HR8794,HR8794,2000,23,08,35.7000,-73,35,11.000,21.00,-11.00,5.0,0.00,6.15
HR8795,55Peg,2000,23,07,00.3000,+09,24,34.000,11.00,-14.00,-5.0,16.00,4.52
HR8796,56Peg,2000,23,07,06.8000,+25,28,06.000,4.00,-31.00,-27.0,6.00,4.76
HR8797,1Cas,2000,23,06,36.9000,+59,25,11.000,9.00,1.00,-9.0,0.00,4.85
HR8798,HR8798,2000,23,07,27.7000,+32,49,33.000,-24.00,8.00,-1.0,11.00,6.02
HR8799,HR8799,2000,23,07,28.7000,+21,08,03.000,108.00,-52.00,-12.0,0.00,5.99
HR8800,HR8800,2000,23,07,18.1000,+46,04,05.000,5.00,-1.00,-15.0,0.00,6.66
HR8801,HR8801,2000,23,07,10.1000,+52,48,59.000,13.00,6.00,5.0,0.00,6.11
HR8802,HR8802,2000,23,08,21.0000,-28,49,24.000,-47.00,-31.00,19.0,0.00,5.60
HR8803,HR8803,2000,23,07,10.4000,+59,43,39.000,5.00,1.00,-5.0,0.00,6.40
HR8804,4And,2000,23,07,39.3000,+46,23,14.000,-9.00,-28.00,-6.0,0.00,5.33
HR8805,5And,2000,23,07,45.4000,+49,17,45.000,154.00,133.00,-2.0,21.00,5.70
HR8806,HR8806,2000,23,08,12.3000,+44,33,42.000,24.00,-5.00,2.0,0.00,6.56
HR8807,5Psc,2000,23,08,40.9000,+02,07,40.000,145.00,108.00,-18.0,0.00,5.40
HR8808,HR8808,2000,23,07,47.7000,+63,38,00.000,2.00,-4.00,-19.0,6.00,6.26
HR8809,HR8809,2000,23,10,11.7000,-66,51,27.000,201.00,38.00,-6.0,0.00,6.47
HR8810,HR8810,2000,23,12,12.0000,-80,54,46.000,9.00,-11.00,11.0,0.00,6.41
HR8811,HR8811,2000,23,07,57.2000,+64,13,21.000,10.00,1.00,-28.0,0.00,6.21
HR8812,88Aqr,2000,23,09,26.8000,-21,10,21.000,55.00,31.00,21.0,10.00,3.66
HR8813,HR8813,2000,23,09,44.6000,-28,05,19.000,22.00,3.00,-14.0,0.00,5.87
HR8814,HR8814,2000,23,09,57.3000,-42,51,38.000,-325.00,-7.00,12.0,42.00,5.81
HR8815,57Peg,2000,23,09,31.5000,+08,40,38.000,4.00,2.00,14.0,7.00,5.12
HR8816,HR8816,2000,23,09,49.6000,-14,30,38.000,31.00,-9.00,15.0,0.00,6.42
HR8817,89Aqr,2000,23,09,54.8000,-22,27,27.000,26.00,-9.00,-5.0,40.00,4.69
HR8818,HR8818,2000,23,10,09.8000,-40,35,30.000,35.00,-46.00,-7.0,0.00,5.83
HR8819,piCep,2000,23,07,53.9000,+75,23,15.000,12.00,-30.00,-19.0,6.00,4.41
HR8820,ioGru,2000,23,10,21.6000,-45,14,48.000,136.00,-30.00,-4.0,30.00,3.90
HR8821,58Peg,2000,23,10,01.5000,+09,49,19.000,-12.00,-12.00,9.0,0.00,5.39
HR8822,2Cas,2000,23,09,44.1000,+59,19,59.000,-3.00,9.00,-12.0,0.00,5.70
HR8823,HR8823,2000,23,10,46.6000,-29,31,30.000,-34.00,-58.00,25.0,0.00,6.51
HR8824,HR8824,2000,23,10,42.6000,+17,35,40.000,21.00,-28.00,2.0,0.00,5.71
HR8825,6And,2000,23,10,27.2000,+43,32,39.000,-191.00,-191.00,-43.0,23.00,5.94
HR8826,59Peg,2000,23,11,44.2000,+08,43,12.000,-6.00,-6.00,10.0,29.00,5.16
HR8827,60Peg,2000,23,11,49.2000,+26,50,50.000,-190.00,-120.00,-10.0,26.00,6.17
HR8828,HR8828,2000,23,13,15.0000,-49,37,08.000,2.00,-18.00,-26.0,0.00,6.80
HR8829,HR8829,2000,23,14,06.6000,-62,42,00.000,473.00,-424.00,-26.0,32.00,6.12
HR8830,7And,2000,23,12,33.0000,+49,24,23.000,92.00,98.00,13.0,51.00,4.52
HR8831,HR8831,2000,23,13,04.0000,+29,26,30.000,-31.00,-33.00,4.0,0.00,6.35
HR8832,HR8832,2000,23,13,17.0000,+57,10,06.000,2075.00,296.00,-18.0,152.00,5.56
HR8833,HR8833,2000,23,13,26.5000,+11,03,54.000,-5.00,-3.00,16.0,0.00,5.82
HR8834,phAqr,2000,23,14,19.4000,-06,02,56.000,42.00,-196.00,-0.0,10.00,4.22
HR8835,HR8835,2000,23,14,58.6000,-41,06,20.000,112.00,-112.00,26.0,0.00,5.77
HR8836,HR8836,2000,23,14,40.2000,-10,41,19.000,-1.00,-34.00,-34.0,0.00,6.12
HR8837,HR8837,2000,23,14,14.3000,+50,37,04.000,38.00,-6.00,-14.0,0.00,6.31
HR8838,HR8838,2000,23,14,21.7000,+29,46,18.000,-7.00,-13.00,9.0,0.00,6.41
HR8839,HR8839,2000,23,14,36.5000,+24,06,11.000,114.00,7.00,-27.0,0.00,6.36
HR8840,HR8840,2000,23,15,34.3000,-03,29,47.000,-7.00,-3.00,11.0,0.00,5.55
HR8841,ps1Aqr,2000,23,15,53.5000,-09,05,16.000,372.00,-16.00,-26.0,49.00,4.21
HR8842,61Peg,2000,23,15,46.3000,+28,14,52.000,20.00,-5.00,4.0,0.00,6.49
HR8843,HR8843,2000,23,16,57.7000,-62,00,04.000,173.00,-26.00,-9.0,0.00,5.66
HR8844,HR8844,2000,23,14,37.3000,+74,13,52.000,48.00,6.00,-3.0,0.00,5.84
HR8845,HR8845,2000,23,15,57.9000,+24,46,16.000,93.00,5.00,5.0,0.00,6.60
HR8846,HR8846,2000,23,16,39.7000,-44,29,21.000,-4.00,-7.00,25.0,0.00,5.92
HR8847,HR8847,2000,23,16,49.8000,-41,11,40.000,-24.00,12.00,13.0,0.00,6.47
HR8848,gaTuc,2000,23,17,25.8000,-58,14,09.000,-29.00,79.00,18.0,43.00,3.99
HR8849,HR8849,2000,23,19,08.1000,-79,28,22.000,13.00,7.00,-3.0,0.00,6.33
HR8850,chAqr,2000,23,16,50.9000,-07,43,36.000,-16.00,-15.00,-15.0,9.00,5.06
HR8851,HR8851,2000,23,15,37.8000,+70,53,17.000,18.00,-5.00,12.0,0.00,5.56
HR8852,gaPsc,2000,23,17,09.9000,+03,16,56.000,762.00,17.00,-14.0,36.00,3.69
HR8853,HR8853,2000,23,16,42.3000,+53,12,49.000,115.00,-233.00,-25.0,36.00,5.54
HR8854,HR8854,2000,23,16,26.8000,+61,57,47.000,-26.00,-2.00,-15.0,0.00,6.53
HR8855,HR8855,2000,23,18,20.0000,-67,28,16.000,21.00,14.00,18.0,0.00,6.13
HR8856,HR8856,2000,23,17,40.0000,-11,42,47.000,39.00,-3.00,3.0,0.00,6.34
HR8857,HR8857,2000,23,17,16.6000,+45,09,51.000,97.00,-65.00,-38.0,0.00,6.43
HR8858,ps2Aqr,2000,23,17,54.2000,-09,10,57.000,21.00,-12.00,-6.0,0.00,4.39
HR8859,phGru,2000,23,18,09.9000,-40,49,28.000,136.00,-128.00,14.0,0.00,5.53
HR8860,8And,2000,23,17,44.7000,+49,00,55.000,37.00,8.00,-8.0,11.00,4.85
HR8861,HR8861,2000,23,17,56.1000,+45,29,20.000,34.00,-17.00,3.0,0.00,6.48
HR8862,taOct,2000,23,28,03.7000,-87,28,56.000,15.00,9.00,31.0,0.00,5.49
HR8863,gaScl,2000,23,18,49.4000,-32,31,55.000,19.00,-70.00,16.0,43.00,4.41
HR8864,9And,2000,23,18,23.4000,+41,46,25.000,-6.00,-12.00,-4.0,0.00,6.02
HR8865,ps3Aqr,2000,23,18,57.7000,-09,36,39.000,47.00,-2.00,-10.0,12.00,4.98
HR8866,94Aqr,2000,23,19,06.7000,-13,27,32.000,298.00,-101.00,10.0,40.00,5.08
HR8867,HR8867,2000,23,17,18.9000,+75,17,57.000,18.00,-2.00,-8.0,0.00,6.38
HR8868,96Aqr,2000,23,19,24.0000,-05,07,28.000,202.00,-20.00,-9.0,0.00,5.55
HR8869,HR8869,2000,23,19,24.1000,-18,04,31.000,4.00,9.00,5.0,0.00,5.93
HR8870,HR8870,2000,23,19,02.4000,+45,08,14.000,58.00,6.00,7.0,0.00,6.50
HR8871,HR8871,2000,23,19,43.2000,-33,42,29.000,47.00,-41.00,23.0,0.00,6.37
HR8872,omiCep,2000,23,18,37.5000,+68,06,42.000,58.00,16.00,-18.0,24.00,4.75
HR8873,HR8873,2000,23,19,27.4000,+34,47,36.000,16.00,-3.00,-1.0,0.00,6.32
HR8874,11And,2000,23,19,29.8000,+48,37,31.000,19.00,56.00,11.0,16.00,5.44
HR8875,HR8875,2000,23,19,41.6000,+48,22,51.000,209.00,32.00,23.0,-1.00,6.32
HR8876,10And,2000,23,19,52.4000,+42,04,41.000,52.00,10.00,3.0,0.00,5.79
HR8877,HR8877,2000,23,20,50.0000,-50,18,24.000,28.00,-77.00,-18.0,0.00,6.05
HR8878,7Psc,2000,23,20,20.6000,+05,22,53.000,82.00,-62.00,38.0,2.00,5.05
HR8879,HR8879,2000,23,20,40.9000,-05,54,29.000,-101.00,-57.00,-2.0,0.00,6.17
HR8880,taPeg,2000,23,20,38.2000,+23,44,25.000,33.00,-8.00,16.0,37.00,4.60
HR8881,HR8881,2000,23,20,14.3000,+61,58,12.000,3.00,-13.00,-35.0,0.00,6.45
HR8882,63Peg,2000,23,20,49.6000,+30,24,54.000,81.00,-69.00,-19.0,0.00,5.59
HR8883,HR8883,2000,23,21,15.5000,-26,59,12.000,-13.00,-12.00,13.0,0.00,5.64
HR8884,HR8884,2000,23,20,44.0000,+44,06,59.000,-16.00,-27.00,-2.0,0.00,6.13
HR8885,12And,2000,23,20,53.3000,+38,10,56.000,130.00,-63.00,-9.0,0.00,5.77
HR8886,HR8886,2000,23,20,34.6000,+62,12,47.000,3.00,-5.00,-23.0,0.00,6.39
HR8887,64Peg,2000,23,21,54.9000,+31,48,45.000,5.00,-10.00,2.0,1.00,5.32
HR8888,HR8888,2000,23,21,58.2000,+26,36,32.000,-98.00,-74.00,10.0,0.00,6.62
HR8889,HR8889,2000,23,22,56.9000,-60,03,21.000,90.00,-9.00,-28.0,0.00,6.09
HR8890,97Aqr,2000,23,22,39.2000,-15,02,21.000,112.00,19.00,-12.0,22.00,5.20
HR8891,65Peg,2000,23,22,40.5000,+20,49,43.000,19.00,-12.00,-14.0,0.00,6.29
HR8892,98Aqr,2000,23,22,58.2000,-20,06,02.000,-120.00,-96.00,-7.0,36.00,3.97
HR8893,66Peg,2000,23,23,04.6000,+12,18,50.000,27.00,-17.00,-4.0,-1.00,5.08
HR8894,HR8894,2000,23,22,32.5000,+60,08,01.000,9.00,-1.00,-12.0,0.00,5.56
HR8895,HR8895,2000,23,23,54.3000,-53,48,30.000,59.00,-27.00,7.0,0.00,6.15
HR8896,HR8896,2000,23,23,45.4000,-43,07,28.000,15.00,10.00,1.0,0.00,6.10
HR8897,HR8897,2000,23,23,31.9000,+00,17,29.000,68.00,10.00,9.0,0.00,6.31
HR8898,HR8898,2000,23,24,13.1000,-51,53,29.000,5.00,-41.00,-5.0,0.00,5.75
HR8899,HR8899,2000,23,23,47.5000,+32,31,53.000,232.00,40.00,10.0,12.00,6.69
HR8900,HR8900,2000,23,24,07.8000,-18,41,15.000,149.00,71.00,-19.0,0.00,6.19
HR8901,HR8901,2000,23,25,19.4000,-56,50,57.000,80.00,-24.00,-19.0,0.00,5.59
HR8902,HR8902,2000,23,24,35.0000,+41,06,46.000,15.00,-9.00,-3.0,0.00,6.72
HR8903,67Peg,2000,23,24,50.8000,+32,23,06.000,17.00,2.00,18.0,4.00,5.57
HR8904,4Cas,2000,23,24,50.3000,+62,16,58.000,11.00,-13.00,-37.0,7.00,4.98
HR8905,upPeg,2000,23,25,22.8000,+23,24,15.000,193.00,37.00,-11.0,36.00,4.40
HR8906,99Aqr,2000,23,26,02.8000,-20,38,31.000,-52.00,-58.00,16.0,7.00,4.39
HR8907,omiGru,2000,23,26,36.6000,-52,43,18.000,38.00,123.00,18.0,0.00,5.52
HR8908,HR8908,2000,23,27,07.2000,-66,34,52.000,-42.00,-23.00,12.0,0.00,6.45
HR8909,HR8909,2000,23,27,15.0000,-58,28,34.000,51.00,62.00,-11.0,0.00,5.63
HR8910,HR8910,2000,23,27,09.1000,-50,09,26.000,32.00,6.00,-1.0,0.00,6.20
HR8911,kaPsc,2000,23,26,56.0000,+01,15,20.000,89.00,-97.00,-3.0,40.00,4.94
HR8912,9Psc,2000,23,27,14.8000,+01,07,21.000,44.00,-35.00,-7.0,0.00,6.25
HR8913,13And,2000,23,27,07.4000,+42,54,43.000,91.00,15.00,-9.0,0.00,5.75
HR8914,HR8914,2000,23,28,00.7000,-35,32,40.000,7.00,1.00,13.0,0.00,6.32
HR8915,69Peg,2000,23,27,40.4000,+25,10,02.000,26.00,-41.00,-16.0,0.00,5.98
HR8916,thPsc,2000,23,27,58.1000,+06,22,44.000,-121.00,-45.00,6.0,16.00,4.28
HR8917,HR8917,2000,23,28,05.2000,-11,26,59.000,102.00,-23.00,-83.0,0.00,6.37
HR8918,HR8918,2000,23,27,16.6000,+70,21,35.000,119.00,-6.00,-3.0,23.00,5.60
HR8919,HR8919,2000,23,29,01.0000,-63,06,39.000,37.00,-17.00,15.0,0.00,5.68
HR8920,HR8920,2000,23,29,00.8000,-44,29,52.000,37.00,-11.00,-20.0,0.00,6.43
HR8921,HR8921,2000,23,29,00.6000,-09,15,58.000,-50.00,-26.00,8.0,0.00,6.18
HR8922,HR8922,2000,23,29,05.6000,+23,02,52.000,-39.00,-94.00,20.0,0.00,6.35
HR8923,70Peg,2000,23,29,09.3000,+12,45,38.000,64.00,27.00,-15.0,16.00,4.55
HR8924,HR8924,2000,23,29,32.1000,-04,31,58.000,183.00,-232.00,-25.0,19.00,6.25
HR8925,HR8925,2000,23,30,07.4000,+49,07,59.000,33.00,2.00,6.0,0.00,6.17
HR8926,HR8926,2000,23,30,02.0000,+58,32,56.000,20.00,5.00,-13.0,6.00,4.91
HR8927,HR8927,2000,23,30,39.7000,+38,39,43.000,42.00,11.00,-9.0,0.00,6.05
HR8928,HR8928,2000,23,31,01.1000,-06,17,18.000,-13.00,-36.00,13.0,0.00,6.39
HR8929,HR8929,2000,23,31,27.0000,-44,50,37.000,48.00,-25.00,8.0,0.00,6.02
HR8930,14And,2000,23,31,17.4000,+39,14,11.000,289.00,-80.00,-59.0,15.00,5.22
HR8931,HR8931,2000,23,31,31.5000,-04,05,14.000,175.00,-190.00,-11.0,41.00,6.49
HR8932,100Aqr,2000,23,31,42.1000,-21,22,10.000,9.00,5.00,-8.0,0.00,6.29
HR8933,HR8933,2000,23,31,43.1000,+28,24,13.000,-25.00,-8.00,-6.0,0.00,6.41
HR8934,13Psc,2000,23,31,57.6000,-01,05,09.000,12.00,17.00,-23.0,0.00,6.38
HR8935,HR8935,2000,23,33,19.5000,-77,23,07.000,10.00,0.00,26.0,0.00,5.81
HR8936,HR8936,2000,23,32,24.6000,+34,57,09.000,-7.00,-6.00,12.0,0.00,6.65
HR8937,beScl,2000,23,32,58.3000,-37,49,06.000,87.00,21.00,2.0,0.00,4.37
HR8938,HR8938,2000,23,27,00.8000,+87,18,27.000,75.00,18.00,-11.0,0.00,5.58
HR8939,101Aqr,2000,23,33,16.6000,-20,54,52.000,-7.00,13.00,15.0,-0.00,4.71
HR8940,71Peg,2000,23,33,28.1000,+22,29,56.000,10.00,-17.00,3.0,0.00,5.32
HR8941,HR8941,2000,23,33,42.7000,+45,03,29.000,-29.00,10.00,7.0,0.00,6.24
HR8942,HR8942,2000,23,33,55.5000,+20,50,27.000,-4.00,-22.00,5.0,0.00,6.06
HR8943,72Peg,2000,23,33,57.2000,+31,19,31.000,52.00,-16.00,-24.0,18.00,4.98
HR8944,14Psc,2000,23,34,09.0000,-01,14,51.000,108.00,-13.00,-3.0,0.00,5.87
HR8945,HR8945,2000,23,35,12.7000,-64,41,22.000,15.00,4.00,0.0,0.00,7.40
HR8946,HR8946,2000,23,34,49.4000,-15,14,45.000,51.00,-79.00,-37.0,0.00,5.96
HR8947,15And,2000,23,34,37.5000,+40,14,11.000,-17.00,-46.00,13.0,14.00,5.59
HR8948,73Peg,2000,23,34,38.2000,+33,29,50.000,1.00,19.00,-3.0,0.00,5.63
HR8949,ioPhe,2000,23,35,04.6000,-42,36,54.000,46.00,-1.00,19.0,5.00,4.71
HR8950,HR8950,2000,23,34,46.7000,+38,01,26.000,8.00,9.00,-12.0,0.00,6.18
HR8951,HR8951,2000,23,35,32.1000,-07,27,52.000,1.00,16.00,5.0,0.00,6.39
HR8952,HR8952,2000,23,34,59.0000,+71,38,32.000,-4.00,0.00,-3.0,0.00,5.84
HR8953,HR8953,2000,23,35,55.9000,+24,33,40.000,4.00,9.00,-12.0,0.00,6.45
HR8954,16Psc,2000,23,36,23.3000,+02,06,08.000,-103.00,61.00,39.0,0.00,5.68
HR8955,HR8955,2000,23,36,30.5000,+32,54,15.000,-8.00,0.00,-1.0,0.00,6.35
HR8956,HR8956,2000,23,37,05.4000,-31,52,15.000,48.00,2.00,-23.0,3.00,6.52
HR8957,HR8957,2000,23,38,24.1000,-76,52,12.000,82.00,-32.00,2.0,0.00,6.00
HR8958,HR8958,2000,23,37,39.6000,-13,03,37.000,37.00,24.00,-13.0,0.00,5.65
HR8959,HR8959,2000,23,37,51.0000,-45,29,33.000,73.00,-14.00,10.0,16.00,4.74
HR8960,74Peg,2000,23,37,39.8000,+16,49,32.000,134.00,0.00,-26.0,0.00,6.26
HR8961,laAnd,2000,23,37,33.9000,+46,27,29.000,162.00,-421.00,7.0,50.00,3.82
HR8962,HR8962,2000,23,37,32.0000,+44,25,45.000,15.00,-10.00,-11.0,4.00,5.80
HR8963,75Peg,2000,23,37,56.8000,+18,24,02.000,50.00,17.00,-16.0,0.00,5.53
HR8964,HR8964,2000,23,37,58.6000,+46,11,59.000,370.00,-3.00,-1.0,32.00,6.58
HR8965,ioAnd,2000,23,38,08.2000,+43,16,05.000,29.00,-1.00,-1.0,11.00,4.29
HR8966,thPhe,2000,23,39,28.0000,-46,38,16.000,28.00,33.00,14.0,8.00,6.09
HR8967,18And,2000,23,39,08.3000,+50,28,18.000,-17.00,-2.00,9.0,0.00,5.30
HR8968,ome1Aqr,2000,23,39,47.1000,-14,13,18.000,57.00,-38.00,-2.0,16.00,5.00
HR8969,ioPsc,2000,23,39,57.0000,+05,37,35.000,378.00,-438.00,5.0,75.00,4.13
HR8970,HR8970,2000,23,39,55.1000,+09,40,38.000,99.00,-11.00,0.0,0.00,5.97
HR8971,HR8971,2000,23,39,10.4000,+75,17,34.000,12.00,11.00,3.0,0.00,5.95
HR8972,HR8972,2000,23,39,21.1000,+74,00,10.000,-12.00,4.00,9.0,0.00,5.98
HR8973,HR8973,2000,23,40,02.8000,+37,39,09.000,-13.00,-84.00,-16.0,0.00,6.53
HR8974,gaCep,2000,23,39,20.8000,+77,37,57.000,-67.00,151.00,-42.0,64.00,3.21
HR8975,muScl,2000,23,40,38.2000,-32,04,23.000,-89.00,-55.00,14.0,27.00,5.31
HR8976,kaAnd,2000,23,40,24.5000,+44,20,02.000,83.00,-19.00,-9.0,18.00,4.14
HR8977,HR8977,2000,23,40,40.6000,+36,43,15.000,236.00,20.00,-0.0,0.00,6.23
HR8978,HR8978,2000,23,41,07.0000,-24,09,37.000,6.00,-10.00,18.0,0.00,6.60
HR8979,HR8979,2000,23,41,08.9000,-11,40,50.000,70.00,9.00,-11.0,0.00,5.89
HR8980,103Aqr,2000,23,41,34.5000,-18,01,38.000,-39.00,-71.00,25.0,0.00,5.34
HR8981,HR8981,2000,23,41,26.9000,+49,30,44.000,2.00,-21.00,-6.0,0.00,6.26
HR8982,104Aqr,2000,23,41,45.8000,-17,48,59.000,15.00,4.00,3.0,-9.00,4.82
HR8983,HR8983,2000,23,41,56.7000,+07,15,02.000,-24.00,-42.00,1.0,0.00,5.89
HR8984,laPsc,2000,23,42,02.8000,+01,46,48.000,-129.00,-155.00,12.0,28.00,4.50
HR8985,HR8985,2000,23,41,54.5000,+57,15,36.000,5.00,-2.00,-12.0,0.00,6.24
HR8986,HR8986,2000,23,42,14.8000,+44,59,31.000,-11.00,-10.00,-10.0,0.00,6.57
HR8987,HR8987,2000,23,42,27.9000,-15,26,52.000,25.00,-8.00,7.0,15.00,5.28
HR8988,ome2Aqr,2000,23,42,43.3000,-14,32,42.000,101.00,-66.00,3.0,41.00,4.49
HR8989,HR8989,2000,23,42,20.8000,+64,30,56.000,3.00,-2.00,-3.0,0.00,6.56
HR8990,HR8990,2000,23,42,31.5000,+61,40,46.000,43.00,-21.00,-16.0,0.00,6.40
HR8991,77Peg,2000,23,43,22.4000,+10,19,53.000,8.00,7.00,-34.0,10.00,5.06
HR8992,HR8992,2000,23,43,49.5000,-15,17,04.000,32.00,-25.00,-22.0,0.00,6.36
HR8993,HR8993,2000,23,44,01.4000,-45,05,00.000,338.00,-6.00,-31.0,19.00,6.09
HR8994,HR8994,2000,23,44,25.4000,-70,29,25.000,243.00,62.00,20.0,14.00,6.07
HR8995,HR8995,2000,23,44,40.7000,-78,47,29.000,48.00,4.00,21.0,0.00,5.75
HR8996,HR8996,2000,23,44,12.0000,-64,24,16.000,11.00,31.00,-13.0,7.00,5.72
HR8997,78Peg,2000,23,43,59.5000,+29,21,42.000,71.00,-37.00,-7.0,18.00,4.93
HR8998,106Aqr,2000,23,44,12.1000,-18,16,37.000,29.00,-3.00,14.0,0.00,5.24
HR8999,HR8999,2000,23,44,28.9000,-26,14,47.000,-70.00,-15.00,16.0,0.00,6.17
HR9000,HR9000,2000,23,44,48.3000,+55,47,59.000,20.00,-5.00,9.0,8.00,6.51
HR9001,HR9001,2000,23,46,01.2000,-40,10,57.000,97.00,-36.00,4.0,0.00,6.31
HR9002,107Aqr,2000,23,46,00.9000,-18,40,41.000,134.00,30.00,-2.0,12.00,5.29
HR9003,psAnd,2000,23,46,02.1000,+46,25,13.000,11.00,-5.00,-25.0,1.00,4.95
HR9004,19Psc,2000,23,46,23.5000,+03,29,12.000,-30.00,-25.00,11.0,-4.00,5.04
HR9005,HR9005,2000,23,46,36.7000,+66,46,56.000,4.00,1.00,-14.0,0.00,5.95
HR9006,siPhe,2000,23,47,16.0000,-50,13,36.000,11.00,-29.00,11.0,0.00,5.18
HR9007,HR9007,2000,23,47,23.3000,-68,23,39.000,45.00,-43.00,-2.0,0.00,6.89
HR9008,taCas,2000,23,47,03.5000,+58,39,07.000,61.00,57.00,-21.0,14.00,4.87
HR9009,HR9009,2000,23,47,15.9000,-11,54,39.000,-49.00,-86.00,11.0,0.00,5.73
HR9010,HR9010,2000,23,47,01.9000,+57,27,05.000,2.00,-3.00,-6.0,0.00,5.51
HR9011,HR9011,2000,23,47,33.2000,+46,49,57.000,13.00,-3.00,-24.0,2.00,6.07
HR9012,20Psc,2000,23,47,56.5000,-02,45,42.000,96.00,5.00,-7.0,0.00,5.49
HR9013,HR9013,2000,23,47,54.8000,+67,48,25.000,14.00,-1.00,10.0,15.00,5.04
HR9014,HR9014,2000,23,48,32.5000,-06,22,50.000,3.00,-19.00,-21.0,0.00,6.07
HR9015,HR9015,2000,23,48,49.3000,+02,12,51.000,7.00,-42.00,-25.0,0.00,6.46
HR9016,deScl,2000,23,48,55.6000,-28,07,49.000,105.00,-106.00,14.0,39.00,4.57
HR9017,HR9017,2000,23,48,39.0000,+64,52,35.000,13.00,-20.00,-3.0,9.00,6.41
HR9018,6Cas,2000,23,48,50.2000,+62,12,52.000,-5.00,-1.00,-46.0,1.00,5.43
HR9019,HR9019,2000,23,48,53.9000,+59,58,44.000,48.00,7.00,-16.0,0.00,6.34
HR9020,HR9020,2000,23,49,12.0000,+58,57,47.000,38.00,-14.00,30.0,0.00,6.33
HR9021,HR9021,2000,23,49,31.6000,-15,51,40.000,49.00,-22.00,-64.0,0.00,6.24
HR9022,21Psc,2000,23,49,27.5000,+01,04,34.000,-2.00,-30.00,5.0,0.00,5.77
HR9023,HR9023,2000,23,49,44.7000,-62,50,22.000,31.00,-35.00,11.0,0.00,6.59
HR9024,HR9024,2000,23,49,41.0000,+36,25,31.000,1.00,-48.00,1.0,0.00,5.90
HR9025,79Peg,2000,23,49,39.4000,+28,50,33.000,61.00,24.00,-4.0,0.00,5.97
HR9026,HR9026,2000,23,49,49.6000,-25,19,53.000,-21.00,-24.00,16.0,0.00,6.42
HR9027,HR9027,2000,23,50,14.7000,-09,58,27.000,140.00,76.00,-18.0,0.00,5.94
HR9028,HR9028,2000,23,50,22.3000,+51,37,18.000,123.00,-15.00,-21.0,0.00,6.44
HR9029,HR9029,2000,23,50,33.3000,-14,24,07.000,37.00,-33.00,-58.0,0.00,5.72
HR9030,80Peg,2000,23,51,21.2000,+09,18,48.000,-16.00,-63.00,-9.0,0.00,5.79
HR9031,108Aqr,2000,23,51,21.3000,-18,54,32.000,21.00,0.00,13.0,23.00,5.18
HR9032,ga1Oct,2000,23,52,06.4000,-82,01,08.000,-55.00,-19.00,15.0,0.00,5.11
HR9033,22Psc,2000,23,51,57.9000,+02,55,49.000,20.00,-15.00,0.0,0.00,5.55
HR9034,HR9034,2000,23,51,57.6000,+77,35,58.000,264.00,-92.00,1.0,42.00,6.55
HR9035,HR9035,2000,23,52,23.4000,+21,40,15.000,-49.00,-15.00,-5.0,0.00,6.11
HR9036,phPeg,2000,23,52,29.3000,+19,07,13.000,-5.00,-36.00,-8.0,11.00,5.08
HR9037,HR9037,2000,23,52,30.0000,-14,15,04.000,-101.00,0.00,2.0,0.00,5.87
HR9038,HR9038,2000,23,52,25.1000,+75,32,41.000,314.00,49.00,1.0,97.00,6.39
HR9039,82Peg,2000,23,52,37.1000,+10,56,51.000,-29.00,1.00,-3.0,18.00,5.30
HR9040,HR9040,2000,23,52,50.5000,-08,59,48.000,64.00,-21.00,-18.0,0.00,5.75
HR9041,24Psc,2000,23,52,55.6000,-03,09,20.000,75.00,-46.00,-6.0,0.00,5.93
HR9042,25Psc,2000,23,53,04.8000,+02,05,26.000,22.00,-12.00,5.0,0.00,6.28
HR9043,HR9043,2000,23,53,20.8000,-24,13,45.000,47.00,-11.00,-3.0,0.00,6.24
HR9044,HR9044,2000,23,54,21.4000,-27,02,32.000,20.00,25.00,17.0,6.00,6.35
HR9045,rhCas,2000,23,54,23.0000,+57,29,58.000,-2.00,-2.00,-43.0,23.00,4.54
HR9046,HR9046,2000,23,54,38.6000,-40,18,00.000,368.00,28.00,-10.0,29.00,6.03
HR9047,HR9047,2000,23,54,46.6000,+00,06,33.000,-40.00,-18.00,-2.0,0.00,5.61
HR9048,26Psc,2000,23,55,07.8000,+07,04,16.000,21.00,-19.00,17.0,0.00,6.21
HR9049,HR9049,2000,23,55,16.6000,-31,55,18.000,22.00,-3.00,-12.0,0.00,6.10
HR9050,HR9050,2000,23,55,16.6000,-31,53,03.000,3.00,8.00,1.0,0.00,6.83
HR9051,HR9051,2000,23,55,23.0000,+25,57,18.000,-3.00,-8.00,-15.0,0.00,6.54
HR9052,HR9052,2000,23,55,33.7000,+57,24,44.000,-8.00,-3.00,-26.0,29.00,6.00
HR9053,HR9053,2000,23,55,33.6000,+47,21,21.000,0.00,-5.00,-17.0,0.00,6.00
HR9054,HR9054,2000,23,56,29.9000,-24,44,14.000,3.00,10.00,-35.0,0.00,6.31
HR9055,HR9055,2000,23,56,41.5000,+22,38,53.000,-22.00,-5.00,1.0,0.00,6.15
HR9056,HR9056,2000,23,56,27.7000,+83,11,28.000,47.00,7.00,-13.0,0.00,6.59
HR9057,HR9057,2000,23,57,03.6000,+42,39,30.000,8.00,-1.00,-7.0,0.00,5.97
HR9058,HR9058,2000,23,57,08.3000,-26,37,25.000,71.00,17.00,-12.0,0.00,6.26
HR9059,HR9059,2000,23,57,08.5000,+55,42,21.000,-19.00,-11.00,13.0,0.00,5.55
HR9060,HR9060,2000,23,57,19.9000,-62,57,23.000,82.00,18.00,-13.0,0.00,5.97
HR9061,ga2Oct,2000,23,57,32.7000,-82,10,12.000,-35.00,-26.00,27.0,0.00,5.73
HR9062,etTuc,2000,23,57,35.2000,-64,17,54.000,86.00,-68.00,33.0,36.00,5.00
HR9063,HR9063,2000,23,57,33.5000,+60,01,25.000,12.00,-2.00,-8.0,0.00,6.47
HR9064,psPeg,2000,23,57,45.5000,+25,08,29.000,-34.00,-33.00,-4.0,5.00,4.66
HR9065,1Cet,2000,23,58,21.2000,-15,50,51.000,86.00,-6.00,4.0,0.00,6.26
HR9066,HR9066,2000,23,58,24.8000,+51,23,19.000,80.00,9.00,21.0,0.00,4.80
HR9067,27Psc,2000,23,58,40.4000,-03,33,22.000,-51.00,-72.00,-0.0,29.00,4.86
HR9068,HR9068,2000,23,58,49.2000,+32,22,54.000,3.00,-7.00,-6.0,0.00,6.52
HR9069,piPhe,2000,23,58,55.8000,-52,44,45.000,55.00,61.00,-14.0,16.00,5.13
HR9070,HR9070,2000,23,58,46.5000,+46,24,47.000,22.00,-5.00,-1.0,0.00,6.54
HR9071,siCas,2000,23,59,00.5000,+55,45,18.000,9.00,-4.00,-13.0,6.00,4.88
HR9072,omePsc,2000,23,59,18.7000,+06,51,48.000,153.00,-115.00,2.0,18.00,4.01
HR9073,HR9073,2000,23,59,27.9000,-29,29,06.000,-1.00,-1.00,-5.0,0.00,5.62
HR9074,HR9074,2000,23,59,29.2000,+33,43,28.000,-60.00,-80.00,-8.0,51.00,6.58
HR9075,HR9075,2000,23,59,29.2000,+33,43,28.000,-60.00,-80.00,-5.0,51.00,6.58
HR9076,epTuc,2000,23,59,55.0000,-65,34,38.000,48.00,-24.00,11.0,0.00,4.50
HR9077,HR9077,2000,00,00,19.2000,-44,17,26.000,80.00,-111.00,3.0,0.00,6.29
HR9078,HR9078,2000,00,00,23.9000,+26,55,06.000,44.00,-52.00,0.0,0.00,6.46
HR9079,HR9079,2000,00,00,30.9000,+59,33,35.000,-77.00,-24.00,-33.0,0.00,6.19
HR9080,HR9080,2000,00,00,43.7000,+45,15,12.000,27.00,5.00,-3.0,0.00,6.38
HR9081,taPhe,2000,00,01,04.5000,-48,48,36.000,-22.00,-9.00,8.0,0.00,5.71
HR9082,HR9082,2000,00,01,20.0000,-50,20,14.000,2.00,13.00,2.0,8.00,5.53
HR9083,HR9083,2000,00,01,19.3000,+49,58,54.000,18.00,-6.00,-20.0,0.00,6.22
HR9084,thOct,2000,00,01,35.7000,-77,03,57.000,-63.00,-177.00,24.0,17.00,4.78
HR9085,HR9085,2000,00,01,36.9000,+61,13,23.000,-6.00,5.00,-23.0,0.00,5.55
HR9086,HR9086,2000,00,01,43.8000,+42,22,02.000,5.00,-3.00,-11.0,0.00,6.25
HR9087,29Psc,2000,00,01,49.4000,-03,01,39.000,16.00,-9.00,23.0,0.00,5.10
HR9088,85Peg,2000,00,02,10.2000,+27,04,55.000,841.00,-991.00,-36.0,83.00,5.75
HR9089,30Psc,2000,00,01,57.6000,-06,00,51.000,51.00,-41.00,-12.0,6.00,4.41
HR9090,HR9090,2000,00,02,07.3000,-14,40,34.000,-10.00,-19.00,13.0,0.00,7.10
HR9091,zeScl,2000,00,02,19.9000,-29,43,13.000,19.00,16.00,0.0,0.00,5.01
HR9092,31Psc,2000,00,02,24.2000,+08,57,25.000,5.00,-3.00,11.0,0.00,6.32
HR9093,32Psc,2000,00,02,29.7000,+08,29,08.000,-92.00,-47.00,10.0,0.00,5.63
HR9094,HR9094,2000,00,02,36.1000,+66,05,56.000,10.00,-1.00,-18.0,10.00,5.86
HR9095,HR9095,2000,00,02,57.6000,-20,02,46.000,110.00,71.00,-4.0,0.00,6.25
HR9096,HR9096,2000,00,03,07.7000,-24,08,43.000,39.00,0.00,25.0,0.00,6.44
HR9097,HR9097,2000,00,03,25.7000,+63,38,31.000,-8.00,57.00,-43.0,0.00,6.24
HR9098,2Cet,2000,00,03,44.4000,-17,20,10.000,26.00,-9.00,-5.0,7.00,4.55
HR9099,HR9099,2000,00,03,51.9000,+66,42,44.000,21.00,-8.00,15.0,0.00,6.29
HR9100,9Cas,2000,00,04,13.6000,+62,17,16.000,-4.00,6.00,-18.0,0.00,5.88
HR9101,HR9101,2000,00,04,19.7000,-16,31,44.000,39.00,-59.00,-27.0,0.00,5.78
HR9102,HR9102,2000,00,04,20.3000,-29,16,07.000,30.00,14.00,28.0,0.00,6.40
HR9103,3Cet,2000,00,04,30.1000,-10,30,34.000,-5.00,-11.00,-42.0,16.00,4.94
HR9104,HR9104,2000,00,04,42.0000,+67,10,00.000,92.00,30.00,-27.0,13.00,5.67
HR9105,HR9105,2000,00,04,36.7000,+42,05,32.000,5.00,-22.00,-8.0,0.00,6.01
HR9106,HR9106,2000,00,04,30.7000,-72,53,52.000,10.00,-54.00,8.0,0.00,7.31
HR9107,HR9107,2000,00,04,53.8000,+34,39,35.000,772.00,89.00,4.0,35.00,6.12
HR9108,HR9108,2000,00,04,41.3000,-71,26,13.000,28.00,-14.00,-3.0,0.00,5.59
HR9109,HR9109,2000,00,04,56.0000,+26,38,56.000,110.00,-12.00,-5.0,0.00,6.25
HR9110,HR9110,2000,00,05,06.2000,+61,18,51.000,15.00,5.00,14.0,0.00,5.80
